ISO-10303-21;
HEADER;
/* Generated by software containing ST-Developer
 * from STEP Tools, Inc. (www.steptools.com) 
 */
/* OPTION: using custom renumber hook */

FILE_DESCRIPTION(
/* description */ ('STEP AP242 Edition 2',
'CAx-IF Rec.Pracs.---Representation and Presentation of Product Manufa
cturing Information (PMI)---4.0---2014-10-13',
'CAx-IF Rec.Pracs.---3D Tessellated Geometry---0.4---2014-09-14','2;1',
'CAx-IF Rec.Pracs.---User Defined Attributes---1.5---2016-08-15'),
/* implementation_level */ '2;1');

FILE_NAME(
/* name */ 'Part Studio 1 - Part 1',
/* time_stamp */ '2026-07-08T16:17:12Z',
/* author */ (''),
/* organization */ (''),
/* preprocessor_version */ 'ST-DEVELOPER v20',
/* originating_system */ 'ONSHAPE BY PTC INC, 1.217',
/* authorisation */ '  ');

FILE_SCHEMA (('AP242_MANAGED_MODEL_BASED_3D_ENGINEERING_MIM_LF { 1 0 10303 442 3 1 4 }'));
ENDSEC;

DATA;
#10=SHAPE_REPRESENTATION_RELATIONSHIP('','',#434,#11);
#11=ADVANCED_BREP_SHAPE_REPRESENTATION('',(#432),#3132);
#12=ELLIPSE('',#455,0.00424264068711928,0.003);
#13=ELLIPSE('',#456,0.00424264068711928,0.003);
#14=ELLIPSE('',#458,0.00424264068711928,0.003);
#15=ELLIPSE('',#460,0.00424264068711928,0.003);
#16=CYLINDRICAL_SURFACE('',#445,0.003);
#17=CYLINDRICAL_SURFACE('',#447,0.003);
#18=CYLINDRICAL_SURFACE('',#449,0.003);
#19=CYLINDRICAL_SURFACE('',#453,0.003);
#20=CYLINDRICAL_SURFACE('',#454,0.003);
#21=CYLINDRICAL_SURFACE('',#457,0.003);
#22=CYLINDRICAL_SURFACE('',#459,0.003);
#23=CYLINDRICAL_SURFACE('',#461,0.003);
#24=(
BOUNDED_CURVE()
B_SPLINE_CURVE(2,(#781,#782,#783,#784,#785,#786,#787,#788,#789,#790,#791,
#792,#793,#794,#795,#796,#797,#798,#799,#800,#801,#802,#803,#804,#805,#806,
#807,#808,#809,#810,#811,#812,#813,#814,#815,#816,#817,#818,#819,#820,#821,
#822,#823,#824,#825,#826,#827,#828,#829,#830,#831,#832,#833,#834,#835,#836,
#837,#838,#839,#840,#841,#842,#843,#844,#845,#846,#847,#848,#849,#850,#851,
#852,#853,#854,#855,#856,#857,#858,#859,#860,#861,#862,#863,#864,#865,#866,
#867,#868,#869,#870,#871,#872,#873,#874,#875,#876,#877),.UNSPECIFIED.,.F.,
 .F.)
B_SPLINE_CURVE_WITH_KNOTS((3,2,2,2,2,2,2,2,2,2,2,2,2,2,2,2,2,2,2,2,2,2,
2,2,2,2,2,2,2,2,2,2,2,2,2,2,2,2,2,2,2,2,2,2,2,2,2,2,3),(0.,0.0208333333333333,
0.0416666666666667,0.0625,0.0833333333333333,0.104166666666667,0.125,0.145833333333333,
0.166666666666667,0.1875,0.208333333333334,0.229166666666666,0.25,0.270833333333334,
0.291666666666667,0.3125,0.333333333333334,0.354166666666667,0.375,0.395833333333334,
0.416666666666667,0.4375,0.458333333333333,0.479166666666667,0.5,0.520833333333333,
0.541666666666667,0.5625,0.583333333333333,0.604166666666667,0.625,0.645833333333333,
0.666666666666667,0.6875,0.708333333333333,0.729166666666667,0.75,0.770833333333333,
0.791666666666667,0.8125,0.833333333333333,0.854166666666667,0.875,0.895833333333333,
0.916666666666667,0.9375,0.958333333333333,0.979166666666667,1.),
 .UNSPECIFIED.)
CURVE()
GEOMETRIC_REPRESENTATION_ITEM()
RATIONAL_B_SPLINE_CURVE((1.,0.866025403784439,1.,0.866025403784439,1.,0.866025403784439,
1.,0.866025403784439,1.,0.866025403784439,1.,0.866025403784439,1.,0.866025403784439,
1.,0.866025403784439,1.,0.866025403784439,1.,0.866025403784439,1.,0.866025403784439,
1.,0.866025403784439,1.,0.866025403784439,1.,0.866025403784439,1.,0.866025403784439,
1.,0.866025403784439,1.,0.866025403784439,1.,0.866025403784439,1.,0.866025403784439,
1.,0.866025403784439,1.,0.866025403784439,1.,0.866025403784439,1.,0.866025403784439,
1.,0.866025403784439,1.,0.866025403784439,1.,0.866025403784439,1.,0.866025403784439,
1.,0.866025403784439,1.,0.866025403784439,1.,0.866025403784439,1.,0.866025403784439,
1.,0.866025403784439,1.,0.866025403784439,1.,0.866025403784439,1.,0.866025403784439,
1.,0.866025403784439,1.,0.866025403784439,1.,0.866025403784439,1.,0.866025403784439,
1.,0.866025403784439,1.,0.866025403784439,1.,0.866025403784439,1.,0.866025403784439,
1.,0.866025403784439,1.,0.866025403784439,1.,0.866025403784439,1.,0.866025403784439,
1.,0.866025403784439,1.))
REPRESENTATION_ITEM('')
);
#25=(
BOUNDED_CURVE()
B_SPLINE_CURVE(2,(#879,#880,#881,#882,#883,#884,#885,#886,#887,#888,#889,
#890,#891,#892,#893,#894,#895,#896,#897,#898,#899,#900,#901,#902,#903,#904,
#905,#906,#907,#908,#909,#910,#911,#912,#913,#914,#915,#916,#917,#918,#919,
#920,#921,#922,#923,#924,#925,#926,#927,#928,#929,#930,#931,#932,#933,#934,
#935,#936,#937,#938,#939,#940,#941,#942,#943,#944,#945,#946,#947,#948,#949,
#950,#951,#952,#953,#954,#955,#956,#957,#958,#959,#960,#961,#962,#963,#964,
#965,#966,#967,#968,#969,#970,#971,#972,#973,#974,#975),.UNSPECIFIED.,.F.,
 .F.)
B_SPLINE_CURVE_WITH_KNOTS((3,2,2,2,2,2,2,2,2,2,2,2,2,2,2,2,2,2,2,2,2,2,
2,2,2,2,2,2,2,2,2,2,2,2,2,2,2,2,2,2,2,2,2,2,2,2,2,2,3),(0.,0.0208333333333333,
0.0416666666666667,0.0625,0.0833333333333333,0.104166666666667,0.125,0.145833333333333,
0.166666666666667,0.1875,0.208333333333334,0.229166666666666,0.25,0.270833333333334,
0.291666666666667,0.3125,0.333333333333334,0.354166666666667,0.375,0.395833333333334,
0.416666666666667,0.4375,0.458333333333333,0.479166666666667,0.5,0.520833333333333,
0.541666666666667,0.5625,0.583333333333333,0.604166666666667,0.625,0.645833333333333,
0.666666666666667,0.6875,0.708333333333333,0.729166666666667,0.75,0.770833333333333,
0.791666666666667,0.8125,0.833333333333333,0.854166666666667,0.875,0.895833333333333,
0.916666666666667,0.9375,0.958333333333333,0.979166666666667,1.),
 .UNSPECIFIED.)
CURVE()
GEOMETRIC_REPRESENTATION_ITEM()
RATIONAL_B_SPLINE_CURVE((1.,0.866025403784439,1.,0.866025403784439,1.,0.866025403784439,
1.,0.866025403784439,1.,0.866025403784439,1.,0.866025403784439,1.,0.866025403784439,
1.,0.866025403784439,1.,0.866025403784439,1.,0.866025403784439,1.,0.866025403784439,
1.,0.866025403784439,1.,0.866025403784439,1.,0.866025403784439,1.,0.866025403784439,
1.,0.866025403784439,1.,0.866025403784439,1.,0.866025403784439,1.,0.866025403784439,
1.,0.866025403784439,1.,0.866025403784439,1.,0.866025403784439,1.,0.866025403784439,
1.,0.866025403784439,1.,0.866025403784439,1.,0.866025403784439,1.,0.866025403784439,
1.,0.866025403784439,1.,0.866025403784439,1.,0.866025403784439,1.,0.866025403784439,
1.,0.866025403784439,1.,0.866025403784439,1.,0.866025403784439,1.,0.866025403784439,
1.,0.866025403784439,1.,0.866025403784439,1.,0.866025403784439,1.,0.866025403784439,
1.,0.866025403784439,1.,0.866025403784439,1.,0.866025403784439,1.,0.866025403784439,
1.,0.866025403784439,1.,0.866025403784439,1.,0.866025403784439,1.,0.866025403784439,
1.,0.866025403784439,1.))
REPRESENTATION_ITEM('')
);
#26=(
BOUNDED_CURVE()
B_SPLINE_CURVE(2,(#1128,#1129,#1130,#1131,#1132,#1133,#1134,#1135,#1136,
#1137,#1138,#1139,#1140,#1141,#1142,#1143,#1144,#1145,#1146,#1147,#1148,
#1149,#1150,#1151,#1152,#1153,#1154,#1155,#1156,#1157,#1158,#1159,#1160,
#1161,#1162,#1163,#1164,#1165,#1166,#1167,#1168,#1169,#1170,#1171,#1172,
#1173,#1174,#1175,#1176,#1177,#1178,#1179,#1180,#1181,#1182,#1183,#1184,
#1185,#1186,#1187,#1188,#1189,#1190,#1191,#1192,#1193,#1194,#1195,#1196,
#1197,#1198,#1199,#1200,#1201,#1202,#1203,#1204,#1205,#1206,#1207,#1208,
#1209,#1210,#1211,#1212,#1213,#1214,#1215,#1216,#1217,#1218,#1219,#1220,
#1221,#1222,#1223,#1224),.UNSPECIFIED.,.F.,.F.)
B_SPLINE_CURVE_WITH_KNOTS((3,2,2,2,2,2,2,2,2,2,2,2,2,2,2,2,2,2,2,2,2,2,
2,2,2,2,2,2,2,2,2,2,2,2,2,2,2,2,2,2,2,2,2,2,2,2,2,2,3),(0.,0.0208333333333333,
0.0416666666666667,0.0625,0.0833333333333333,0.104166666666667,0.125,0.145833333333333,
0.166666666666667,0.1875,0.208333333333334,0.229166666666666,0.25,0.270833333333334,
0.291666666666667,0.3125,0.333333333333334,0.354166666666667,0.375,0.395833333333334,
0.416666666666667,0.4375,0.458333333333333,0.479166666666667,0.5,0.520833333333333,
0.541666666666667,0.5625,0.583333333333333,0.604166666666667,0.625,0.645833333333333,
0.666666666666667,0.6875,0.708333333333333,0.729166666666667,0.75,0.770833333333333,
0.791666666666667,0.8125,0.833333333333333,0.854166666666667,0.875,0.895833333333333,
0.916666666666667,0.9375,0.958333333333333,0.979166666666667,1.),
 .UNSPECIFIED.)
CURVE()
GEOMETRIC_REPRESENTATION_ITEM()
RATIONAL_B_SPLINE_CURVE((1.,0.866025403784439,1.,0.866025403784439,1.,0.866025403784439,
1.,0.866025403784439,1.,0.866025403784439,1.,0.866025403784439,1.,0.866025403784439,
1.,0.866025403784439,1.,0.866025403784439,1.,0.866025403784439,1.,0.866025403784439,
1.,0.866025403784439,1.,0.866025403784439,1.,0.866025403784439,1.,0.866025403784439,
1.,0.866025403784439,1.,0.866025403784439,1.,0.866025403784439,1.,0.866025403784439,
1.,0.866025403784439,1.,0.866025403784439,1.,0.866025403784439,1.,0.866025403784439,
1.,0.866025403784439,1.,0.866025403784439,1.,0.866025403784439,1.,0.866025403784439,
1.,0.866025403784439,1.,0.866025403784439,1.,0.866025403784439,1.,0.866025403784439,
1.,0.866025403784439,1.,0.866025403784439,1.,0.866025403784439,1.,0.866025403784439,
1.,0.866025403784439,1.,0.866025403784439,1.,0.866025403784439,1.,0.866025403784439,
1.,0.866025403784439,1.,0.866025403784439,1.,0.866025403784439,1.,0.866025403784439,
1.,0.866025403784439,1.,0.866025403784439,1.,0.866025403784439,1.,0.866025403784439,
1.,0.866025403784439,1.))
REPRESENTATION_ITEM('')
);
#27=(
BOUNDED_CURVE()
B_SPLINE_CURVE(2,(#1379,#1380,#1381,#1382,#1383,#1384,#1385,#1386,#1387,
#1388,#1389,#1390,#1391,#1392,#1393,#1394,#1395,#1396,#1397,#1398,#1399,
#1400,#1401,#1402,#1403,#1404,#1405,#1406,#1407,#1408,#1409,#1410,#1411,
#1412,#1413,#1414,#1415,#1416,#1417,#1418,#1419,#1420,#1421,#1422,#1423,
#1424,#1425,#1426,#1427,#1428,#1429,#1430,#1431,#1432,#1433,#1434,#1435,
#1436,#1437,#1438,#1439,#1440,#1441,#1442,#1443,#1444,#1445,#1446,#1447,
#1448,#1449,#1450,#1451,#1452,#1453,#1454,#1455,#1456,#1457,#1458,#1459,
#1460,#1461,#1462,#1463,#1464,#1465,#1466,#1467,#1468,#1469,#1470,#1471,
#1472,#1473,#1474,#1475),.UNSPECIFIED.,.F.,.F.)
B_SPLINE_CURVE_WITH_KNOTS((3,2,2,2,2,2,2,2,2,2,2,2,2,2,2,2,2,2,2,2,2,2,
2,2,2,2,2,2,2,2,2,2,2,2,2,2,2,2,2,2,2,2,2,2,2,2,2,2,3),(0.,0.0208333333333333,
0.0416666666666667,0.0625,0.0833333333333333,0.104166666666667,0.125,0.145833333333333,
0.166666666666667,0.1875,0.208333333333334,0.229166666666666,0.25,0.270833333333334,
0.291666666666667,0.3125,0.333333333333334,0.354166666666667,0.375,0.395833333333334,
0.416666666666667,0.4375,0.458333333333333,0.479166666666667,0.5,0.520833333333333,
0.541666666666667,0.5625,0.583333333333333,0.604166666666667,0.625,0.645833333333333,
0.666666666666667,0.6875,0.708333333333333,0.729166666666667,0.75,0.770833333333333,
0.791666666666667,0.8125,0.833333333333333,0.854166666666667,0.875,0.895833333333333,
0.916666666666667,0.9375,0.958333333333333,0.979166666666667,1.),
 .UNSPECIFIED.)
CURVE()
GEOMETRIC_REPRESENTATION_ITEM()
RATIONAL_B_SPLINE_CURVE((1.,0.866025403784439,1.,0.866025403784439,1.,0.866025403784439,
1.,0.866025403784439,1.,0.866025403784439,1.,0.866025403784439,1.,0.866025403784439,
1.,0.866025403784439,1.,0.866025403784439,1.,0.866025403784439,1.,0.866025403784439,
1.,0.866025403784439,1.,0.866025403784439,1.,0.866025403784439,1.,0.866025403784439,
1.,0.866025403784439,1.,0.866025403784439,1.,0.866025403784439,1.,0.866025403784439,
1.,0.866025403784439,1.,0.866025403784439,1.,0.866025403784439,1.,0.866025403784439,
1.,0.866025403784439,1.,0.866025403784439,1.,0.866025403784439,1.,0.866025403784439,
1.,0.866025403784439,1.,0.866025403784439,1.,0.866025403784439,1.,0.866025403784439,
1.,0.866025403784439,1.,0.866025403784439,1.,0.866025403784439,1.,0.866025403784439,
1.,0.866025403784439,1.,0.866025403784439,1.,0.866025403784439,1.,0.866025403784439,
1.,0.866025403784439,1.,0.866025403784439,1.,0.866025403784439,1.,0.866025403784439,
1.,0.866025403784439,1.,0.866025403784439,1.,0.866025403784439,1.,0.866025403784439,
1.,0.866025403784439,1.))
REPRESENTATION_ITEM('')
);
#28=(
BOUNDED_CURVE()
B_SPLINE_CURVE(2,(#1477,#1478,#1479,#1480,#1481,#1482,#1483,#1484,#1485,
#1486,#1487,#1488,#1489,#1490,#1491,#1492,#1493,#1494,#1495,#1496,#1497,
#1498,#1499,#1500,#1501,#1502,#1503,#1504,#1505,#1506,#1507,#1508,#1509,
#1510,#1511,#1512,#1513,#1514,#1515,#1516,#1517,#1518,#1519,#1520,#1521,
#1522,#1523,#1524,#1525,#1526,#1527,#1528,#1529,#1530,#1531,#1532,#1533,
#1534,#1535,#1536,#1537,#1538,#1539,#1540,#1541,#1542,#1543,#1544,#1545,
#1546,#1547,#1548,#1549,#1550,#1551,#1552,#1553,#1554,#1555,#1556,#1557,
#1558,#1559,#1560,#1561,#1562,#1563,#1564,#1565,#1566,#1567,#1568,#1569,
#1570,#1571,#1572,#1573),.UNSPECIFIED.,.F.,.F.)
B_SPLINE_CURVE_WITH_KNOTS((3,2,2,2,2,2,2,2,2,2,2,2,2,2,2,2,2,2,2,2,2,2,
2,2,2,2,2,2,2,2,2,2,2,2,2,2,2,2,2,2,2,2,2,2,2,2,2,2,3),(0.,0.0208333333333333,
0.0416666666666667,0.0625,0.0833333333333333,0.104166666666667,0.125,0.145833333333333,
0.166666666666667,0.1875,0.208333333333334,0.229166666666666,0.25,0.270833333333334,
0.291666666666667,0.3125,0.333333333333334,0.354166666666667,0.375,0.395833333333334,
0.416666666666667,0.4375,0.458333333333333,0.479166666666667,0.5,0.520833333333333,
0.541666666666667,0.5625,0.583333333333333,0.604166666666667,0.625,0.645833333333333,
0.666666666666667,0.6875,0.708333333333333,0.729166666666667,0.75,0.770833333333333,
0.791666666666667,0.8125,0.833333333333333,0.854166666666667,0.875,0.895833333333333,
0.916666666666667,0.9375,0.958333333333333,0.979166666666667,1.),
 .UNSPECIFIED.)
CURVE()
GEOMETRIC_REPRESENTATION_ITEM()
RATIONAL_B_SPLINE_CURVE((1.,0.866025403784439,1.,0.866025403784439,1.,0.866025403784439,
1.,0.866025403784439,1.,0.866025403784439,1.,0.866025403784439,1.,0.866025403784439,
1.,0.866025403784439,1.,0.866025403784439,1.,0.866025403784439,1.,0.866025403784439,
1.,0.866025403784439,1.,0.866025403784439,1.,0.866025403784439,1.,0.866025403784439,
1.,0.866025403784439,1.,0.866025403784439,1.,0.866025403784439,1.,0.866025403784439,
1.,0.866025403784439,1.,0.866025403784439,1.,0.866025403784439,1.,0.866025403784439,
1.,0.866025403784439,1.,0.866025403784439,1.,0.866025403784439,1.,0.866025403784439,
1.,0.866025403784439,1.,0.866025403784439,1.,0.866025403784439,1.,0.866025403784439,
1.,0.866025403784439,1.,0.866025403784439,1.,0.866025403784439,1.,0.866025403784439,
1.,0.866025403784439,1.,0.866025403784439,1.,0.866025403784439,1.,0.866025403784439,
1.,0.866025403784439,1.,0.866025403784439,1.,0.866025403784439,1.,0.866025403784439,
1.,0.866025403784439,1.,0.866025403784439,1.,0.866025403784439,1.,0.866025403784439,
1.,0.866025403784439,1.))
REPRESENTATION_ITEM('')
);
#29=(
BOUNDED_CURVE()
B_SPLINE_CURVE(2,(#1726,#1727,#1728,#1729,#1730,#1731,#1732,#1733,#1734,
#1735,#1736,#1737,#1738,#1739,#1740,#1741,#1742,#1743,#1744,#1745,#1746,
#1747,#1748,#1749,#1750,#1751,#1752,#1753,#1754,#1755,#1756,#1757,#1758,
#1759,#1760,#1761,#1762,#1763,#1764,#1765,#1766,#1767,#1768,#1769,#1770,
#1771,#1772,#1773,#1774,#1775,#1776,#1777,#1778,#1779,#1780,#1781,#1782,
#1783,#1784,#1785,#1786,#1787,#1788,#1789,#1790,#1791,#1792,#1793,#1794,
#1795,#1796,#1797,#1798,#1799,#1800,#1801,#1802,#1803,#1804,#1805,#1806,
#1807,#1808,#1809,#1810,#1811,#1812,#1813,#1814,#1815,#1816,#1817,#1818,
#1819,#1820,#1821,#1822),.UNSPECIFIED.,.F.,.F.)
B_SPLINE_CURVE_WITH_KNOTS((3,2,2,2,2,2,2,2,2,2,2,2,2,2,2,2,2,2,2,2,2,2,
2,2,2,2,2,2,2,2,2,2,2,2,2,2,2,2,2,2,2,2,2,2,2,2,2,2,3),(0.,0.0208333333333333,
0.0416666666666667,0.0625,0.0833333333333333,0.104166666666667,0.125,0.145833333333333,
0.166666666666667,0.1875,0.208333333333334,0.229166666666666,0.25,0.270833333333334,
0.291666666666667,0.3125,0.333333333333334,0.354166666666667,0.375,0.395833333333334,
0.416666666666667,0.4375,0.458333333333333,0.479166666666667,0.5,0.520833333333333,
0.541666666666667,0.5625,0.583333333333333,0.604166666666667,0.625,0.645833333333333,
0.666666666666667,0.6875,0.708333333333333,0.729166666666667,0.75,0.770833333333333,
0.791666666666667,0.8125,0.833333333333333,0.854166666666667,0.875,0.895833333333333,
0.916666666666667,0.9375,0.958333333333333,0.979166666666667,1.),
 .UNSPECIFIED.)
CURVE()
GEOMETRIC_REPRESENTATION_ITEM()
RATIONAL_B_SPLINE_CURVE((1.,0.866025403784439,1.,0.866025403784439,1.,0.866025403784439,
1.,0.866025403784439,1.,0.866025403784439,1.,0.866025403784439,1.,0.866025403784439,
1.,0.866025403784439,1.,0.866025403784439,1.,0.866025403784439,1.,0.866025403784439,
1.,0.866025403784439,1.,0.866025403784439,1.,0.866025403784439,1.,0.866025403784439,
1.,0.866025403784439,1.,0.866025403784439,1.,0.866025403784439,1.,0.866025403784439,
1.,0.866025403784439,1.,0.866025403784439,1.,0.866025403784439,1.,0.866025403784439,
1.,0.866025403784439,1.,0.866025403784439,1.,0.866025403784439,1.,0.866025403784439,
1.,0.866025403784439,1.,0.866025403784439,1.,0.866025403784439,1.,0.866025403784439,
1.,0.866025403784439,1.,0.866025403784439,1.,0.866025403784439,1.,0.866025403784439,
1.,0.866025403784439,1.,0.866025403784439,1.,0.866025403784439,1.,0.866025403784439,
1.,0.866025403784439,1.,0.866025403784439,1.,0.866025403784439,1.,0.866025403784439,
1.,0.866025403784439,1.,0.866025403784439,1.,0.866025403784439,1.,0.866025403784439,
1.,0.866025403784439,1.))
REPRESENTATION_ITEM('')
);
#30=(
BOUNDED_CURVE()
B_SPLINE_CURVE(2,(#2050,#2051,#2052,#2053,#2054,#2055,#2056,#2057,#2058,
#2059,#2060,#2061,#2062,#2063,#2064,#2065,#2066,#2067,#2068,#2069,#2070,
#2071,#2072,#2073,#2074,#2075,#2076,#2077,#2078,#2079,#2080,#2081,#2082,
#2083,#2084,#2085,#2086,#2087,#2088,#2089,#2090,#2091,#2092,#2093,#2094,
#2095,#2096,#2097,#2098,#2099,#2100,#2101,#2102,#2103,#2104,#2105,#2106,
#2107,#2108,#2109,#2110,#2111,#2112,#2113,#2114,#2115,#2116,#2117,#2118,
#2119,#2120,#2121,#2122,#2123,#2124,#2125,#2126,#2127,#2128,#2129,#2130,
#2131,#2132,#2133,#2134,#2135,#2136,#2137,#2138,#2139,#2140,#2141,#2142,
#2143,#2144,#2145,#2146),.UNSPECIFIED.,.F.,.F.)
B_SPLINE_CURVE_WITH_KNOTS((3,2,2,2,2,2,2,2,2,2,2,2,2,2,2,2,2,2,2,2,2,2,
2,2,2,2,2,2,2,2,2,2,2,2,2,2,2,2,2,2,2,2,2,2,2,2,2,2,3),(0.,0.0208333333333333,
0.0416666666666667,0.0625,0.0833333333333333,0.104166666666667,0.125,0.145833333333333,
0.166666666666667,0.1875,0.208333333333334,0.229166666666666,0.25,0.270833333333334,
0.291666666666667,0.3125,0.333333333333334,0.354166666666667,0.375,0.395833333333334,
0.416666666666667,0.4375,0.458333333333333,0.479166666666667,0.5,0.520833333333333,
0.541666666666667,0.5625,0.583333333333333,0.604166666666667,0.625,0.645833333333333,
0.666666666666667,0.6875,0.708333333333333,0.729166666666667,0.75,0.770833333333333,
0.791666666666667,0.8125,0.833333333333333,0.854166666666667,0.875,0.895833333333333,
0.916666666666667,0.9375,0.958333333333333,0.979166666666667,1.),
 .UNSPECIFIED.)
CURVE()
GEOMETRIC_REPRESENTATION_ITEM()
RATIONAL_B_SPLINE_CURVE((1.,0.866025403784439,1.,0.866025403784439,1.,0.866025403784439,
1.,0.866025403784439,1.,0.866025403784439,1.,0.866025403784439,1.,0.866025403784439,
1.,0.866025403784439,1.,0.866025403784439,1.,0.866025403784439,1.,0.866025403784439,
1.,0.866025403784439,1.,0.866025403784439,1.,0.866025403784439,1.,0.866025403784439,
1.,0.866025403784439,1.,0.866025403784439,1.,0.866025403784439,1.,0.866025403784439,
1.,0.866025403784439,1.,0.866025403784439,1.,0.866025403784439,1.,0.866025403784439,
1.,0.866025403784439,1.,0.866025403784439,1.,0.866025403784439,1.,0.866025403784439,
1.,0.866025403784439,1.,0.866025403784439,1.,0.866025403784439,1.,0.866025403784439,
1.,0.866025403784439,1.,0.866025403784439,1.,0.866025403784439,1.,0.866025403784439,
1.,0.866025403784439,1.,0.866025403784439,1.,0.866025403784439,1.,0.866025403784439,
1.,0.866025403784439,1.,0.866025403784439,1.,0.866025403784439,1.,0.866025403784439,
1.,0.866025403784439,1.,0.866025403784439,1.,0.866025403784439,1.,0.866025403784439,
1.,0.866025403784439,1.))
REPRESENTATION_ITEM('')
);
#31=(
BOUNDED_CURVE()
B_SPLINE_CURVE(2,(#2367,#2368,#2369,#2370,#2371,#2372,#2373,#2374,#2375,
#2376,#2377,#2378,#2379,#2380,#2381,#2382,#2383,#2384,#2385,#2386,#2387,
#2388,#2389,#2390,#2391,#2392,#2393,#2394,#2395,#2396,#2397,#2398,#2399,
#2400,#2401,#2402,#2403,#2404,#2405,#2406,#2407,#2408,#2409,#2410,#2411,
#2412,#2413,#2414,#2415,#2416,#2417,#2418,#2419,#2420,#2421,#2422,#2423,
#2424,#2425,#2426,#2427,#2428,#2429,#2430,#2431,#2432,#2433,#2434,#2435,
#2436,#2437,#2438,#2439,#2440,#2441,#2442,#2443,#2444,#2445,#2446,#2447,
#2448,#2449,#2450,#2451,#2452,#2453,#2454,#2455,#2456,#2457,#2458,#2459,
#2460,#2461,#2462,#2463),.UNSPECIFIED.,.F.,.F.)
B_SPLINE_CURVE_WITH_KNOTS((3,2,2,2,2,2,2,2,2,2,2,2,2,2,2,2,2,2,2,2,2,2,
2,2,2,2,2,2,2,2,2,2,2,2,2,2,2,2,2,2,2,2,2,2,2,2,2,2,3),(0.,0.0208333333333333,
0.0416666666666667,0.0625,0.0833333333333333,0.104166666666667,0.125,0.145833333333333,
0.166666666666667,0.1875,0.208333333333334,0.229166666666666,0.25,0.270833333333334,
0.291666666666667,0.3125,0.333333333333334,0.354166666666667,0.375,0.395833333333334,
0.416666666666667,0.4375,0.458333333333333,0.479166666666667,0.5,0.520833333333333,
0.541666666666667,0.5625,0.583333333333333,0.604166666666667,0.625,0.645833333333333,
0.666666666666667,0.6875,0.708333333333333,0.729166666666667,0.75,0.770833333333333,
0.791666666666667,0.8125,0.833333333333333,0.854166666666667,0.875,0.895833333333333,
0.916666666666667,0.9375,0.958333333333333,0.979166666666667,1.),
 .UNSPECIFIED.)
CURVE()
GEOMETRIC_REPRESENTATION_ITEM()
RATIONAL_B_SPLINE_CURVE((1.,0.866025403784439,1.,0.866025403784439,1.,0.866025403784439,
1.,0.866025403784439,1.,0.866025403784439,1.,0.866025403784439,1.,0.866025403784439,
1.,0.866025403784439,1.,0.866025403784439,1.,0.866025403784439,1.,0.866025403784439,
1.,0.866025403784439,1.,0.866025403784439,1.,0.866025403784439,1.,0.866025403784439,
1.,0.866025403784439,1.,0.866025403784439,1.,0.866025403784439,1.,0.866025403784439,
1.,0.866025403784439,1.,0.866025403784439,1.,0.866025403784439,1.,0.866025403784439,
1.,0.866025403784439,1.,0.866025403784439,1.,0.866025403784439,1.,0.866025403784439,
1.,0.866025403784439,1.,0.866025403784439,1.,0.866025403784439,1.,0.866025403784439,
1.,0.866025403784439,1.,0.866025403784439,1.,0.866025403784439,1.,0.866025403784439,
1.,0.866025403784439,1.,0.866025403784439,1.,0.866025403784439,1.,0.866025403784439,
1.,0.866025403784439,1.,0.866025403784439,1.,0.866025403784439,1.,0.866025403784439,
1.,0.866025403784439,1.,0.866025403784439,1.,0.866025403784439,1.,0.866025403784439,
1.,0.866025403784439,1.))
REPRESENTATION_ITEM('')
);
#32=(
BOUNDED_CURVE()
B_SPLINE_CURVE(2,(#2641,#2642,#2643,#2644,#2645,#2646,#2647,#2648,#2649,
#2650,#2651,#2652,#2653,#2654,#2655,#2656,#2657,#2658,#2659,#2660,#2661,
#2662,#2663,#2664,#2665,#2666,#2667,#2668,#2669,#2670,#2671,#2672,#2673,
#2674,#2675,#2676,#2677,#2678,#2679,#2680,#2681,#2682,#2683,#2684,#2685,
#2686,#2687,#2688,#2689,#2690,#2691,#2692,#2693,#2694,#2695,#2696,#2697,
#2698,#2699,#2700,#2701,#2702,#2703,#2704,#2705,#2706,#2707,#2708,#2709,
#2710,#2711,#2712,#2713,#2714,#2715,#2716,#2717,#2718,#2719,#2720,#2721,
#2722,#2723,#2724,#2725,#2726,#2727,#2728,#2729,#2730,#2731,#2732,#2733,
#2734,#2735,#2736,#2737),.UNSPECIFIED.,.F.,.F.)
B_SPLINE_CURVE_WITH_KNOTS((3,2,2,2,2,2,2,2,2,2,2,2,2,2,2,2,2,2,2,2,2,2,
2,2,2,2,2,2,2,2,2,2,2,2,2,2,2,2,2,2,2,2,2,2,2,2,2,2,3),(0.,0.0208333333333333,
0.0416666666666667,0.0625,0.0833333333333333,0.104166666666667,0.125,0.145833333333333,
0.166666666666667,0.1875,0.208333333333334,0.229166666666666,0.25,0.270833333333334,
0.291666666666667,0.3125,0.333333333333334,0.354166666666667,0.375,0.395833333333334,
0.416666666666667,0.4375,0.458333333333333,0.479166666666667,0.5,0.520833333333333,
0.541666666666667,0.5625,0.583333333333333,0.604166666666667,0.625,0.645833333333333,
0.666666666666667,0.6875,0.708333333333333,0.729166666666667,0.75,0.770833333333333,
0.791666666666667,0.8125,0.833333333333333,0.854166666666667,0.875,0.895833333333333,
0.916666666666667,0.9375,0.958333333333333,0.979166666666667,1.),
 .UNSPECIFIED.)
CURVE()
GEOMETRIC_REPRESENTATION_ITEM()
RATIONAL_B_SPLINE_CURVE((1.,0.866025403784439,1.,0.866025403784439,1.,0.866025403784439,
1.,0.866025403784439,1.,0.866025403784439,1.,0.866025403784439,1.,0.866025403784439,
1.,0.866025403784439,1.,0.866025403784439,1.,0.866025403784439,1.,0.866025403784439,
1.,0.866025403784439,1.,0.866025403784439,1.,0.866025403784439,1.,0.866025403784439,
1.,0.866025403784439,1.,0.866025403784439,1.,0.866025403784439,1.,0.866025403784439,
1.,0.866025403784439,1.,0.866025403784439,1.,0.866025403784439,1.,0.866025403784439,
1.,0.866025403784439,1.,0.866025403784439,1.,0.866025403784439,1.,0.866025403784439,
1.,0.866025403784439,1.,0.866025403784439,1.,0.866025403784439,1.,0.866025403784439,
1.,0.866025403784439,1.,0.866025403784439,1.,0.866025403784439,1.,0.866025403784439,
1.,0.866025403784439,1.,0.866025403784439,1.,0.866025403784439,1.,0.866025403784439,
1.,0.866025403784439,1.,0.866025403784439,1.,0.866025403784439,1.,0.866025403784439,
1.,0.866025403784439,1.,0.866025403784439,1.,0.866025403784439,1.,0.866025403784439,
1.,0.866025403784439,1.))
REPRESENTATION_ITEM('')
);
#33=(
BOUNDED_CURVE()
B_SPLINE_CURVE(2,(#2738,#2739,#2740,#2741,#2742,#2743,#2744,#2745,#2746,
#2747,#2748,#2749,#2750,#2751,#2752,#2753,#2754,#2755,#2756,#2757,#2758,
#2759,#2760,#2761,#2762,#2763,#2764,#2765,#2766,#2767,#2768,#2769,#2770,
#2771,#2772,#2773,#2774,#2775,#2776,#2777,#2778,#2779,#2780,#2781,#2782,
#2783,#2784,#2785,#2786,#2787,#2788,#2789,#2790,#2791,#2792,#2793,#2794,
#2795,#2796,#2797,#2798,#2799,#2800,#2801,#2802,#2803,#2804,#2805,#2806,
#2807,#2808,#2809,#2810,#2811,#2812,#2813,#2814,#2815,#2816,#2817,#2818,
#2819,#2820,#2821,#2822,#2823,#2824,#2825,#2826,#2827,#2828,#2829,#2830,
#2831,#2832,#2833,#2834),.UNSPECIFIED.,.F.,.F.)
B_SPLINE_CURVE_WITH_KNOTS((3,2,2,2,2,2,2,2,2,2,2,2,2,2,2,2,2,2,2,2,2,2,
2,2,2,2,2,2,2,2,2,2,2,2,2,2,2,2,2,2,2,2,2,2,2,2,2,2,3),(0.,0.0208333333333333,
0.0416666666666667,0.0625,0.0833333333333333,0.104166666666667,0.125,0.145833333333333,
0.166666666666667,0.1875,0.208333333333334,0.229166666666666,0.25,0.270833333333334,
0.291666666666667,0.3125,0.333333333333334,0.354166666666667,0.375,0.395833333333334,
0.416666666666667,0.4375,0.458333333333333,0.479166666666667,0.5,0.520833333333333,
0.541666666666667,0.5625,0.583333333333333,0.604166666666667,0.625,0.645833333333333,
0.666666666666667,0.6875,0.708333333333333,0.729166666666667,0.75,0.770833333333333,
0.791666666666667,0.8125,0.833333333333333,0.854166666666667,0.875,0.895833333333333,
0.916666666666667,0.9375,0.958333333333333,0.979166666666667,1.),
 .UNSPECIFIED.)
CURVE()
GEOMETRIC_REPRESENTATION_ITEM()
RATIONAL_B_SPLINE_CURVE((1.,0.866025403784439,1.,0.866025403784439,1.,0.866025403784439,
1.,0.866025403784439,1.,0.866025403784439,1.,0.866025403784439,1.,0.866025403784439,
1.,0.866025403784439,1.,0.866025403784439,1.,0.866025403784439,1.,0.866025403784439,
1.,0.866025403784439,1.,0.866025403784439,1.,0.866025403784439,1.,0.866025403784439,
1.,0.866025403784439,1.,0.866025403784439,1.,0.866025403784439,1.,0.866025403784439,
1.,0.866025403784439,1.,0.866025403784439,1.,0.866025403784439,1.,0.866025403784439,
1.,0.866025403784439,1.,0.866025403784439,1.,0.866025403784439,1.,0.866025403784439,
1.,0.866025403784439,1.,0.866025403784439,1.,0.866025403784439,1.,0.866025403784439,
1.,0.866025403784439,1.,0.866025403784439,1.,0.866025403784439,1.,0.866025403784439,
1.,0.866025403784439,1.,0.866025403784439,1.,0.866025403784439,1.,0.866025403784439,
1.,0.866025403784439,1.,0.866025403784439,1.,0.866025403784439,1.,0.866025403784439,
1.,0.866025403784439,1.,0.866025403784439,1.,0.866025403784439,1.,0.866025403784439,
1.,0.866025403784439,1.))
REPRESENTATION_ITEM('')
);
#34=(
BOUNDED_SURFACE()
B_SPLINE_SURFACE(1,2,((#635,#636,#637,#638,#639,#640,#641,#642,#643,#644,
#645,#646,#647,#648,#649,#650,#651,#652,#653,#654,#655,#656,#657,#658,#659,
#660,#661,#662,#663,#664,#665,#666,#667,#668,#669,#670,#671,#672,#673,#674,
#675,#676,#677,#678,#679,#680,#681,#682,#683,#684,#685,#686,#687,#688,#689,
#690,#691,#692,#693,#694,#695,#696,#697,#698,#699,#700,#701,#702,#703,#704,
#705,#706,#707),(#708,#709,#710,#711,#712,#713,#714,#715,#716,#717,#718,
#719,#720,#721,#722,#723,#724,#725,#726,#727,#728,#729,#730,#731,#732,#733,
#734,#735,#736,#737,#738,#739,#740,#741,#742,#743,#744,#745,#746,#747,#748,
#749,#750,#751,#752,#753,#754,#755,#756,#757,#758,#759,#760,#761,#762,#763,
#764,#765,#766,#767,#768,#769,#770,#771,#772,#773,#774,#775,#776,#777,#778,
#779,#780)),.UNSPECIFIED.,.F.,.F.,.F.)
B_SPLINE_SURFACE_WITH_KNOTS((2,2),(3,2,2,2,2,2,2,2,2,2,2,2,2,2,2,2,2,2,
2,2,2,2,2,2,2,2,2,2,2,2,2,2,2,2,2,2,3),(0.,1.),(0.0257030114503244,0.0416666666666667,
0.0625,0.0833333333333333,0.104166666666667,0.125,0.145833333333333,0.166666666666667,
0.1875,0.208333333333334,0.229166666666666,0.25,0.270833333333334,0.291666666666667,
0.3125,0.333333333333334,0.354166666666667,0.375,0.395833333333334,0.416666666666667,
0.4375,0.458333333333333,0.479166666666667,0.5,0.520833333333333,0.541666666666667,
0.5625,0.583333333333333,0.604166666666667,0.625,0.645833333333333,0.666666666666667,
0.6875,0.708333333333333,0.729166666666667,0.75,0.764407543630313),
 .PIECEWISE_BEZIER_KNOTS.)
GEOMETRIC_REPRESENTATION_ITEM()
RATIONAL_B_SPLINE_SURFACE(((0.952008146626155,0.897341235436773,1.,0.866025403784439,
1.,0.866025403784439,1.,0.866025403784439,1.,0.866025403784439,1.,0.866025403784439,
1.,0.866025403784439,1.,0.866025403784439,1.,0.866025403784439,1.,0.866025403784439,
1.,0.866025403784439,1.,0.866025403784439,1.,0.866025403784439,1.,0.866025403784439,
1.,0.866025403784439,1.,0.866025403784439,1.,0.866025403784439,1.,0.866025403784439,
1.,0.866025403784439,1.,0.866025403784439,1.,0.866025403784439,1.,0.866025403784439,
1.,0.866025403784439,1.,0.866025403784439,1.,0.866025403784439,1.,0.866025403784439,
1.,0.866025403784439,1.,0.866025403784439,1.,0.866025403784439,1.,0.866025403784439,
1.,0.866025403784439,1.,0.866025403784439,1.,0.866025403784439,1.,0.866025403784439,
1.,0.866025403784439,1.,0.907348247664194,0.942845375091886),(0.952008146626155,
0.897341235436773,1.,0.866025403784439,1.,0.866025403784439,1.,0.866025403784439,
1.,0.866025403784439,1.,0.866025403784439,1.,0.866025403784439,1.,0.866025403784439,
1.,0.866025403784439,1.,0.866025403784439,1.,0.866025403784439,1.,0.866025403784439,
1.,0.866025403784439,1.,0.866025403784439,1.,0.866025403784439,1.,0.866025403784439,
1.,0.866025403784439,1.,0.866025403784439,1.,0.866025403784439,1.,0.866025403784439,
1.,0.866025403784439,1.,0.866025403784439,1.,0.866025403784439,1.,0.866025403784439,
1.,0.866025403784439,1.,0.866025403784439,1.,0.866025403784439,1.,0.866025403784439,
1.,0.866025403784439,1.,0.866025403784439,1.,0.866025403784439,1.,0.866025403784439,
1.,0.866025403784439,1.,0.866025403784439,1.,0.866025403784439,1.,0.907348247664194,
0.942845375091886)))
REPRESENTATION_ITEM('')
SURFACE()
);
#35=(
BOUNDED_SURFACE()
B_SPLINE_SURFACE(1,2,((#982,#983,#984,#985,#986,#987,#988,#989,#990,#991,
#992,#993,#994,#995,#996,#997,#998,#999,#1000,#1001,#1002,#1003,#1004,#1005,
#1006,#1007,#1008,#1009,#1010,#1011,#1012,#1013,#1014,#1015,#1016,#1017,
#1018,#1019,#1020,#1021,#1022,#1023,#1024,#1025,#1026,#1027,#1028,#1029,
#1030,#1031,#1032,#1033,#1034,#1035,#1036,#1037,#1038,#1039,#1040,#1041,
#1042,#1043,#1044,#1045,#1046,#1047,#1048,#1049,#1050,#1051,#1052,#1053,
#1054),(#1055,#1056,#1057,#1058,#1059,#1060,#1061,#1062,#1063,#1064,#1065,
#1066,#1067,#1068,#1069,#1070,#1071,#1072,#1073,#1074,#1075,#1076,#1077,
#1078,#1079,#1080,#1081,#1082,#1083,#1084,#1085,#1086,#1087,#1088,#1089,
#1090,#1091,#1092,#1093,#1094,#1095,#1096,#1097,#1098,#1099,#1100,#1101,
#1102,#1103,#1104,#1105,#1106,#1107,#1108,#1109,#1110,#1111,#1112,#1113,
#1114,#1115,#1116,#1117,#1118,#1119,#1120,#1121,#1122,#1123,#1124,#1125,
#1126,#1127)),.UNSPECIFIED.,.F.,.F.,.F.)
B_SPLINE_SURFACE_WITH_KNOTS((2,2),(3,2,2,2,2,2,2,2,2,2,2,2,2,2,2,2,2,2,
2,2,2,2,2,2,2,2,2,2,2,2,2,2,2,2,2,2,3),(0.,1.),(0.,0.0208333333333333,0.0416666666666667,
0.0625,0.0833333333333333,0.104166666666667,0.125,0.145833333333333,0.166666666666667,
0.1875,0.208333333333334,0.229166666666666,0.25,0.270833333333334,0.291666666666667,
0.3125,0.333333333333334,0.354166666666667,0.375,0.395833333333334,0.416666666666667,
0.4375,0.458333333333333,0.479166666666667,0.5,0.520833333333333,0.541666666666667,
0.5625,0.583333333333333,0.604166666666667,0.625,0.645833333333333,0.666666666666667,
0.6875,0.708333333333333,0.729166666666667,0.73449180125011),
 .PIECEWISE_BEZIER_KNOTS.)
GEOMETRIC_REPRESENTATION_ITEM()
RATIONAL_B_SPLINE_SURFACE(((1.,0.866025403784439,1.,0.866025403784439,1.,
0.866025403784439,1.,0.866025403784439,1.,0.866025403784439,1.,0.866025403784439,
1.,0.866025403784439,1.,0.866025403784439,1.,0.866025403784439,1.,0.866025403784439,
1.,0.866025403784439,1.,0.866025403784439,1.,0.866025403784439,1.,0.866025403784439,
1.,0.866025403784439,1.,0.866025403784439,1.,0.866025403784439,1.,0.866025403784439,
1.,0.866025403784439,1.,0.866025403784439,1.,0.866025403784439,1.,0.866025403784439,
1.,0.866025403784439,1.,0.866025403784439,1.,0.866025403784439,1.,0.866025403784439,
1.,0.866025403784439,1.,0.866025403784439,1.,0.866025403784439,1.,0.866025403784439,
1.,0.866025403784439,1.,0.866025403784439,1.,0.866025403784439,1.,0.866025403784439,
1.,0.866025403784439,1.,0.965755227730707,0.949016825488295),(1.,0.866025403784439,
1.,0.866025403784439,1.,0.866025403784439,1.,0.866025403784439,1.,0.866025403784439,
1.,0.866025403784439,1.,0.866025403784439,1.,0.866025403784439,1.,0.866025403784439,
1.,0.866025403784439,1.,0.866025403784439,1.,0.866025403784439,1.,0.866025403784439,
1.,0.866025403784439,1.,0.866025403784439,1.,0.866025403784439,1.,0.866025403784439,
1.,0.866025403784439,1.,0.866025403784439,1.,0.866025403784439,1.,0.866025403784439,
1.,0.866025403784439,1.,0.866025403784439,1.,0.866025403784439,1.,0.866025403784439,
1.,0.866025403784439,1.,0.866025403784439,1.,0.866025403784439,1.,0.866025403784439,
1.,0.866025403784439,1.,0.866025403784439,1.,0.866025403784439,1.,0.866025403784439,
1.,0.866025403784439,1.,0.866025403784439,1.,0.965755227730707,0.949016825488295)))
REPRESENTATION_ITEM('')
SURFACE()
);
#36=(
BOUNDED_SURFACE()
B_SPLINE_SURFACE(1,2,((#1233,#1234,#1235,#1236,#1237,#1238,#1239,#1240,
#1241,#1242,#1243,#1244,#1245,#1246,#1247,#1248,#1249,#1250,#1251,#1252,
#1253,#1254,#1255,#1256,#1257,#1258,#1259,#1260,#1261,#1262,#1263,#1264,
#1265,#1266,#1267,#1268,#1269,#1270,#1271,#1272,#1273,#1274,#1275,#1276,
#1277,#1278,#1279,#1280,#1281,#1282,#1283,#1284,#1285,#1286,#1287,#1288,
#1289,#1290,#1291,#1292,#1293,#1294,#1295,#1296,#1297,#1298,#1299,#1300,
#1301,#1302,#1303,#1304,#1305),(#1306,#1307,#1308,#1309,#1310,#1311,#1312,
#1313,#1314,#1315,#1316,#1317,#1318,#1319,#1320,#1321,#1322,#1323,#1324,
#1325,#1326,#1327,#1328,#1329,#1330,#1331,#1332,#1333,#1334,#1335,#1336,
#1337,#1338,#1339,#1340,#1341,#1342,#1343,#1344,#1345,#1346,#1347,#1348,
#1349,#1350,#1351,#1352,#1353,#1354,#1355,#1356,#1357,#1358,#1359,#1360,
#1361,#1362,#1363,#1364,#1365,#1366,#1367,#1368,#1369,#1370,#1371,#1372,
#1373,#1374,#1375,#1376,#1377,#1378)),.UNSPECIFIED.,.F.,.F.,.F.)
B_SPLINE_SURFACE_WITH_KNOTS((2,2),(3,2,2,2,2,2,2,2,2,2,2,2,2,2,2,2,2,2,
2,2,2,2,2,2,2,2,2,2,2,2,2,2,2,2,2,2,3),(0.,1.),(0.,0.0208333333333333,0.0416666666666667,
0.0625,0.0833333333333333,0.104166666666667,0.125,0.145833333333333,0.166666666666667,
0.1875,0.208333333333334,0.229166666666666,0.25,0.270833333333334,0.291666666666667,
0.3125,0.333333333333334,0.354166666666667,0.375,0.395833333333334,0.416666666666667,
0.4375,0.458333333333333,0.479166666666667,0.5,0.520833333333333,0.541666666666667,
0.5625,0.583333333333333,0.604166666666667,0.625,0.645833333333333,0.666666666666667,
0.6875,0.708333333333333,0.729166666666667,0.734491801250098),
 .PIECEWISE_BEZIER_KNOTS.)
GEOMETRIC_REPRESENTATION_ITEM()
RATIONAL_B_SPLINE_SURFACE(((1.,0.866025403784439,1.,0.866025403784439,1.,
0.866025403784439,1.,0.866025403784439,1.,0.866025403784439,1.,0.866025403784439,
1.,0.866025403784439,1.,0.866025403784439,1.,0.866025403784439,1.,0.866025403784439,
1.,0.866025403784439,1.,0.866025403784439,1.,0.866025403784439,1.,0.866025403784439,
1.,0.866025403784439,1.,0.866025403784439,1.,0.866025403784439,1.,0.866025403784439,
1.,0.866025403784439,1.,0.866025403784439,1.,0.866025403784439,1.,0.866025403784439,
1.,0.866025403784439,1.,0.866025403784439,1.,0.866025403784439,1.,0.866025403784439,
1.,0.866025403784439,1.,0.866025403784439,1.,0.866025403784439,1.,0.866025403784439,
1.,0.866025403784439,1.,0.866025403784439,1.,0.866025403784439,1.,0.866025403784439,
1.,0.866025403784439,1.,0.965755227730783,0.949016825488369),(1.,0.866025403784439,
1.,0.866025403784439,1.,0.866025403784439,1.,0.866025403784439,1.,0.866025403784439,
1.,0.866025403784439,1.,0.866025403784439,1.,0.866025403784439,1.,0.866025403784439,
1.,0.866025403784439,1.,0.866025403784439,1.,0.866025403784439,1.,0.866025403784439,
1.,0.866025403784439,1.,0.866025403784439,1.,0.866025403784439,1.,0.866025403784439,
1.,0.866025403784439,1.,0.866025403784439,1.,0.866025403784439,1.,0.866025403784439,
1.,0.866025403784439,1.,0.866025403784439,1.,0.866025403784439,1.,0.866025403784439,
1.,0.866025403784439,1.,0.866025403784439,1.,0.866025403784439,1.,0.866025403784439,
1.,0.866025403784439,1.,0.866025403784439,1.,0.866025403784439,1.,0.866025403784439,
1.,0.866025403784439,1.,0.866025403784439,1.,0.965755227730783,0.949016825488369)))
REPRESENTATION_ITEM('')
SURFACE()
);
#37=(
BOUNDED_SURFACE()
B_SPLINE_SURFACE(1,2,((#1580,#1581,#1582,#1583,#1584,#1585,#1586,#1587,
#1588,#1589,#1590,#1591,#1592,#1593,#1594,#1595,#1596,#1597,#1598,#1599,
#1600,#1601,#1602,#1603,#1604,#1605,#1606,#1607,#1608,#1609,#1610,#1611,
#1612,#1613,#1614,#1615,#1616,#1617,#1618,#1619,#1620,#1621,#1622,#1623,
#1624,#1625,#1626,#1627,#1628,#1629,#1630,#1631,#1632,#1633,#1634,#1635,
#1636,#1637,#1638,#1639,#1640,#1641,#1642,#1643,#1644,#1645,#1646,#1647,
#1648,#1649,#1650,#1651,#1652),(#1653,#1654,#1655,#1656,#1657,#1658,#1659,
#1660,#1661,#1662,#1663,#1664,#1665,#1666,#1667,#1668,#1669,#1670,#1671,
#1672,#1673,#1674,#1675,#1676,#1677,#1678,#1679,#1680,#1681,#1682,#1683,
#1684,#1685,#1686,#1687,#1688,#1689,#1690,#1691,#1692,#1693,#1694,#1695,
#1696,#1697,#1698,#1699,#1700,#1701,#1702,#1703,#1704,#1705,#1706,#1707,
#1708,#1709,#1710,#1711,#1712,#1713,#1714,#1715,#1716,#1717,#1718,#1719,
#1720,#1721,#1722,#1723,#1724,#1725)),.UNSPECIFIED.,.F.,.F.,.F.)
B_SPLINE_SURFACE_WITH_KNOTS((2,2),(3,2,2,2,2,2,2,2,2,2,2,2,2,2,2,2,2,2,
2,2,2,2,2,2,2,2,2,2,2,2,2,2,2,2,2,2,3),(0.,1.),(0.0257030114503262,0.0416666666666667,
0.0625,0.0833333333333333,0.104166666666667,0.125,0.145833333333333,0.166666666666667,
0.1875,0.208333333333334,0.229166666666666,0.25,0.270833333333334,0.291666666666667,
0.3125,0.333333333333334,0.354166666666667,0.375,0.395833333333334,0.416666666666667,
0.4375,0.458333333333333,0.479166666666667,0.5,0.520833333333333,0.541666666666667,
0.5625,0.583333333333333,0.604166666666667,0.625,0.645833333333333,0.666666666666667,
0.6875,0.708333333333333,0.729166666666667,0.75,0.764407543630313),
 .PIECEWISE_BEZIER_KNOTS.)
GEOMETRIC_REPRESENTATION_ITEM()
RATIONAL_B_SPLINE_SURFACE(((0.952008146626143,0.897341235436785,1.,0.866025403784439,
1.,0.866025403784439,1.,0.866025403784439,1.,0.866025403784439,1.,0.866025403784439,
1.,0.866025403784439,1.,0.866025403784439,1.,0.866025403784439,1.,0.866025403784439,
1.,0.866025403784439,1.,0.866025403784439,1.,0.866025403784439,1.,0.866025403784439,
1.,0.866025403784439,1.,0.866025403784439,1.,0.866025403784439,1.,0.866025403784439,
1.,0.866025403784439,1.,0.866025403784439,1.,0.866025403784439,1.,0.866025403784439,
1.,0.866025403784439,1.,0.866025403784439,1.,0.866025403784439,1.,0.866025403784439,
1.,0.866025403784439,1.,0.866025403784439,1.,0.866025403784439,1.,0.866025403784439,
1.,0.866025403784439,1.,0.866025403784439,1.,0.866025403784439,1.,0.866025403784439,
1.,0.866025403784439,1.,0.907348247664197,0.942845375091883),(0.952008146626143,
0.897341235436785,1.,0.866025403784439,1.,0.866025403784439,1.,0.866025403784439,
1.,0.866025403784439,1.,0.866025403784439,1.,0.866025403784439,1.,0.866025403784439,
1.,0.866025403784439,1.,0.866025403784439,1.,0.866025403784439,1.,0.866025403784439,
1.,0.866025403784439,1.,0.866025403784439,1.,0.866025403784439,1.,0.866025403784439,
1.,0.866025403784439,1.,0.866025403784439,1.,0.866025403784439,1.,0.866025403784439,
1.,0.866025403784439,1.,0.866025403784439,1.,0.866025403784439,1.,0.866025403784439,
1.,0.866025403784439,1.,0.866025403784439,1.,0.866025403784439,1.,0.866025403784439,
1.,0.866025403784439,1.,0.866025403784439,1.,0.866025403784439,1.,0.866025403784439,
1.,0.866025403784439,1.,0.866025403784439,1.,0.866025403784439,1.,0.907348247664197,
0.942845375091883)))
REPRESENTATION_ITEM('')
SURFACE()
);
#38=(
BOUNDED_SURFACE()
B_SPLINE_SURFACE(1,2,((#1831,#1832,#1833,#1834,#1835,#1836,#1837,#1838,
#1839,#1840,#1841,#1842,#1843,#1844,#1845,#1846,#1847,#1848,#1849,#1850,
#1851,#1852,#1853,#1854,#1855,#1856,#1857,#1858,#1859,#1860,#1861,#1862,
#1863,#1864,#1865,#1866,#1867,#1868,#1869,#1870,#1871,#1872,#1873,#1874,
#1875,#1876,#1877,#1878,#1879,#1880,#1881,#1882,#1883,#1884,#1885,#1886,
#1887,#1888,#1889,#1890,#1891,#1892,#1893,#1894,#1895,#1896,#1897,#1898,
#1899,#1900,#1901,#1902,#1903),(#1904,#1905,#1906,#1907,#1908,#1909,#1910,
#1911,#1912,#1913,#1914,#1915,#1916,#1917,#1918,#1919,#1920,#1921,#1922,
#1923,#1924,#1925,#1926,#1927,#1928,#1929,#1930,#1931,#1932,#1933,#1934,
#1935,#1936,#1937,#1938,#1939,#1940,#1941,#1942,#1943,#1944,#1945,#1946,
#1947,#1948,#1949,#1950,#1951,#1952,#1953,#1954,#1955,#1956,#1957,#1958,
#1959,#1960,#1961,#1962,#1963,#1964,#1965,#1966,#1967,#1968,#1969,#1970,
#1971,#1972,#1973,#1974,#1975,#1976),(#1977,#1978,#1979,#1980,#1981,#1982,
#1983,#1984,#1985,#1986,#1987,#1988,#1989,#1990,#1991,#1992,#1993,#1994,
#1995,#1996,#1997,#1998,#1999,#2000,#2001,#2002,#2003,#2004,#2005,#2006,
#2007,#2008,#2009,#2010,#2011,#2012,#2013,#2014,#2015,#2016,#2017,#2018,
#2019,#2020,#2021,#2022,#2023,#2024,#2025,#2026,#2027,#2028,#2029,#2030,
#2031,#2032,#2033,#2034,#2035,#2036,#2037,#2038,#2039,#2040,#2041,#2042,
#2043,#2044,#2045,#2046,#2047,#2048,#2049)),.RULED_SURF.,.F.,.F.,.F.)
B_SPLINE_SURFACE_WITH_KNOTS((2,1,2),(3,2,2,2,2,2,2,2,2,2,2,2,2,2,2,2,2,
2,2,2,2,2,2,2,2,2,2,2,2,2,2,2,2,2,2,2,3),(0.,1.,1.01444777170068),(0.265508117919583,
0.270833333333334,0.291666666666667,0.3125,0.333333333333334,0.354166666666667,
0.375,0.395833333333334,0.416666666666667,0.4375,0.458333333333333,0.479166666666667,
0.5,0.520833333333333,0.541666666666667,0.5625,0.583333333333333,0.604166666666667,
0.625,0.645833333333333,0.666666666666667,0.6875,0.708333333333333,0.729166666666667,
0.75,0.770833333333333,0.791666666666667,0.8125,0.833333333333333,0.854166666666667,
0.875,0.895833333333333,0.916666666666667,0.9375,0.958333333333333,0.979166666666667,
1.),.PIECEWISE_BEZIER_KNOTS.)
GEOMETRIC_REPRESENTATION_ITEM()
RATIONAL_B_SPLINE_SURFACE(((0.949016317347348,0.965754707928732,1.,0.866025403784439,
1.,0.866025403784439,1.,0.866025403784439,1.,0.866025403784439,1.,0.866025403784439,
1.,0.866025403784439,1.,0.866025403784439,1.,0.866025403784439,1.,0.866025403784439,
1.,0.866025403784439,1.,0.866025403784439,1.,0.866025403784439,1.,0.866025403784439,
1.,0.866025403784439,1.,0.866025403784439,1.,0.866025403784439,1.,0.866025403784439,
1.,0.866025403784439,1.,0.866025403784439,1.,0.866025403784439,1.,0.866025403784439,
1.,0.866025403784439,1.,0.866025403784439,1.,0.866025403784439,1.,0.866025403784439,
1.,0.866025403784439,1.,0.866025403784439,1.,0.866025403784439,1.,0.866025403784439,
1.,0.866025403784439,1.,0.866025403784439,1.,0.866025403784439,1.,0.866025403784439,
1.,0.866025403784439,1.,0.866025403784439,1.),(0.949016317347348,0.965754707928732,
1.,0.866025403784439,1.,0.866025403784439,1.,0.866025403784439,1.,0.866025403784439,
1.,0.866025403784439,1.,0.866025403784439,1.,0.866025403784439,1.,0.866025403784439,
1.,0.866025403784439,1.,0.866025403784439,1.,0.866025403784439,1.,0.866025403784439,
1.,0.866025403784439,1.,0.866025403784439,1.,0.866025403784439,1.,0.866025403784439,
1.,0.866025403784439,1.,0.866025403784439,1.,0.866025403784439,1.,0.866025403784439,
1.,0.866025403784439,1.,0.866025403784439,1.,0.866025403784439,1.,0.866025403784439,
1.,0.866025403784439,1.,0.866025403784439,1.,0.866025403784439,1.,0.866025403784439,
1.,0.866025403784439,1.,0.866025403784439,1.,0.866025403784439,1.,0.866025403784439,
1.,0.866025403784439,1.,0.866025403784439,1.,0.866025403784439,1.),(0.949016317347348,
0.965754707928732,1.,0.866025403784439,1.,0.866025403784439,1.,0.866025403784439,
1.,0.866025403784439,1.,0.866025403784439,1.,0.866025403784439,1.,0.866025403784439,
1.,0.866025403784439,1.,0.866025403784439,1.,0.866025403784439,1.,0.866025403784439,
1.,0.866025403784439,1.,0.866025403784439,1.,0.866025403784439,1.,0.866025403784439,
1.,0.866025403784439,1.,0.866025403784439,1.,0.866025403784439,1.,0.866025403784439,
1.,0.866025403784439,1.,0.866025403784439,1.,0.866025403784439,1.,0.866025403784439,
1.,0.866025403784439,1.,0.866025403784439,1.,0.866025403784439,1.,0.866025403784439,
1.,0.866025403784439,1.,0.866025403784439,1.,0.866025403784439,1.,0.866025403784439,
1.,0.866025403784439,1.,0.866025403784439,1.,0.866025403784439,1.,0.866025403784439,
1.)))
REPRESENTATION_ITEM('')
SURFACE()
);
#39=(
BOUNDED_SURFACE()
B_SPLINE_SURFACE(1,2,((#2221,#2222,#2223,#2224,#2225,#2226,#2227,#2228,
#2229,#2230,#2231,#2232,#2233,#2234,#2235,#2236,#2237,#2238,#2239,#2240,
#2241,#2242,#2243,#2244,#2245,#2246,#2247,#2248,#2249,#2250,#2251,#2252,
#2253,#2254,#2255,#2256,#2257,#2258,#2259,#2260,#2261,#2262,#2263,#2264,
#2265,#2266,#2267,#2268,#2269,#2270,#2271,#2272,#2273,#2274,#2275,#2276,
#2277,#2278,#2279,#2280,#2281,#2282,#2283,#2284,#2285,#2286,#2287,#2288,
#2289,#2290,#2291,#2292,#2293),(#2294,#2295,#2296,#2297,#2298,#2299,#2300,
#2301,#2302,#2303,#2304,#2305,#2306,#2307,#2308,#2309,#2310,#2311,#2312,
#2313,#2314,#2315,#2316,#2317,#2318,#2319,#2320,#2321,#2322,#2323,#2324,
#2325,#2326,#2327,#2328,#2329,#2330,#2331,#2332,#2333,#2334,#2335,#2336,
#2337,#2338,#2339,#2340,#2341,#2342,#2343,#2344,#2345,#2346,#2347,#2348,
#2349,#2350,#2351,#2352,#2353,#2354,#2355,#2356,#2357,#2358,#2359,#2360,
#2361,#2362,#2363,#2364,#2365,#2366)),.UNSPECIFIED.,.F.,.F.,.F.)
B_SPLINE_SURFACE_WITH_KNOTS((2,2),(3,2,2,2,2,2,2,2,2,2,2,2,2,2,2,2,2,2,
2,2,2,2,2,2,2,2,2,2,2,2,2,2,2,2,2,2,3),(0.,1.),(0.235592388860899,0.25,
0.270833333333334,0.291666666666667,0.3125,0.333333333333334,0.354166666666667,
0.375,0.395833333333334,0.416666666666667,0.4375,0.458333333333333,0.479166666666667,
0.5,0.520833333333333,0.541666666666667,0.5625,0.583333333333333,0.604166666666667,
0.625,0.645833333333333,0.666666666666667,0.6875,0.708333333333333,0.729166666666667,
0.75,0.770833333333333,0.791666666666667,0.8125,0.833333333333333,0.854166666666667,
0.875,0.895833333333333,0.916666666666667,0.9375,0.958333333333333,0.974296920876426),
 .PIECEWISE_BEZIER_KNOTS.)
GEOMETRIC_REPRESENTATION_ITEM()
RATIONAL_B_SPLINE_SURFACE(((0.942845707749329,0.90734781352999,1.,0.866025403784439,
1.,0.866025403784439,1.,0.866025403784439,1.,0.866025403784439,1.,0.866025403784439,
1.,0.866025403784439,1.,0.866025403784439,1.,0.866025403784439,1.,0.866025403784439,
1.,0.866025403784439,1.,0.866025403784439,1.,0.866025403784439,1.,0.866025403784439,
1.,0.866025403784439,1.,0.866025403784439,1.,0.866025403784439,1.,0.866025403784439,
1.,0.866025403784439,1.,0.866025403784439,1.,0.866025403784439,1.,0.866025403784439,
1.,0.866025403784439,1.,0.866025403784439,1.,0.866025403784439,1.,0.866025403784439,
1.,0.866025403784439,1.,0.866025403784439,1.,0.866025403784439,1.,0.866025403784439,
1.,0.866025403784439,1.,0.866025403784439,1.,0.866025403784439,1.,0.866025403784439,
1.,0.866025403784439,1.,0.897341670628593,0.952007683140206),(0.942845707749329,
0.90734781352999,1.,0.866025403784439,1.,0.866025403784439,1.,0.866025403784439,
1.,0.866025403784439,1.,0.866025403784439,1.,0.866025403784439,1.,0.866025403784439,
1.,0.866025403784439,1.,0.866025403784439,1.,0.866025403784439,1.,0.866025403784439,
1.,0.866025403784439,1.,0.866025403784439,1.,0.866025403784439,1.,0.866025403784439,
1.,0.866025403784439,1.,0.866025403784439,1.,0.866025403784439,1.,0.866025403784439,
1.,0.866025403784439,1.,0.866025403784439,1.,0.866025403784439,1.,0.866025403784439,
1.,0.866025403784439,1.,0.866025403784439,1.,0.866025403784439,1.,0.866025403784439,
1.,0.866025403784439,1.,0.866025403784439,1.,0.866025403784439,1.,0.866025403784439,
1.,0.866025403784439,1.,0.866025403784439,1.,0.866025403784439,1.,0.897341670628593,
0.952007683140206)))
REPRESENTATION_ITEM('')
SURFACE()
);
#40=(
BOUNDED_SURFACE()
B_SPLINE_SURFACE(1,2,((#2495,#2496,#2497,#2498,#2499,#2500,#2501,#2502,
#2503,#2504,#2505,#2506,#2507,#2508,#2509,#2510,#2511,#2512,#2513,#2514,
#2515,#2516,#2517,#2518,#2519,#2520,#2521,#2522,#2523,#2524,#2525,#2526,
#2527,#2528,#2529,#2530,#2531,#2532,#2533,#2534,#2535,#2536,#2537,#2538,
#2539,#2540,#2541,#2542,#2543,#2544,#2545,#2546,#2547,#2548,#2549,#2550,
#2551,#2552,#2553,#2554,#2555,#2556,#2557,#2558,#2559,#2560,#2561,#2562,
#2563,#2564,#2565,#2566,#2567),(#2568,#2569,#2570,#2571,#2572,#2573,#2574,
#2575,#2576,#2577,#2578,#2579,#2580,#2581,#2582,#2583,#2584,#2585,#2586,
#2587,#2588,#2589,#2590,#2591,#2592,#2593,#2594,#2595,#2596,#2597,#2598,
#2599,#2600,#2601,#2602,#2603,#2604,#2605,#2606,#2607,#2608,#2609,#2610,
#2611,#2612,#2613,#2614,#2615,#2616,#2617,#2618,#2619,#2620,#2621,#2622,
#2623,#2624,#2625,#2626,#2627,#2628,#2629,#2630,#2631,#2632,#2633,#2634,
#2635,#2636,#2637,#2638,#2639,#2640)),.UNSPECIFIED.,.F.,.F.,.F.)
B_SPLINE_SURFACE_WITH_KNOTS((2,2),(3,2,2,2,2,2,2,2,2,2,2,2,2,2,2,2,2,2,
2,2,2,2,2,2,2,2,2,2,2,2,2,2,2,2,2,2,3),(0.,1.),(0.2355923888609,0.25,0.270833333333334,
0.291666666666667,0.3125,0.333333333333334,0.354166666666667,0.375,0.395833333333334,
0.416666666666667,0.4375,0.458333333333333,0.479166666666667,0.5,0.520833333333333,
0.541666666666667,0.5625,0.583333333333333,0.604166666666667,0.625,0.645833333333333,
0.666666666666667,0.6875,0.708333333333333,0.729166666666667,0.75,0.770833333333333,
0.791666666666667,0.8125,0.833333333333333,0.854166666666667,0.875,0.895833333333333,
0.916666666666667,0.9375,0.958333333333333,0.974296920876427),
 .PIECEWISE_BEZIER_KNOTS.)
GEOMETRIC_REPRESENTATION_ITEM()
RATIONAL_B_SPLINE_SURFACE(((0.942845707749325,0.907347813529995,1.,0.866025403784439,
1.,0.866025403784439,1.,0.866025403784439,1.,0.866025403784439,1.,0.866025403784439,
1.,0.866025403784439,1.,0.866025403784439,1.,0.866025403784439,1.,0.866025403784439,
1.,0.866025403784439,1.,0.866025403784439,1.,0.866025403784439,1.,0.866025403784439,
1.,0.866025403784439,1.,0.866025403784439,1.,0.866025403784439,1.,0.866025403784439,
1.,0.866025403784439,1.,0.866025403784439,1.,0.866025403784439,1.,0.866025403784439,
1.,0.866025403784439,1.,0.866025403784439,1.,0.866025403784439,1.,0.866025403784439,
1.,0.866025403784439,1.,0.866025403784439,1.,0.866025403784439,1.,0.866025403784439,
1.,0.866025403784439,1.,0.866025403784439,1.,0.866025403784439,1.,0.866025403784439,
1.,0.866025403784439,1.,0.897341670628589,0.952007683140211),(0.942845707749325,
0.907347813529995,1.,0.866025403784439,1.,0.866025403784439,1.,0.866025403784439,
1.,0.866025403784439,1.,0.866025403784439,1.,0.866025403784439,1.,0.866025403784439,
1.,0.866025403784439,1.,0.866025403784439,1.,0.866025403784439,1.,0.866025403784439,
1.,0.866025403784439,1.,0.866025403784439,1.,0.866025403784439,1.,0.866025403784439,
1.,0.866025403784439,1.,0.866025403784439,1.,0.866025403784439,1.,0.866025403784439,
1.,0.866025403784439,1.,0.866025403784439,1.,0.866025403784439,1.,0.866025403784439,
1.,0.866025403784439,1.,0.866025403784439,1.,0.866025403784439,1.,0.866025403784439,
1.,0.866025403784439,1.,0.866025403784439,1.,0.866025403784439,1.,0.866025403784439,
1.,0.866025403784439,1.,0.866025403784439,1.,0.866025403784439,1.,0.897341670628589,
0.952007683140211)))
REPRESENTATION_ITEM('')
SURFACE()
);
#41=(
BOUNDED_SURFACE()
B_SPLINE_SURFACE(1,2,((#2835,#2836,#2837,#2838,#2839,#2840,#2841,#2842,
#2843,#2844,#2845,#2846,#2847,#2848,#2849,#2850,#2851,#2852,#2853,#2854,
#2855,#2856,#2857,#2858,#2859,#2860,#2861,#2862,#2863,#2864,#2865,#2866,
#2867,#2868,#2869,#2870,#2871,#2872,#2873,#2874,#2875,#2876,#2877,#2878,
#2879,#2880,#2881,#2882,#2883,#2884,#2885,#2886,#2887,#2888,#2889,#2890,
#2891,#2892,#2893,#2894,#2895,#2896,#2897,#2898,#2899,#2900,#2901,#2902,
#2903,#2904,#2905,#2906,#2907),(#2908,#2909,#2910,#2911,#2912,#2913,#2914,
#2915,#2916,#2917,#2918,#2919,#2920,#2921,#2922,#2923,#2924,#2925,#2926,
#2927,#2928,#2929,#2930,#2931,#2932,#2933,#2934,#2935,#2936,#2937,#2938,
#2939,#2940,#2941,#2942,#2943,#2944,#2945,#2946,#2947,#2948,#2949,#2950,
#2951,#2952,#2953,#2954,#2955,#2956,#2957,#2958,#2959,#2960,#2961,#2962,
#2963,#2964,#2965,#2966,#2967,#2968,#2969,#2970,#2971,#2972,#2973,#2974,
#2975,#2976,#2977,#2978,#2979,#2980),(#2981,#2982,#2983,#2984,#2985,#2986,
#2987,#2988,#2989,#2990,#2991,#2992,#2993,#2994,#2995,#2996,#2997,#2998,
#2999,#3000,#3001,#3002,#3003,#3004,#3005,#3006,#3007,#3008,#3009,#3010,
#3011,#3012,#3013,#3014,#3015,#3016,#3017,#3018,#3019,#3020,#3021,#3022,
#3023,#3024,#3025,#3026,#3027,#3028,#3029,#3030,#3031,#3032,#3033,#3034,
#3035,#3036,#3037,#3038,#3039,#3040,#3041,#3042,#3043,#3044,#3045,#3046,
#3047,#3048,#3049,#3050,#3051,#3052,#3053)),.RULED_SURF.,.F.,.F.,.F.)
B_SPLINE_SURFACE_WITH_KNOTS((2,1,2),(3,2,2,2,2,2,2,2,2,2,2,2,2,2,2,2,2,
2,2,2,2,2,2,2,2,2,2,2,2,2,2,2,2,2,2,2,3),(0.,1.,1.01444777175462),(0.265508117919571,
0.270833333333334,0.291666666666667,0.3125,0.333333333333334,0.354166666666667,
0.375,0.395833333333334,0.416666666666667,0.4375,0.458333333333333,0.479166666666667,
0.5,0.520833333333333,0.541666666666667,0.5625,0.583333333333333,0.604166666666667,
0.625,0.645833333333333,0.666666666666667,0.6875,0.708333333333333,0.729166666666667,
0.75,0.770833333333333,0.791666666666667,0.8125,0.833333333333333,0.854166666666667,
0.875,0.895833333333333,0.916666666666667,0.9375,0.958333333333333,0.979166666666667,
1.),.PIECEWISE_BEZIER_KNOTS.)
GEOMETRIC_REPRESENTATION_ITEM()
RATIONAL_B_SPLINE_SURFACE(((0.949016317347273,0.965754707928655,1.,0.866025403784439,
1.,0.866025403784439,1.,0.866025403784439,1.,0.866025403784439,1.,0.866025403784439,
1.,0.866025403784439,1.,0.866025403784439,1.,0.866025403784439,1.,0.866025403784439,
1.,0.866025403784439,1.,0.866025403784439,1.,0.866025403784439,1.,0.866025403784439,
1.,0.866025403784439,1.,0.866025403784439,1.,0.866025403784439,1.,0.866025403784439,
1.,0.866025403784439,1.,0.866025403784439,1.,0.866025403784439,1.,0.866025403784439,
1.,0.866025403784439,1.,0.866025403784439,1.,0.866025403784439,1.,0.866025403784439,
1.,0.866025403784439,1.,0.866025403784439,1.,0.866025403784439,1.,0.866025403784439,
1.,0.866025403784439,1.,0.866025403784439,1.,0.866025403784439,1.,0.866025403784439,
1.,0.866025403784439,1.,0.866025403784439,1.),(0.949016317347273,0.965754707928655,
1.,0.866025403784439,1.,0.866025403784439,1.,0.866025403784439,1.,0.866025403784439,
1.,0.866025403784439,1.,0.866025403784439,1.,0.866025403784439,1.,0.866025403784439,
1.,0.866025403784439,1.,0.866025403784439,1.,0.866025403784439,1.,0.866025403784439,
1.,0.866025403784439,1.,0.866025403784439,1.,0.866025403784439,1.,0.866025403784439,
1.,0.866025403784439,1.,0.866025403784439,1.,0.866025403784439,1.,0.866025403784439,
1.,0.866025403784439,1.,0.866025403784439,1.,0.866025403784439,1.,0.866025403784439,
1.,0.866025403784439,1.,0.866025403784439,1.,0.866025403784439,1.,0.866025403784439,
1.,0.866025403784439,1.,0.866025403784439,1.,0.866025403784439,1.,0.866025403784439,
1.,0.866025403784439,1.,0.866025403784439,1.,0.866025403784439,1.),(0.949016317347273,
0.965754707928655,1.,0.866025403784439,1.,0.866025403784439,1.,0.866025403784439,
1.,0.866025403784439,1.,0.866025403784439,1.,0.866025403784439,1.,0.866025403784439,
1.,0.866025403784439,1.,0.866025403784439,1.,0.866025403784439,1.,0.866025403784439,
1.,0.866025403784439,1.,0.866025403784439,1.,0.866025403784439,1.,0.866025403784439,
1.,0.866025403784439,1.,0.866025403784439,1.,0.866025403784439,1.,0.866025403784439,
1.,0.866025403784439,1.,0.866025403784439,1.,0.866025403784439,1.,0.866025403784439,
1.,0.866025403784439,1.,0.866025403784439,1.,0.866025403784439,1.,0.866025403784439,
1.,0.866025403784439,1.,0.866025403784439,1.,0.866025403784439,1.,0.866025403784439,
1.,0.866025403784439,1.,0.866025403784439,1.,0.866025403784439,1.,0.866025403784439,
1.)))
REPRESENTATION_ITEM('')
SURFACE()
);
#42=CIRCLE('',#441,0.003);
#43=CIRCLE('',#442,0.003);
#44=CIRCLE('',#443,0.003);
#45=CIRCLE('',#444,0.003);
#46=CIRCLE('',#446,0.003);
#47=CIRCLE('',#448,0.003);
#48=CIRCLE('',#450,0.003);
#49=CIRCLE('',#452,0.003);
#50=B_SPLINE_CURVE_WITH_KNOTS('',3,(#569,#570,#571,#572,#573),
 .UNSPECIFIED.,.F.,.F.,(4,1,4),(0.0179133248906971,0.0199093956338695,0.0219054663770419),
 .UNSPECIFIED.);
#51=B_SPLINE_CURVE_WITH_KNOTS('',3,(#576,#577,#578,#579,#580),
 .UNSPECIFIED.,.F.,.F.,(4,1,4),(0.0228599592086308,0.0253894886826694,0.0279190181567079),
 .UNSPECIFIED.);
#52=B_SPLINE_CURVE_WITH_KNOTS('',3,(#583,#584,#585,#586,#587),
 .UNSPECIFIED.,.F.,.F.,(4,1,4),(0.017913324890712,0.019909395633884,0.021905466377056),
 .UNSPECIFIED.);
#53=B_SPLINE_CURVE_WITH_KNOTS('',3,(#590,#591,#592,#593,#594),
 .UNSPECIFIED.,.F.,.F.,(4,1,4),(0.0228599592086361,0.0253894886826758,0.0279190181567154),
 .UNSPECIFIED.);
#54=B_SPLINE_CURVE_WITH_KNOTS('',3,(#600,#601,#602,#603,#604),
 .UNSPECIFIED.,.F.,.F.,(4,1,4),(0.0163457741641425,0.0184373849196268,0.020528995675111),
 .UNSPECIFIED.);
#55=B_SPLINE_CURVE_WITH_KNOTS('',3,(#606,#607,#608,#609,#610),
 .UNSPECIFIED.,.F.,.F.,(4,1,4),(0.02463606963857,0.0271829535385624,0.0297298374385549),
 .UNSPECIFIED.);
#56=B_SPLINE_CURVE_WITH_KNOTS('',3,(#612,#613,#614,#615),.UNSPECIFIED.,
 .F.,.F.,(4,4),(0.00200635231896192,0.999783767672813),.UNSPECIFIED.);
#57=B_SPLINE_CURVE_WITH_KNOTS('',3,(#616,#617,#618,#619,#620),
 .UNSPECIFIED.,.F.,.F.,(4,1,4),(0.0163457741641404,0.0184373849196256,0.0205289956751108),
 .UNSPECIFIED.);
#58=B_SPLINE_CURVE_WITH_KNOTS('',3,(#623,#624,#625,#626,#627),
 .UNSPECIFIED.,.F.,.F.,(4,1,4),(0.0246360696385707,0.0271829535385625,0.0297298374385543),
 .UNSPECIFIED.);
#59=B_SPLINE_CURVE_WITH_KNOTS('',3,(#629,#630,#631,#632),.UNSPECIFIED.,
 .F.,.F.,(4,4),(0.00199725987885477,0.99525969322937),.UNSPECIFIED.);
#60=B_SPLINE_CURVE_WITH_KNOTS('',3,(#977,#978,#979,#980,#981),
 .UNSPECIFIED.,.F.,.F.,(4,1,4),(0.,0.00198758696889395,0.0039751739377879),
 .UNSPECIFIED.);
#61=B_SPLINE_CURVE_WITH_KNOTS('',3,(#1226,#1227,#1228,#1229,#1230),
 .UNSPECIFIED.,.F.,.F.,(4,1,4),(0.,0.00252365356313084,0.00504730712626167),
 .UNSPECIFIED.);
#62=B_SPLINE_CURVE_WITH_KNOTS('',3,(#1575,#1576,#1577,#1578,#1579),
 .UNSPECIFIED.,.F.,.F.,(4,1,4),(0.,0.00252365356313099,0.00504730712626198),
 .UNSPECIFIED.);
#63=B_SPLINE_CURVE_WITH_KNOTS('',3,(#1824,#1825,#1826,#1827,#1828),
 .UNSPECIFIED.,.F.,.F.,(4,1,4),(0.,0.00198758696889383,0.00397517393778765),
 .UNSPECIFIED.);
#64=B_SPLINE_CURVE_WITH_KNOTS('',3,(#2148,#2149,#2150,#2151,#2152),
 .UNSPECIFIED.,.F.,.F.,(4,1,4),(0.,0.00256009399301651,0.00512018798603301),
 .UNSPECIFIED.);
#65=B_SPLINE_CURVE_WITH_KNOTS('',3,(#2154,#2155,#2156,#2157,#2158,#2159,
#2160,#2161,#2162,#2163,#2164,#2165,#2166,#2167,#2168,#2169,#2170,#2171,
#2172,#2173,#2174,#2175,#2176,#2177,#2178,#2179,#2180,#2181,#2182,#2183,
#2184,#2185,#2186,#2187,#2188,#2189,#2190,#2191,#2192,#2193,#2194,#2195,
#2196,#2197,#2198,#2199,#2200,#2201,#2202,#2203,#2204,#2205,#2206,#2207,
#2208,#2209,#2210,#2211,#2212,#2213,#2214,#2215,#2216,#2217,#2218,#2219,
#2220),.UNSPECIFIED.,.F.,.F.,(4,1,1,1,1,1,1,1,1,1,1,1,1,1,1,1,1,1,1,1,1,
1,1,1,1,1,1,1,1,1,1,1,1,1,1,1,1,1,1,1,1,1,1,1,1,1,1,1,1,1,1,1,1,1,1,1,1,
1,1,1,1,1,1,1,4),(0.300090116081896,0.311026207580898,0.321962299079901,
0.332898390578903,0.343834482077906,0.354770573576908,0.365706665075911,
0.376642756574913,0.387578848073915,0.398514939572918,0.40945103107192,
0.420387122570923,0.431323214069925,0.442259305568928,0.45319539706793,
0.464131488566932,0.475067580065935,0.486003671564937,0.49693976306394,
0.507875854562942,0.518811946061945,0.529748037560947,0.540684129059949,
0.551620220558952,0.562556312057954,0.573492403556957,0.584428495055959,
0.595364586554962,0.606300678053964,0.617236769552966,0.628172861051969,
0.639108952550971,0.650045044049974,0.660981135548976,0.671917227047979,
0.682853318546981,0.693789410045983,0.704725501544986,0.715661593043988,
0.726597684542991,0.737533776041993,0.748469867540996,0.759405959039998,
0.770342050539,0.781278142038003,0.792214233537005,0.803150325036008,0.81408641653501,
0.825022508034013,0.835958599533015,0.846894691032017,0.85783078253102,
0.868766874030022,0.879702965529025,0.890639057028027,0.90157514852703,
0.912511240026032,0.923447331525034,0.934383423024037,0.945319514523039,
0.956255606022042,0.967191697521044,0.978127789020047,0.989063880519049,
0.999999972018051),.UNSPECIFIED.);
#66=B_SPLINE_CURVE_WITH_KNOTS('',3,(#2465,#2466,#2467,#2468,#2469),
 .UNSPECIFIED.,.F.,.F.,(4,1,4),(0.,0.00205145959054445,0.0041029191810889),
 .UNSPECIFIED.);
#67=B_SPLINE_CURVE_WITH_KNOTS('',3,(#2484,#2485,#2486,#2487,#2488),
 .UNSPECIFIED.,.F.,.F.,(4,1,4),(2.06556168982976E-9,0.0025601003502069,
0.0051201986348521),.UNSPECIFIED.);
#68=B_SPLINE_CURVE_WITH_KNOTS('',3,(#2490,#2491,#2492,#2493,#2494),
 .UNSPECIFIED.,.F.,.F.,(4,1,4),(4.38854183572088E-17,0.00205145959054445,
0.00410291918108885),.UNSPECIFIED.);
#69=B_SPLINE_CURVE_WITH_KNOTS('',3,(#3054,#3055,#3056,#3057,#3058,#3059,
#3060,#3061,#3062,#3063,#3064,#3065,#3066,#3067,#3068,#3069,#3070,#3071,
#3072,#3073,#3074,#3075,#3076,#3077,#3078,#3079,#3080,#3081,#3082,#3083,
#3084,#3085,#3086,#3087,#3088,#3089,#3090,#3091,#3092,#3093,#3094,#3095,
#3096,#3097,#3098,#3099,#3100,#3101,#3102,#3103,#3104,#3105,#3106,#3107,
#3108,#3109,#3110,#3111,#3112,#3113,#3114,#3115,#3116,#3117,#3118,#3119,
#3120),.UNSPECIFIED.,.F.,.F.,(4,1,1,1,1,1,1,1,1,1,1,1,1,1,1,1,1,1,1,1,1,
1,1,1,1,1,1,1,1,1,1,1,1,1,1,1,1,1,1,1,1,1,1,1,1,1,1,1,1,1,1,1,1,1,1,1,1,
1,1,1,1,1,1,1,4),(0.300090116081895,0.311026207580898,0.3219622990799,0.332898390578903,
0.343834482077905,0.354770573576908,0.36570666507591,0.376642756574913,
0.387578848073915,0.398514939572917,0.40945103107192,0.420387122570922,
0.431323214069925,0.442259305568927,0.45319539706793,0.464131488566932,
0.475067580065934,0.486003671564937,0.496939763063939,0.507875854562942,
0.518811946061944,0.529748037560947,0.540684129059949,0.551620220558952,
0.562556312057954,0.573492403556956,0.584428495055959,0.595364586554961,
0.606300678053964,0.617236769552966,0.628172861051969,0.639108952550971,
0.650045044049973,0.660981135548976,0.671917227047978,0.682853318546981,
0.693789410045983,0.704725501544986,0.715661593043988,0.72659768454299,
0.737533776041993,0.748469867540995,0.759405959039998,0.770342050539,0.781278142038003,
0.792214233537005,0.803150325036007,0.81408641653501,0.825022508034012,
0.835958599533015,0.846894691032017,0.85783078253102,0.868766874030022,
0.879702965529025,0.890639057028027,0.90157514852703,0.912511240026032,
0.923447331525034,0.934383423024037,0.945319514523039,0.956255606022042,
0.967191697521044,0.978127789020047,0.989063880519049,0.999999972018051),
 .UNSPECIFIED.);
#70=ORIENTED_EDGE('',*,*,#192,.F.);
#71=ORIENTED_EDGE('',*,*,#193,.T.);
#72=ORIENTED_EDGE('',*,*,#194,.T.);
#73=ORIENTED_EDGE('',*,*,#195,.T.);
#74=ORIENTED_EDGE('',*,*,#196,.F.);
#75=ORIENTED_EDGE('',*,*,#197,.F.);
#76=ORIENTED_EDGE('',*,*,#198,.T.);
#77=ORIENTED_EDGE('',*,*,#199,.F.);
#78=ORIENTED_EDGE('',*,*,#200,.T.);
#79=ORIENTED_EDGE('',*,*,#201,.T.);
#80=ORIENTED_EDGE('',*,*,#194,.F.);
#81=ORIENTED_EDGE('',*,*,#202,.T.);
#82=ORIENTED_EDGE('',*,*,#197,.T.);
#83=ORIENTED_EDGE('',*,*,#203,.T.);
#84=ORIENTED_EDGE('',*,*,#196,.T.);
#85=ORIENTED_EDGE('',*,*,#204,.T.);
#86=ORIENTED_EDGE('',*,*,#200,.F.);
#87=ORIENTED_EDGE('',*,*,#205,.T.);
#88=ORIENTED_EDGE('',*,*,#199,.T.);
#89=ORIENTED_EDGE('',*,*,#206,.T.);
#90=ORIENTED_EDGE('',*,*,#192,.T.);
#91=ORIENTED_EDGE('',*,*,#205,.F.);
#92=ORIENTED_EDGE('',*,*,#207,.F.);
#93=ORIENTED_EDGE('',*,*,#208,.F.);
#94=ORIENTED_EDGE('',*,*,#209,.F.);
#95=ORIENTED_EDGE('',*,*,#210,.F.);
#96=ORIENTED_EDGE('',*,*,#211,.F.);
#97=ORIENTED_EDGE('',*,*,#212,.F.);
#98=ORIENTED_EDGE('',*,*,#213,.F.);
#99=ORIENTED_EDGE('',*,*,#214,.F.);
#100=ORIENTED_EDGE('',*,*,#215,.F.);
#101=ORIENTED_EDGE('',*,*,#216,.T.);
#102=ORIENTED_EDGE('',*,*,#217,.F.);
#103=ORIENTED_EDGE('',*,*,#218,.F.);
#104=ORIENTED_EDGE('',*,*,#219,.T.);
#105=ORIENTED_EDGE('',*,*,#220,.F.);
#106=ORIENTED_EDGE('',*,*,#221,.T.);
#107=ORIENTED_EDGE('',*,*,#210,.T.);
#108=ORIENTED_EDGE('',*,*,#222,.F.);
#109=ORIENTED_EDGE('',*,*,#223,.F.);
#110=ORIENTED_EDGE('',*,*,#224,.T.);
#111=ORIENTED_EDGE('',*,*,#211,.T.);
#112=ORIENTED_EDGE('',*,*,#221,.F.);
#113=ORIENTED_EDGE('',*,*,#225,.F.);
#114=ORIENTED_EDGE('',*,*,#222,.T.);
#115=ORIENTED_EDGE('',*,*,#212,.T.);
#116=ORIENTED_EDGE('',*,*,#224,.F.);
#117=ORIENTED_EDGE('',*,*,#226,.F.);
#118=ORIENTED_EDGE('',*,*,#227,.T.);
#119=ORIENTED_EDGE('',*,*,#208,.T.);
#120=ORIENTED_EDGE('',*,*,#228,.F.);
#121=ORIENTED_EDGE('',*,*,#229,.F.);
#122=ORIENTED_EDGE('',*,*,#228,.T.);
#123=ORIENTED_EDGE('',*,*,#207,.T.);
#124=ORIENTED_EDGE('',*,*,#230,.F.);
#125=ORIENTED_EDGE('',*,*,#231,.F.);
#126=ORIENTED_EDGE('',*,*,#230,.T.);
#127=ORIENTED_EDGE('',*,*,#209,.T.);
#128=ORIENTED_EDGE('',*,*,#227,.F.);
#129=ORIENTED_EDGE('',*,*,#232,.F.);
#130=ORIENTED_EDGE('',*,*,#219,.F.);
#131=ORIENTED_EDGE('',*,*,#218,.T.);
#132=ORIENTED_EDGE('',*,*,#233,.T.);
#133=ORIENTED_EDGE('',*,*,#234,.F.);
#134=ORIENTED_EDGE('',*,*,#235,.F.);
#135=ORIENTED_EDGE('',*,*,#233,.F.);
#136=ORIENTED_EDGE('',*,*,#217,.T.);
#137=ORIENTED_EDGE('',*,*,#236,.T.);
#138=ORIENTED_EDGE('',*,*,#237,.F.);
#139=ORIENTED_EDGE('',*,*,#236,.F.);
#140=ORIENTED_EDGE('',*,*,#220,.T.);
#141=ORIENTED_EDGE('',*,*,#235,.T.);
#142=ORIENTED_EDGE('',*,*,#238,.F.);
#143=ORIENTED_EDGE('',*,*,#239,.T.);
#144=ORIENTED_EDGE('',*,*,#240,.T.);
#145=ORIENTED_EDGE('',*,*,#241,.T.);
#146=ORIENTED_EDGE('',*,*,#242,.T.);
#147=ORIENTED_EDGE('',*,*,#234,.T.);
#148=ORIENTED_EDGE('',*,*,#237,.T.);
#149=ORIENTED_EDGE('',*,*,#238,.T.);
#150=ORIENTED_EDGE('',*,*,#229,.T.);
#151=ORIENTED_EDGE('',*,*,#231,.T.);
#152=ORIENTED_EDGE('',*,*,#232,.T.);
#153=ORIENTED_EDGE('',*,*,#226,.T.);
#154=ORIENTED_EDGE('',*,*,#225,.T.);
#155=ORIENTED_EDGE('',*,*,#223,.T.);
#156=ORIENTED_EDGE('',*,*,#243,.T.);
#157=ORIENTED_EDGE('',*,*,#244,.T.);
#158=ORIENTED_EDGE('',*,*,#245,.T.);
#159=ORIENTED_EDGE('',*,*,#246,.F.);
#160=ORIENTED_EDGE('',*,*,#214,.T.);
#161=ORIENTED_EDGE('',*,*,#247,.T.);
#162=ORIENTED_EDGE('',*,*,#245,.F.);
#163=ORIENTED_EDGE('',*,*,#216,.F.);
#164=ORIENTED_EDGE('',*,*,#215,.T.);
#165=ORIENTED_EDGE('',*,*,#246,.T.);
#166=ORIENTED_EDGE('',*,*,#244,.F.);
#167=ORIENTED_EDGE('',*,*,#248,.F.);
#168=ORIENTED_EDGE('',*,*,#247,.F.);
#169=ORIENTED_EDGE('',*,*,#213,.T.);
#170=ORIENTED_EDGE('',*,*,#248,.T.);
#171=ORIENTED_EDGE('',*,*,#243,.F.);
#172=ORIENTED_EDGE('',*,*,#249,.F.);
#173=ORIENTED_EDGE('',*,*,#195,.F.);
#174=ORIENTED_EDGE('',*,*,#250,.F.);
#175=ORIENTED_EDGE('',*,*,#242,.F.);
#176=ORIENTED_EDGE('',*,*,#250,.T.);
#177=ORIENTED_EDGE('',*,*,#203,.F.);
#178=ORIENTED_EDGE('',*,*,#251,.F.);
#179=ORIENTED_EDGE('',*,*,#239,.F.);
#180=ORIENTED_EDGE('',*,*,#249,.T.);
#181=ORIENTED_EDGE('',*,*,#241,.F.);
#182=ORIENTED_EDGE('',*,*,#252,.F.);
#183=ORIENTED_EDGE('',*,*,#204,.F.);
#184=ORIENTED_EDGE('',*,*,#251,.T.);
#185=ORIENTED_EDGE('',*,*,#201,.F.);
#186=ORIENTED_EDGE('',*,*,#252,.T.);
#187=ORIENTED_EDGE('',*,*,#240,.F.);
#188=ORIENTED_EDGE('',*,*,#193,.F.);
#189=ORIENTED_EDGE('',*,*,#206,.F.);
#190=ORIENTED_EDGE('',*,*,#198,.F.);
#191=ORIENTED_EDGE('',*,*,#202,.F.);
#192=EDGE_CURVE('',#253,#254,#293,.T.);
#193=EDGE_CURVE('',#253,#255,#294,.F.);
#194=EDGE_CURVE('',#255,#256,#295,.T.);
#195=EDGE_CURVE('',#256,#257,#296,.T.);
#196=EDGE_CURVE('',#254,#257,#297,.T.);
#197=EDGE_CURVE('',#258,#259,#298,.T.);
#198=EDGE_CURVE('',#258,#260,#299,.F.);
#199=EDGE_CURVE('',#261,#260,#300,.T.);
#200=EDGE_CURVE('',#261,#262,#301,.T.);
#201=EDGE_CURVE('',#262,#259,#302,.F.);
#202=EDGE_CURVE('',#255,#258,#303,.T.);
#203=EDGE_CURVE('',#259,#256,#304,.F.);
#204=EDGE_CURVE('',#257,#262,#305,.T.);
#205=EDGE_CURVE('',#261,#254,#306,.T.);
#206=EDGE_CURVE('',#260,#253,#307,.T.);
#207=EDGE_CURVE('',#263,#264,#50,.F.);
#208=EDGE_CURVE('',#265,#263,#51,.F.);
#209=EDGE_CURVE('',#264,#265,#42,.F.);
#210=EDGE_CURVE('',#266,#267,#52,.F.);
#211=EDGE_CURVE('',#268,#266,#53,.F.);
#212=EDGE_CURVE('',#267,#268,#43,.F.);
#213=EDGE_CURVE('',#269,#270,#44,.F.);
#214=EDGE_CURVE('',#271,#269,#54,.F.);
#215=EDGE_CURVE('',#272,#271,#55,.F.);
#216=EDGE_CURVE('',#272,#270,#56,.F.);
#217=EDGE_CURVE('',#273,#274,#57,.F.);
#218=EDGE_CURVE('',#275,#273,#58,.F.);
#219=EDGE_CURVE('',#275,#276,#59,.F.);
#220=EDGE_CURVE('',#274,#276,#45,.F.);
#221=EDGE_CURVE('',#277,#266,#24,.T.);
#222=EDGE_CURVE('',#278,#267,#25,.T.);
#223=EDGE_CURVE('',#277,#278,#60,.T.);
#224=EDGE_CURVE('',#279,#268,#26,.T.);
#225=EDGE_CURVE('',#279,#277,#61,.T.);
#226=EDGE_CURVE('',#278,#279,#46,.T.);
#227=EDGE_CURVE('',#280,#265,#27,.T.);
#228=EDGE_CURVE('',#281,#263,#28,.T.);
#229=EDGE_CURVE('',#280,#281,#62,.T.);
#230=EDGE_CURVE('',#282,#264,#29,.T.);
#231=EDGE_CURVE('',#281,#282,#63,.T.);
#232=EDGE_CURVE('',#282,#280,#47,.T.);
#233=EDGE_CURVE('',#273,#283,#30,.T.);
#234=EDGE_CURVE('',#284,#283,#64,.T.);
#235=EDGE_CURVE('',#276,#284,#65,.T.);
#236=EDGE_CURVE('',#274,#285,#31,.T.);
#237=EDGE_CURVE('',#283,#285,#66,.T.);
#238=EDGE_CURVE('',#285,#284,#48,.T.);
#239=EDGE_CURVE('',#286,#287,#308,.T.);
#240=EDGE_CURVE('',#287,#288,#309,.T.);
#241=EDGE_CURVE('',#288,#289,#310,.F.);
#242=EDGE_CURVE('',#289,#286,#311,.F.);
#243=EDGE_CURVE('',#290,#291,#49,.T.);
#244=EDGE_CURVE('',#291,#292,#67,.T.);
#245=EDGE_CURVE('',#292,#290,#68,.T.);
#246=EDGE_CURVE('',#271,#292,#32,.T.);
#247=EDGE_CURVE('',#269,#290,#33,.T.);
#248=EDGE_CURVE('',#270,#291,#69,.T.);
#249=EDGE_CURVE('',#257,#289,#12,.F.);
#250=EDGE_CURVE('',#286,#256,#13,.T.);
#251=EDGE_CURVE('',#287,#259,#14,.F.);
#252=EDGE_CURVE('',#262,#288,#15,.F.);
#253=VERTEX_POINT('',#541);
#254=VERTEX_POINT('',#542);
#255=VERTEX_POINT('',#544);
#256=VERTEX_POINT('',#546);
#257=VERTEX_POINT('',#548);
#258=VERTEX_POINT('',#552);
#259=VERTEX_POINT('',#553);
#260=VERTEX_POINT('',#555);
#261=VERTEX_POINT('',#557);
#262=VERTEX_POINT('',#559);
#263=VERTEX_POINT('',#574);
#264=VERTEX_POINT('',#575);
#265=VERTEX_POINT('',#581);
#266=VERTEX_POINT('',#588);
#267=VERTEX_POINT('',#589);
#268=VERTEX_POINT('',#595);
#269=VERTEX_POINT('',#598);
#270=VERTEX_POINT('',#599);
#271=VERTEX_POINT('',#605);
#272=VERTEX_POINT('',#611);
#273=VERTEX_POINT('',#621);
#274=VERTEX_POINT('',#622);
#275=VERTEX_POINT('',#628);
#276=VERTEX_POINT('',#633);
#277=VERTEX_POINT('',#878);
#278=VERTEX_POINT('',#976);
#279=VERTEX_POINT('',#1225);
#280=VERTEX_POINT('',#1476);
#281=VERTEX_POINT('',#1574);
#282=VERTEX_POINT('',#1823);
#283=VERTEX_POINT('',#2147);
#284=VERTEX_POINT('',#2153);
#285=VERTEX_POINT('',#2464);
#286=VERTEX_POINT('',#2474);
#287=VERTEX_POINT('',#2475);
#288=VERTEX_POINT('',#2477);
#289=VERTEX_POINT('',#2479);
#290=VERTEX_POINT('',#2482);
#291=VERTEX_POINT('',#2483);
#292=VERTEX_POINT('',#2489);
#293=LINE('',#540,#312);
#294=LINE('',#543,#313);
#295=LINE('',#545,#314);
#296=LINE('',#547,#315);
#297=LINE('',#549,#316);
#298=LINE('',#551,#317);
#299=LINE('',#554,#318);
#300=LINE('',#556,#319);
#301=LINE('',#558,#320);
#302=LINE('',#560,#321);
#303=LINE('',#562,#322);
#304=LINE('',#563,#323);
#305=LINE('',#565,#324);
#306=LINE('',#566,#325);
#307=LINE('',#568,#326);
#308=LINE('',#2473,#327);
#309=LINE('',#2476,#328);
#310=LINE('',#2478,#329);
#311=LINE('',#2480,#330);
#312=VECTOR('',#467,1.);
#313=VECTOR('',#468,1.);
#314=VECTOR('',#469,1.);
#315=VECTOR('',#470,1.);
#316=VECTOR('',#471,1.);
#317=VECTOR('',#474,1.);
#318=VECTOR('',#475,1.);
#319=VECTOR('',#476,1.);
#320=VECTOR('',#477,1.);
#321=VECTOR('',#478,1.);
#322=VECTOR('',#481,1.);
#323=VECTOR('',#482,1.);
#324=VECTOR('',#485,1.);
#325=VECTOR('',#486,1.);
#326=VECTOR('',#489,1.);
#327=VECTOR('',#512,1.);
#328=VECTOR('',#513,1.);
#329=VECTOR('',#514,1.);
#330=VECTOR('',#515,1.);
#331=EDGE_LOOP('',(#70,#71,#72,#73,#74));
#332=EDGE_LOOP('',(#75,#76,#77,#78,#79));
#333=EDGE_LOOP('',(#80,#81,#82,#83));
#334=EDGE_LOOP('',(#84,#85,#86,#87));
#335=EDGE_LOOP('',(#88,#89,#90,#91));
#336=EDGE_LOOP('',(#92,#93,#94));
#337=EDGE_LOOP('',(#95,#96,#97));
#338=EDGE_LOOP('',(#98,#99,#100,#101));
#339=EDGE_LOOP('',(#102,#103,#104,#105));
#340=EDGE_LOOP('',(#106,#107,#108,#109));
#341=EDGE_LOOP('',(#110,#111,#112,#113));
#342=EDGE_LOOP('',(#114,#115,#116,#117));
#343=EDGE_LOOP('',(#118,#119,#120,#121));
#344=EDGE_LOOP('',(#122,#123,#124,#125));
#345=EDGE_LOOP('',(#126,#127,#128,#129));
#346=EDGE_LOOP('',(#130,#131,#132,#133,#134));
#347=EDGE_LOOP('',(#135,#136,#137,#138));
#348=EDGE_LOOP('',(#139,#140,#141,#142));
#349=EDGE_LOOP('',(#143,#144,#145,#146));
#350=EDGE_LOOP('',(#147,#148,#149));
#351=EDGE_LOOP('',(#150,#151,#152));
#352=EDGE_LOOP('',(#153,#154,#155));
#353=EDGE_LOOP('',(#156,#157,#158));
#354=EDGE_LOOP('',(#159,#160,#161,#162));
#355=EDGE_LOOP('',(#163,#164,#165,#166,#167));
#356=EDGE_LOOP('',(#168,#169,#170,#171));
#357=EDGE_LOOP('',(#172,#173,#174,#175));
#358=EDGE_LOOP('',(#176,#177,#178,#179));
#359=EDGE_LOOP('',(#180,#181,#182,#183));
#360=EDGE_LOOP('',(#184,#185,#186,#187));
#361=EDGE_LOOP('',(#188,#189,#190,#191));
#362=FACE_BOUND('',#331,.T.);
#363=FACE_BOUND('',#332,.T.);
#364=FACE_BOUND('',#333,.T.);
#365=FACE_BOUND('',#334,.T.);
#366=FACE_BOUND('',#335,.T.);
#367=FACE_BOUND('',#336,.T.);
#368=FACE_BOUND('',#337,.T.);
#369=FACE_BOUND('',#338,.T.);
#370=FACE_BOUND('',#339,.T.);
#371=FACE_BOUND('',#340,.T.);
#372=FACE_BOUND('',#341,.T.);
#373=FACE_BOUND('',#342,.T.);
#374=FACE_BOUND('',#343,.T.);
#375=FACE_BOUND('',#344,.T.);
#376=FACE_BOUND('',#345,.T.);
#377=FACE_BOUND('',#346,.T.);
#378=FACE_BOUND('',#347,.T.);
#379=FACE_BOUND('',#348,.T.);
#380=FACE_BOUND('',#349,.T.);
#381=FACE_BOUND('',#350,.T.);
#382=FACE_BOUND('',#351,.T.);
#383=FACE_BOUND('',#352,.T.);
#384=FACE_BOUND('',#353,.T.);
#385=FACE_BOUND('',#354,.T.);
#386=FACE_BOUND('',#355,.T.);
#387=FACE_BOUND('',#356,.T.);
#388=FACE_BOUND('',#357,.T.);
#389=FACE_BOUND('',#358,.T.);
#390=FACE_BOUND('',#359,.T.);
#391=FACE_BOUND('',#360,.T.);
#392=FACE_BOUND('',#361,.T.);
#393=PLANE('',#436);
#394=PLANE('',#437);
#395=PLANE('',#438);
#396=PLANE('',#439);
#397=PLANE('',#440);
#398=PLANE('',#451);
#399=PLANE('',#462);
#400=ADVANCED_FACE('',(#362),#393,.T.);
#401=ADVANCED_FACE('',(#363),#394,.T.);
#402=ADVANCED_FACE('',(#364),#395,.T.);
#403=ADVANCED_FACE('',(#365),#396,.T.);
#404=ADVANCED_FACE('',(#366,#367,#368,#369,#370),#397,.T.);
#405=ADVANCED_FACE('',(#371),#34,.F.);
#406=ADVANCED_FACE('',(#372),#35,.F.);
#407=ADVANCED_FACE('',(#373),#16,.F.);
#408=ADVANCED_FACE('',(#374),#36,.F.);
#409=ADVANCED_FACE('',(#375),#37,.F.);
#410=ADVANCED_FACE('',(#376),#17,.F.);
#411=ADVANCED_FACE('',(#377),#38,.F.);
#412=ADVANCED_FACE('',(#378),#39,.F.);
#413=ADVANCED_FACE('',(#379),#18,.F.);
#414=ADVANCED_FACE('',(#380,#381,#382,#383,#384),#398,.F.);
#415=ADVANCED_FACE('',(#385),#40,.F.);
#416=ADVANCED_FACE('',(#386),#41,.F.);
#417=ADVANCED_FACE('',(#387),#19,.F.);
#418=ADVANCED_FACE('',(#388),#20,.T.);
#419=ADVANCED_FACE('',(#389),#21,.T.);
#420=ADVANCED_FACE('',(#390),#22,.T.);
#421=ADVANCED_FACE('',(#391),#23,.T.);
#422=ADVANCED_FACE('',(#392),#399,.F.);
#423=CLOSED_SHELL('',(#400,#401,#402,#403,#404,#405,#406,#407,#408,#409,
#410,#411,#412,#413,#414,#415,#416,#417,#418,#419,#420,#421,#422));
#424=STYLED_ITEM('',(#425),#432);
#425=PRESENTATION_STYLE_ASSIGNMENT((#426));
#426=SURFACE_STYLE_USAGE(.BOTH.,#427);
#427=SURFACE_SIDE_STYLE('',(#428));
#428=SURFACE_STYLE_FILL_AREA(#429);
#429=FILL_AREA_STYLE('',(#430));
#430=FILL_AREA_STYLE_COLOUR('',#431);
#431=COLOUR_RGB('',0.615686274509804,0.811764705882353,0.929411764705882);
#432=MANIFOLD_SOLID_BREP('Part 1',#423);
#433=SHAPE_DEFINITION_REPRESENTATION(#3137,#434);
#434=SHAPE_REPRESENTATION('Part 1',(#435),#3132);
#435=AXIS2_PLACEMENT_3D('',#538,#463,#464);
#436=AXIS2_PLACEMENT_3D('',#539,#465,#466);
#437=AXIS2_PLACEMENT_3D('',#550,#472,#473);
#438=AXIS2_PLACEMENT_3D('',#561,#479,#480);
#439=AXIS2_PLACEMENT_3D('',#564,#483,#484);
#440=AXIS2_PLACEMENT_3D('',#567,#487,#488);
#441=AXIS2_PLACEMENT_3D('',#582,#490,#491);
#442=AXIS2_PLACEMENT_3D('',#596,#492,#493);
#443=AXIS2_PLACEMENT_3D('',#597,#494,#495);
#444=AXIS2_PLACEMENT_3D('',#634,#496,#497);
#445=AXIS2_PLACEMENT_3D('',#1231,#498,#499);
#446=AXIS2_PLACEMENT_3D('',#1232,#500,#501);
#447=AXIS2_PLACEMENT_3D('',#1829,#502,#503);
#448=AXIS2_PLACEMENT_3D('',#1830,#504,#505);
#449=AXIS2_PLACEMENT_3D('',#2470,#506,#507);
#450=AXIS2_PLACEMENT_3D('',#2471,#508,#509);
#451=AXIS2_PLACEMENT_3D('',#2472,#510,#511);
#452=AXIS2_PLACEMENT_3D('',#2481,#516,#517);
#453=AXIS2_PLACEMENT_3D('',#3121,#518,#519);
#454=AXIS2_PLACEMENT_3D('',#3122,#520,#521);
#455=AXIS2_PLACEMENT_3D('',#3123,#522,#523);
#456=AXIS2_PLACEMENT_3D('',#3124,#524,#525);
#457=AXIS2_PLACEMENT_3D('',#3125,#526,#527);
#458=AXIS2_PLACEMENT_3D('',#3126,#528,#529);
#459=AXIS2_PLACEMENT_3D('',#3127,#530,#531);
#460=AXIS2_PLACEMENT_3D('',#3128,#532,#533);
#461=AXIS2_PLACEMENT_3D('',#3129,#534,#535);
#462=AXIS2_PLACEMENT_3D('',#3130,#536,#537);
#463=DIRECTION('',(0.,0.,1.));
#464=DIRECTION('',(1.,0.,0.));
#465=DIRECTION('',(-1.,0.,0.));
#466=DIRECTION('',(0.,-1.,0.));
#467=DIRECTION('',(0.,-1.,0.));
#468=DIRECTION('',(0.,-0.707106781186548,0.707106781186548));
#469=DIRECTION('',(0.,0.,-1.));
#470=DIRECTION('',(0.,-1.,0.));
#471=DIRECTION('',(0.,0.,-1.));
#472=DIRECTION('',(1.,0.,0.));
#473=DIRECTION('',(0.,1.,0.));
#474=DIRECTION('',(0.,0.,-1.));
#475=DIRECTION('',(0.,0.707106781186548,-0.707106781186548));
#476=DIRECTION('',(0.,1.,0.));
#477=DIRECTION('',(0.,0.,-1.));
#478=DIRECTION('',(0.,-1.,0.));
#479=DIRECTION('',(0.,1.,0.));
#480=DIRECTION('',(-1.,0.,0.));
#481=DIRECTION('',(1.,0.,0.));
#482=DIRECTION('',(1.,0.,0.));
#483=DIRECTION('',(0.,-1.,0.));
#484=DIRECTION('',(1.,0.,0.));
#485=DIRECTION('',(1.,0.,0.));
#486=DIRECTION('',(-1.,0.,0.));
#487=DIRECTION('',(0.,0.,1.));
#488=DIRECTION('',(1.,0.,0.));
#489=DIRECTION('',(-1.,0.,0.));
#490=DIRECTION('',(0.,0.,-1.));
#491=DIRECTION('',(-1.,0.,0.));
#492=DIRECTION('',(0.,0.,-1.));
#493=DIRECTION('',(-1.,0.,0.));
#494=DIRECTION('',(0.,0.,-1.));
#495=DIRECTION('',(-1.,0.,0.));
#496=DIRECTION('',(0.,0.,-1.));
#497=DIRECTION('',(-1.,0.,0.));
#498=DIRECTION('',(0.,0.,1.));
#499=DIRECTION('',(1.,0.,0.));
#500=DIRECTION('',(0.,0.,1.));
#501=DIRECTION('',(1.,0.,0.));
#502=DIRECTION('',(0.,0.,1.));
#503=DIRECTION('',(1.,0.,0.));
#504=DIRECTION('',(0.,0.,1.));
#505=DIRECTION('',(1.,0.,0.));
#506=DIRECTION('',(0.,0.,1.));
#507=DIRECTION('',(1.,0.,0.));
#508=DIRECTION('',(0.,0.,1.));
#509=DIRECTION('',(1.,0.,0.));
#510=DIRECTION('',(0.,0.,1.));
#511=DIRECTION('',(1.,0.,0.));
#512=DIRECTION('',(1.,0.,0.));
#513=DIRECTION('',(0.,-1.,0.));
#514=DIRECTION('',(1.,0.,0.));
#515=DIRECTION('',(0.,-1.,0.));
#516=DIRECTION('',(0.,0.,1.));
#517=DIRECTION('',(1.,0.,0.));
#518=DIRECTION('',(0.,0.,1.));
#519=DIRECTION('',(1.,0.,0.));
#520=DIRECTION('',(0.,1.,0.));
#521=DIRECTION('',(0.,0.,1.));
#522=DIRECTION('',(-0.707106781186548,0.707106781186548,0.));
#523=DIRECTION('',(-0.707106781186548,-0.707106781186548,0.));
#524=DIRECTION('',(0.707106781186548,0.707106781186548,0.));
#525=DIRECTION('',(-0.707106781186548,0.707106781186548,0.));
#526=DIRECTION('',(-1.,0.,0.));
#527=DIRECTION('',(0.,0.,1.));
#528=DIRECTION('',(-0.707106781186548,0.707106781186548,0.));
#529=DIRECTION('',(-0.707106781186548,-0.707106781186548,0.));
#530=DIRECTION('',(-1.,0.,0.));
#531=DIRECTION('',(0.,0.,1.));
#532=DIRECTION('',(-0.707106781186548,-0.707106781186548,0.));
#533=DIRECTION('',(-0.707106781186548,0.707106781186548,0.));
#534=DIRECTION('',(0.,1.,0.));
#535=DIRECTION('',(0.,0.,1.));
#536=DIRECTION('',(0.,-0.707106781186548,-0.707106781186548));
#537=DIRECTION('',(1.,0.,0.));
#538=CARTESIAN_POINT('',(0.,0.,0.));
#539=CARTESIAN_POINT('',(-0.110060300585014,0.0181378966594376,-0.0142));
#540=CARTESIAN_POINT('',(-0.110060300585014,0.0181378966594376,-0.0142));
#541=CARTESIAN_POINT('',(-0.110060300585014,0.0921378966594377,-0.0142));
#542=CARTESIAN_POINT('',(-0.110060300585014,-0.0568621033405624,-0.0142));
#543=CARTESIAN_POINT('',(-0.110060300585014,0.0551378966594377,0.0228));
#544=CARTESIAN_POINT('',(-0.110060300585014,0.0931378966594377,-0.0152));
#545=CARTESIAN_POINT('',(-0.110060300585014,0.0931378966594377,-0.0052));
#546=CARTESIAN_POINT('',(-0.110060300585014,0.0931378966594377,-0.0182));
#547=CARTESIAN_POINT('',(-0.110060300585014,-0.0568621033405624,-0.0182));
#548=CARTESIAN_POINT('',(-0.110060300585014,-0.0568621033405624,-0.0182));
#549=CARTESIAN_POINT('',(-0.110060300585014,-0.0568621033405624,-0.0052));
#550=CARTESIAN_POINT('',(0.0879396994149859,0.0181378966594376,-0.0002));
#551=CARTESIAN_POINT('',(0.0879396994149859,0.0931378966594377,-0.0052));
#552=CARTESIAN_POINT('',(0.0879396994149859,0.0931378966594377,-0.0152));
#553=CARTESIAN_POINT('',(0.0879396994149859,0.0931378966594377,-0.0182));
#554=CARTESIAN_POINT('',(0.0879396994149859,0.0481378966594377,0.0298));
#555=CARTESIAN_POINT('',(0.0879396994149859,0.0921378966594377,-0.0142));
#556=CARTESIAN_POINT('',(0.0879396994149859,0.0181378966594376,-0.0142));
#557=CARTESIAN_POINT('',(0.0879396994149859,-0.0568621033405624,-0.0142));
#558=CARTESIAN_POINT('',(0.0879396994149859,-0.0568621033405624,-0.0052));
#559=CARTESIAN_POINT('',(0.0879396994149859,-0.0568621033405624,-0.0182));
#560=CARTESIAN_POINT('',(0.0879396994149859,0.0931378966594377,-0.0182));
#561=CARTESIAN_POINT('',(-0.0110603005850141,0.0931378966594377,-0.0002));
#562=CARTESIAN_POINT('',(-0.0110603005850141,0.0931378966594377,-0.0152));
#563=CARTESIAN_POINT('',(-0.110060300585014,0.0931378966594377,-0.0182));
#564=CARTESIAN_POINT('',(-0.0110603005850141,-0.0568621033405624,-0.0002));
#565=CARTESIAN_POINT('',(0.0879396994149859,-0.0568621033405624,-0.0182));
#566=CARTESIAN_POINT('',(0.031939699414986,-0.0568621033405624,-0.0142));
#567=CARTESIAN_POINT('',(-0.0110603005850141,0.0282624670875389,-0.0142));
#568=CARTESIAN_POINT('',(-0.0110603005850141,0.0921378966594377,-0.0142));
#569=CARTESIAN_POINT('',(-0.097432744040875,-0.0454143648947954,-0.0142));
#570=CARTESIAN_POINT('',(-0.097111044208115,-0.0459982303735968,-0.0142));
#571=CARTESIAN_POINT('',(-0.0968673529590054,-0.0473948194529766,-0.0142));
#572=CARTESIAN_POINT('',(-0.0975159893817739,-0.048642878033199,-0.0142));
#573=CARTESIAN_POINT('',(-0.0980057314726547,-0.0491090447644848,-0.0142));
#574=CARTESIAN_POINT('',(-0.0980057314726547,-0.0491090447644848,-0.0142));
#575=CARTESIAN_POINT('',(-0.097432744040875,-0.0454143648947954,-0.0142));
#576=CARTESIAN_POINT('',(-0.0980057314726547,-0.0491090447644849,-0.0142));
#577=CARTESIAN_POINT('',(-0.0986431815146639,-0.0496731532136554,-0.0142));
#578=CARTESIAN_POINT('',(-0.100401395827798,-0.0502252972042901,-0.0142));
#579=CARTESIAN_POINT('',(-0.101995463724495,-0.0493090600745176,-0.0142));
#580=CARTESIAN_POINT('',(-0.102495353775956,-0.0486143921173576,-0.0142));
#581=CARTESIAN_POINT('',(-0.102495353775956,-0.0486143921173576,-0.0142));
#582=CARTESIAN_POINT('',(-0.100060300585014,-0.0468621033405624,-0.0142));
#583=CARTESIAN_POINT('',(-0.097432744040875,0.0845856351052047,-0.0142));
#584=CARTESIAN_POINT('',(-0.0971110442081152,0.0840017696264035,-0.0142));
#585=CARTESIAN_POINT('',(-0.0968673529590056,0.0826051805470244,-0.0142000000000001));
#586=CARTESIAN_POINT('',(-0.0975159893817729,0.0813571219668026,-0.0141999999999999));
#587=CARTESIAN_POINT('',(-0.0980057314726532,0.0808909552355166,-0.0141999999999999));
#588=CARTESIAN_POINT('',(-0.0980057314726534,0.0808909552355164,-0.0142));
#589=CARTESIAN_POINT('',(-0.097432744040875,0.0845856351052047,-0.0142));
#590=CARTESIAN_POINT('',(-0.0980057314726535,0.0808909552355163,-0.0141999999999998));
#591=CARTESIAN_POINT('',(-0.0986431815146628,0.0803268467863452,-0.0141999999999998));
#592=CARTESIAN_POINT('',(-0.100401395827797,0.0797747027957095,-0.0142000000000001));
#593=CARTESIAN_POINT('',(-0.101995463724495,0.0806909399254823,-0.0142));
#594=CARTESIAN_POINT('',(-0.102495353775956,0.0813856078826426,-0.0142));
#595=CARTESIAN_POINT('',(-0.102495353775956,0.0813856078826426,-0.0142));
#596=CARTESIAN_POINT('',(-0.100060300585014,0.0831378966594377,-0.0142));
#597=CARTESIAN_POINT('',(0.0779396994149859,0.0831378966594377,-0.0142));
#598=CARTESIAN_POINT('',(0.0805672509082884,0.0845856442721257,-0.0142));
#599=CARTESIAN_POINT('',(0.0755046683722953,0.0813855771052002,-0.0142004510240106));
#600=CARTESIAN_POINT('',(0.0805672509082883,0.0845856442721257,-0.0142));
#601=CARTESIAN_POINT('',(0.0809239990047686,0.0839883704769292,-0.0142));
#602=CARTESIAN_POINT('',(0.0811964771950703,0.0825531910697989,-0.0142));
#603=CARTESIAN_POINT('',(0.0805513184945158,0.0812575279690929,-0.0142));
#604=CARTESIAN_POINT('',(0.0800513922320855,0.080769563589967,-0.0142));
#605=CARTESIAN_POINT('',(0.0800513922320856,0.0807695635899669,-0.0142));
#606=CARTESIAN_POINT('',(0.0800513922320853,0.0807695635899667,-0.0141999999999999));
#607=CARTESIAN_POINT('',(0.0793935097337572,0.0802258414704119,-0.0141999999999999));
#608=CARTESIAN_POINT('',(0.0776004666305606,0.0797058524720915,-0.0142000000000001));
#609=CARTESIAN_POINT('',(0.0760019824246124,0.0806598837624308,-0.0142));
#610=CARTESIAN_POINT('',(0.0755123441515315,0.0813743216758398,-0.0142));
#611=CARTESIAN_POINT('',(0.0755126253031804,0.0813745143624332,-0.014199571793565));
#612=CARTESIAN_POINT('',(0.0755046684226064,0.0813855771415789,-0.0142));
#613=CARTESIAN_POINT('',(0.0755073299860598,0.0813818962513936,-0.0142));
#614=CARTESIAN_POINT('',(0.0755099915495132,0.0813782153612083,-0.0142));
#615=CARTESIAN_POINT('',(0.0755126531129667,0.081374534471023,-0.0142));
#616=CARTESIAN_POINT('',(0.0805672509082883,-0.0454143557278742,-0.0142));
#617=CARTESIAN_POINT('',(0.0809239990047688,-0.0460116295230709,-0.0142));
#618=CARTESIAN_POINT('',(0.0811964771950703,-0.047446808930202,-0.0142));
#619=CARTESIAN_POINT('',(0.080551318494515,-0.0487424720309085,-0.0142));
#620=CARTESIAN_POINT('',(0.0800513922320842,-0.0492304364100343,-0.0142));
#621=CARTESIAN_POINT('',(0.0800513922320842,-0.0492304364100343,-0.0142));
#622=CARTESIAN_POINT('',(0.0805672509082883,-0.0454143557278742,-0.0142));
#623=CARTESIAN_POINT('',(0.0800513922320842,-0.0492304364100343,-0.0142));
#624=CARTESIAN_POINT('',(0.079393509733756,-0.0497741585295886,-0.0142));
#625=CARTESIAN_POINT('',(0.0776004666305596,-0.0502941475279081,-0.0142));
#626=CARTESIAN_POINT('',(0.0760019824246122,-0.0493401162375689,-0.0142));
#627=CARTESIAN_POINT('',(0.0755123441515315,-0.0486256783241602,-0.0142));
#628=CARTESIAN_POINT('',(0.0755126253031804,-0.0486254856375668,-0.014199571793565));
#629=CARTESIAN_POINT('',(0.0755046678018566,-0.0486144232838688,-0.0142));
#630=CARTESIAN_POINT('',(0.07550722648124,-0.0486181747259616,-0.0142));
#631=CARTESIAN_POINT('',(0.0755097851606235,-0.0486219261680545,-0.0142));
#632=CARTESIAN_POINT('',(0.0755123438400069,-0.0486256776101473,-0.0142));
#633=CARTESIAN_POINT('',(0.0755046683722953,-0.0486144228947998,-0.0142004510240106));
#634=CARTESIAN_POINT('',(0.0779396994149859,-0.0468621033405624,-0.0142));
#635=CARTESIAN_POINT('',(-0.099720146927944,0.0861635032911037,-0.0212457661878402));
#636=CARTESIAN_POINT('',(-0.101011956264614,0.0863087348838385,-0.0211603660741049));
#637=CARTESIAN_POINT('',(-0.102010300585014,0.0854761652496556,-0.0210833333333333));
#638=CARTESIAN_POINT('',(-0.103360300585014,0.0843503322247358,-0.0209791666666667));
#639=CARTESIAN_POINT('',(-0.103060300585014,0.082618281417167,-0.020875));
#640=CARTESIAN_POINT('',(-0.102760300585014,0.0808862306095981,-0.0207708333333334));
#641=CARTESIAN_POINT('',(-0.101110300585014,0.080280012826949,-0.0206666666666666));
#642=CARTESIAN_POINT('',(-0.0994603005850141,0.0796737950442998,-0.0205625));
#643=CARTESIAN_POINT('',(-0.0981103005850141,0.0807996280692197,-0.0204583333333334));
#644=CARTESIAN_POINT('',(-0.0967603005850141,0.0819254610941394,-0.0203541666666666));
#645=CARTESIAN_POINT('',(-0.0970603005850141,0.0836575119017083,-0.02025));
#646=CARTESIAN_POINT('',(-0.0973603005850141,0.0853895627092771,-0.0201458333333333));
#647=CARTESIAN_POINT('',(-0.0990103005850141,0.0859957804919263,-0.0200416666666666));
#648=CARTESIAN_POINT('',(-0.100660300585014,0.0866019982745753,-0.0199375));
#649=CARTESIAN_POINT('',(-0.102010300585014,0.0854761652496556,-0.0198333333333334));
#650=CARTESIAN_POINT('',(-0.103360300585014,0.0843503322247358,-0.0197291666666667));
#651=CARTESIAN_POINT('',(-0.103060300585014,0.082618281417167,-0.019625));
#652=CARTESIAN_POINT('',(-0.102760300585014,0.0808862306095981,-0.0195208333333334));
#653=CARTESIAN_POINT('',(-0.101110300585014,0.080280012826949,-0.0194166666666667));
#654=CARTESIAN_POINT('',(-0.0994603005850141,0.0796737950442998,-0.0193125));
#655=CARTESIAN_POINT('',(-0.0981103005850141,0.0807996280692197,-0.0192083333333334));
#656=CARTESIAN_POINT('',(-0.0967603005850141,0.0819254610941394,-0.0191041666666666));
#657=CARTESIAN_POINT('',(-0.0970603005850141,0.0836575119017083,-0.019));
#658=CARTESIAN_POINT('',(-0.0973603005850141,0.0853895627092771,-0.0188958333333333));
#659=CARTESIAN_POINT('',(-0.0990103005850141,0.0859957804919263,-0.0187916666666667));
#660=CARTESIAN_POINT('',(-0.100660300585014,0.0866019982745753,-0.0186875));
#661=CARTESIAN_POINT('',(-0.102010300585014,0.0854761652496556,-0.0185833333333334));
#662=CARTESIAN_POINT('',(-0.103360300585014,0.0843503322247358,-0.0184791666666667));
#663=CARTESIAN_POINT('',(-0.103060300585014,0.082618281417167,-0.018375));
#664=CARTESIAN_POINT('',(-0.102760300585014,0.0808862306095981,-0.0182708333333333));
#665=CARTESIAN_POINT('',(-0.101110300585014,0.080280012826949,-0.0181666666666667));
#666=CARTESIAN_POINT('',(-0.0994603005850141,0.0796737950442998,-0.0180625));
#667=CARTESIAN_POINT('',(-0.0981103005850141,0.0807996280692197,-0.0179583333333334));
#668=CARTESIAN_POINT('',(-0.0967603005850141,0.0819254610941394,-0.0178541666666666));
#669=CARTESIAN_POINT('',(-0.0970603005850141,0.0836575119017083,-0.01775));
#670=CARTESIAN_POINT('',(-0.0973603005850141,0.0853895627092771,-0.0176458333333333));
#671=CARTESIAN_POINT('',(-0.0990103005850141,0.0859957804919263,-0.0175416666666666));
#672=CARTESIAN_POINT('',(-0.100660300585014,0.0866019982745753,-0.0174375));
#673=CARTESIAN_POINT('',(-0.102010300585014,0.0854761652496556,-0.0173333333333333));
#674=CARTESIAN_POINT('',(-0.103360300585014,0.0843503322247358,-0.0172291666666667));
#675=CARTESIAN_POINT('',(-0.103060300585014,0.082618281417167,-0.017125));
#676=CARTESIAN_POINT('',(-0.102760300585014,0.0808862306095981,-0.0170208333333333));
#677=CARTESIAN_POINT('',(-0.101110300585014,0.080280012826949,-0.0169166666666666));
#678=CARTESIAN_POINT('',(-0.0994603005850141,0.0796737950442998,-0.0168125));
#679=CARTESIAN_POINT('',(-0.0981103005850141,0.0807996280692197,-0.0167083333333333));
#680=CARTESIAN_POINT('',(-0.0967603005850141,0.0819254610941394,-0.0166041666666667));
#681=CARTESIAN_POINT('',(-0.0970603005850141,0.0836575119017083,-0.0165));
#682=CARTESIAN_POINT('',(-0.0973603005850141,0.0853895627092771,-0.0163958333333333));
#683=CARTESIAN_POINT('',(-0.0990103005850141,0.0859957804919263,-0.0162916666666666));
#684=CARTESIAN_POINT('',(-0.100660300585014,0.0866019982745753,-0.0161875));
#685=CARTESIAN_POINT('',(-0.102010300585014,0.0854761652496556,-0.0160833333333334));
#686=CARTESIAN_POINT('',(-0.103360300585014,0.0843503322247358,-0.0159791666666667));
#687=CARTESIAN_POINT('',(-0.103060300585014,0.082618281417167,-0.015875));
#688=CARTESIAN_POINT('',(-0.102760300585014,0.0808862306095981,-0.0157708333333333));
#689=CARTESIAN_POINT('',(-0.101110300585014,0.080280012826949,-0.0156666666666666));
#690=CARTESIAN_POINT('',(-0.0994603005850141,0.0796737950442998,-0.0155625));
#691=CARTESIAN_POINT('',(-0.0981103005850141,0.0807996280692197,-0.0154583333333333));
#692=CARTESIAN_POINT('',(-0.0967603005850141,0.0819254610941394,-0.0153541666666667));
#693=CARTESIAN_POINT('',(-0.0970603005850141,0.0836575119017083,-0.01525));
#694=CARTESIAN_POINT('',(-0.0973603005850141,0.0853895627092771,-0.0151458333333333));
#695=CARTESIAN_POINT('',(-0.0990103005850141,0.0859957804919263,-0.0150416666666666));
#696=CARTESIAN_POINT('',(-0.100660300585014,0.0866019982745753,-0.0149375));
#697=CARTESIAN_POINT('',(-0.102010300585014,0.0854761652496556,-0.0148333333333333));
#698=CARTESIAN_POINT('',(-0.103360300585014,0.0843503322247358,-0.0147291666666667));
#699=CARTESIAN_POINT('',(-0.103060300585014,0.082618281417167,-0.014625));
#700=CARTESIAN_POINT('',(-0.102760300585014,0.0808862306095981,-0.0145208333333333));
#701=CARTESIAN_POINT('',(-0.101110300585014,0.080280012826949,-0.0144166666666667));
#702=CARTESIAN_POINT('',(-0.0994603005850141,0.0796737950442998,-0.0143125));
#703=CARTESIAN_POINT('',(-0.0981103005850141,0.0807996280692197,-0.0142083333333333));
#704=CARTESIAN_POINT('',(-0.0967603005850141,0.0819254610941394,-0.0141041666666667));
#705=CARTESIAN_POINT('',(-0.0970603005850141,0.0836575119017083,-0.014));
#706=CARTESIAN_POINT('',(-0.0972583205878502,0.0848007809211316,-0.0139312430545708));
#707=CARTESIAN_POINT('',(-0.0981669924906333,0.0855223010839747,-0.0138535053220912));
#708=CARTESIAN_POINT('',(-0.0992212674801146,0.0860181784944119,-0.0215457661878402));
#709=CARTESIAN_POINT('',(-0.100451029117903,0.0863764110509316,-0.0214603660741049));
#710=CARTESIAN_POINT('',(-0.101560300585014,0.085735972870791,-0.0213833333333334));
#711=CARTESIAN_POINT('',(-0.103060300585014,0.0848699474670066,-0.0212791666666666));
#712=CARTESIAN_POINT('',(-0.103060300585014,0.0831378966594377,-0.021175));
#713=CARTESIAN_POINT('',(-0.103060300585014,0.0814058458518687,-0.0210708333333333));
#714=CARTESIAN_POINT('',(-0.101560300585014,0.0805398204480844,-0.0209666666666667));
#715=CARTESIAN_POINT('',(-0.100060300585014,0.0796737950442998,-0.0208625));
#716=CARTESIAN_POINT('',(-0.0985603005850141,0.0805398204480844,-0.0207583333333334));
#717=CARTESIAN_POINT('',(-0.0970603005850141,0.0814058458518687,-0.0206541666666667));
#718=CARTESIAN_POINT('',(-0.0970603005850141,0.0831378966594377,-0.02055));
#719=CARTESIAN_POINT('',(-0.0970603005850141,0.0848699474670065,-0.0204458333333333));
#720=CARTESIAN_POINT('',(-0.0985603005850141,0.085735972870791,-0.0203416666666667));
#721=CARTESIAN_POINT('',(-0.100060300585014,0.0866019982745753,-0.0202375));
#722=CARTESIAN_POINT('',(-0.101560300585014,0.085735972870791,-0.0201333333333334));
#723=CARTESIAN_POINT('',(-0.103060300585014,0.0848699474670066,-0.0200291666666666));
#724=CARTESIAN_POINT('',(-0.103060300585014,0.0831378966594377,-0.019925));
#725=CARTESIAN_POINT('',(-0.103060300585014,0.0814058458518687,-0.0198208333333333));
#726=CARTESIAN_POINT('',(-0.101560300585014,0.0805398204480844,-0.0197166666666666));
#727=CARTESIAN_POINT('',(-0.100060300585014,0.0796737950442998,-0.0196125));
#728=CARTESIAN_POINT('',(-0.0985603005850141,0.0805398204480844,-0.0195083333333333));
#729=CARTESIAN_POINT('',(-0.0970603005850141,0.0814058458518687,-0.0194041666666667));
#730=CARTESIAN_POINT('',(-0.0970603005850141,0.0831378966594377,-0.0193));
#731=CARTESIAN_POINT('',(-0.0970603005850141,0.0848699474670065,-0.0191958333333333));
#732=CARTESIAN_POINT('',(-0.0985603005850141,0.085735972870791,-0.0190916666666666));
#733=CARTESIAN_POINT('',(-0.100060300585014,0.0866019982745753,-0.0189875));
#734=CARTESIAN_POINT('',(-0.101560300585014,0.085735972870791,-0.0188833333333334));
#735=CARTESIAN_POINT('',(-0.103060300585014,0.0848699474670066,-0.0187791666666667));
#736=CARTESIAN_POINT('',(-0.103060300585014,0.0831378966594377,-0.018675));
#737=CARTESIAN_POINT('',(-0.103060300585014,0.0814058458518687,-0.0185708333333333));
#738=CARTESIAN_POINT('',(-0.101560300585014,0.0805398204480844,-0.0184666666666666));
#739=CARTESIAN_POINT('',(-0.100060300585014,0.0796737950442998,-0.0183625));
#740=CARTESIAN_POINT('',(-0.0985603005850141,0.0805398204480844,-0.0182583333333334));
#741=CARTESIAN_POINT('',(-0.0970603005850141,0.0814058458518687,-0.0181541666666667));
#742=CARTESIAN_POINT('',(-0.0970603005850141,0.0831378966594377,-0.01805));
#743=CARTESIAN_POINT('',(-0.0970603005850141,0.0848699474670065,-0.0179458333333333));
#744=CARTESIAN_POINT('',(-0.0985603005850141,0.085735972870791,-0.0178416666666667));
#745=CARTESIAN_POINT('',(-0.100060300585014,0.0866019982745753,-0.0177375));
#746=CARTESIAN_POINT('',(-0.101560300585014,0.085735972870791,-0.0176333333333334));
#747=CARTESIAN_POINT('',(-0.103060300585014,0.0848699474670066,-0.0175291666666667));
#748=CARTESIAN_POINT('',(-0.103060300585014,0.0831378966594377,-0.017425));
#749=CARTESIAN_POINT('',(-0.103060300585014,0.0814058458518687,-0.0173208333333333));
#750=CARTESIAN_POINT('',(-0.101560300585014,0.0805398204480844,-0.0172166666666667));
#751=CARTESIAN_POINT('',(-0.100060300585014,0.0796737950442998,-0.0171125));
#752=CARTESIAN_POINT('',(-0.0985603005850141,0.0805398204480844,-0.0170083333333334));
#753=CARTESIAN_POINT('',(-0.0970603005850141,0.0814058458518687,-0.0169041666666667));
#754=CARTESIAN_POINT('',(-0.0970603005850141,0.0831378966594377,-0.0168));
#755=CARTESIAN_POINT('',(-0.0970603005850141,0.0848699474670065,-0.0166958333333333));
#756=CARTESIAN_POINT('',(-0.0985603005850141,0.085735972870791,-0.0165916666666667));
#757=CARTESIAN_POINT('',(-0.100060300585014,0.0866019982745753,-0.0164875));
#758=CARTESIAN_POINT('',(-0.101560300585014,0.085735972870791,-0.0163833333333334));
#759=CARTESIAN_POINT('',(-0.103060300585014,0.0848699474670066,-0.0162791666666667));
#760=CARTESIAN_POINT('',(-0.103060300585014,0.0831378966594377,-0.016175));
#761=CARTESIAN_POINT('',(-0.103060300585014,0.0814058458518687,-0.0160708333333333));
#762=CARTESIAN_POINT('',(-0.101560300585014,0.0805398204480844,-0.0159666666666666));
#763=CARTESIAN_POINT('',(-0.100060300585014,0.0796737950442998,-0.0158625));
#764=CARTESIAN_POINT('',(-0.0985603005850141,0.0805398204480844,-0.0157583333333333));
#765=CARTESIAN_POINT('',(-0.0970603005850141,0.0814058458518687,-0.0156541666666667));
#766=CARTESIAN_POINT('',(-0.0970603005850141,0.0831378966594377,-0.01555));
#767=CARTESIAN_POINT('',(-0.0970603005850141,0.0848699474670065,-0.0154458333333333));
#768=CARTESIAN_POINT('',(-0.0985603005850141,0.085735972870791,-0.0153416666666666));
#769=CARTESIAN_POINT('',(-0.100060300585014,0.0866019982745753,-0.0152375));
#770=CARTESIAN_POINT('',(-0.101560300585014,0.085735972870791,-0.0151333333333333));
#771=CARTESIAN_POINT('',(-0.103060300585014,0.0848699474670066,-0.0150291666666667));
#772=CARTESIAN_POINT('',(-0.103060300585014,0.0831378966594377,-0.014925));
#773=CARTESIAN_POINT('',(-0.103060300585014,0.0814058458518687,-0.0148208333333333));
#774=CARTESIAN_POINT('',(-0.101560300585014,0.0805398204480844,-0.0147166666666667));
#775=CARTESIAN_POINT('',(-0.100060300585014,0.0796737950442998,-0.0146125));
#776=CARTESIAN_POINT('',(-0.0985603005850141,0.0805398204480844,-0.0145083333333333));
#777=CARTESIAN_POINT('',(-0.0970603005850141,0.0814058458518687,-0.0144041666666667));
#778=CARTESIAN_POINT('',(-0.0970603005850141,0.0831378966594377,-0.0143));
#779=CARTESIAN_POINT('',(-0.0970603005850141,0.084281165678861,-0.0142312430545708));
#780=CARTESIAN_POINT('',(-0.0978211752886162,0.0851344732061873,-0.0141535053220912));
#781=CARTESIAN_POINT('',(-0.0970603005850141,0.0836575119017083,-0.0215));
#782=CARTESIAN_POINT('',(-0.0973603005850141,0.0853895627092771,-0.0213958333333333));
#783=CARTESIAN_POINT('',(-0.0990103005850141,0.0859957804919263,-0.0212916666666666));
#784=CARTESIAN_POINT('',(-0.100660300585014,0.0866019982745753,-0.0211875));
#785=CARTESIAN_POINT('',(-0.102010300585014,0.0854761652496557,-0.0210833333333333));
#786=CARTESIAN_POINT('',(-0.103360300585014,0.0843503322247358,-0.0209791666666667));
#787=CARTESIAN_POINT('',(-0.103060300585014,0.082618281417167,-0.020875));
#788=CARTESIAN_POINT('',(-0.102760300585014,0.0808862306095981,-0.0207708333333333));
#789=CARTESIAN_POINT('',(-0.101110300585014,0.080280012826949,-0.0206666666666666));
#790=CARTESIAN_POINT('',(-0.0994603005850141,0.0796737950442998,-0.0205625));
#791=CARTESIAN_POINT('',(-0.0981103005850141,0.0807996280692197,-0.0204583333333333));
#792=CARTESIAN_POINT('',(-0.0967603005850141,0.0819254610941394,-0.0203541666666666));
#793=CARTESIAN_POINT('',(-0.0970603005850141,0.0836575119017083,-0.02025));
#794=CARTESIAN_POINT('',(-0.0973603005850141,0.0853895627092771,-0.0201458333333333));
#795=CARTESIAN_POINT('',(-0.0990103005850141,0.0859957804919263,-0.0200416666666666));
#796=CARTESIAN_POINT('',(-0.100660300585014,0.0866019982745753,-0.0199375));
#797=CARTESIAN_POINT('',(-0.102010300585014,0.0854761652496557,-0.0198333333333333));
#798=CARTESIAN_POINT('',(-0.103360300585014,0.0843503322247358,-0.0197291666666667));
#799=CARTESIAN_POINT('',(-0.103060300585014,0.082618281417167,-0.019625));
#800=CARTESIAN_POINT('',(-0.102760300585014,0.0808862306095981,-0.0195208333333333));
#801=CARTESIAN_POINT('',(-0.101110300585014,0.080280012826949,-0.0194166666666667));
#802=CARTESIAN_POINT('',(-0.0994603005850141,0.0796737950442998,-0.0193125));
#803=CARTESIAN_POINT('',(-0.0981103005850141,0.0807996280692197,-0.0192083333333333));
#804=CARTESIAN_POINT('',(-0.0967603005850141,0.0819254610941394,-0.0191041666666666));
#805=CARTESIAN_POINT('',(-0.0970603005850141,0.0836575119017083,-0.019));
#806=CARTESIAN_POINT('',(-0.0973603005850141,0.0853895627092771,-0.0188958333333333));
#807=CARTESIAN_POINT('',(-0.0990103005850141,0.0859957804919263,-0.0187916666666667));
#808=CARTESIAN_POINT('',(-0.100660300585014,0.0866019982745753,-0.0186875));
#809=CARTESIAN_POINT('',(-0.102010300585014,0.0854761652496557,-0.0185833333333333));
#810=CARTESIAN_POINT('',(-0.103360300585014,0.0843503322247358,-0.0184791666666667));
#811=CARTESIAN_POINT('',(-0.103060300585014,0.082618281417167,-0.018375));
#812=CARTESIAN_POINT('',(-0.102760300585014,0.0808862306095981,-0.0182708333333333));
#813=CARTESIAN_POINT('',(-0.101110300585014,0.080280012826949,-0.0181666666666667));
#814=CARTESIAN_POINT('',(-0.0994603005850141,0.0796737950442998,-0.0180625));
#815=CARTESIAN_POINT('',(-0.0981103005850141,0.0807996280692197,-0.0179583333333333));
#816=CARTESIAN_POINT('',(-0.0967603005850141,0.0819254610941394,-0.0178541666666666));
#817=CARTESIAN_POINT('',(-0.0970603005850141,0.0836575119017083,-0.01775));
#818=CARTESIAN_POINT('',(-0.0973603005850141,0.0853895627092771,-0.0176458333333333));
#819=CARTESIAN_POINT('',(-0.0990103005850141,0.0859957804919263,-0.0175416666666666));
#820=CARTESIAN_POINT('',(-0.100660300585014,0.0866019982745753,-0.0174375));
#821=CARTESIAN_POINT('',(-0.102010300585014,0.0854761652496557,-0.0173333333333333));
#822=CARTESIAN_POINT('',(-0.103360300585014,0.0843503322247358,-0.0172291666666666));
#823=CARTESIAN_POINT('',(-0.103060300585014,0.082618281417167,-0.017125));
#824=CARTESIAN_POINT('',(-0.102760300585014,0.0808862306095981,-0.0170208333333333));
#825=CARTESIAN_POINT('',(-0.101110300585014,0.080280012826949,-0.0169166666666666));
#826=CARTESIAN_POINT('',(-0.0994603005850141,0.0796737950442998,-0.0168125));
#827=CARTESIAN_POINT('',(-0.0981103005850141,0.0807996280692197,-0.0167083333333333));
#828=CARTESIAN_POINT('',(-0.0967603005850141,0.0819254610941394,-0.0166041666666666));
#829=CARTESIAN_POINT('',(-0.0970603005850141,0.0836575119017083,-0.0165));
#830=CARTESIAN_POINT('',(-0.0973603005850141,0.0853895627092771,-0.0163958333333333));
#831=CARTESIAN_POINT('',(-0.0990103005850141,0.0859957804919263,-0.0162916666666666));
#832=CARTESIAN_POINT('',(-0.100660300585014,0.0866019982745753,-0.0161875));
#833=CARTESIAN_POINT('',(-0.102010300585014,0.0854761652496557,-0.0160833333333333));
#834=CARTESIAN_POINT('',(-0.103360300585014,0.0843503322247358,-0.0159791666666667));
#835=CARTESIAN_POINT('',(-0.103060300585014,0.082618281417167,-0.015875));
#836=CARTESIAN_POINT('',(-0.102760300585014,0.0808862306095981,-0.0157708333333333));
#837=CARTESIAN_POINT('',(-0.101110300585014,0.080280012826949,-0.0156666666666666));
#838=CARTESIAN_POINT('',(-0.0994603005850141,0.0796737950442998,-0.0155625));
#839=CARTESIAN_POINT('',(-0.0981103005850141,0.0807996280692197,-0.0154583333333333));
#840=CARTESIAN_POINT('',(-0.0967603005850141,0.0819254610941394,-0.0153541666666667));
#841=CARTESIAN_POINT('',(-0.0970603005850141,0.0836575119017083,-0.01525));
#842=CARTESIAN_POINT('',(-0.0973603005850141,0.0853895627092771,-0.0151458333333333));
#843=CARTESIAN_POINT('',(-0.0990103005850141,0.0859957804919263,-0.0150416666666666));
#844=CARTESIAN_POINT('',(-0.100660300585014,0.0866019982745753,-0.0149375));
#845=CARTESIAN_POINT('',(-0.102010300585014,0.0854761652496557,-0.0148333333333333));
#846=CARTESIAN_POINT('',(-0.103360300585014,0.0843503322247358,-0.0147291666666667));
#847=CARTESIAN_POINT('',(-0.103060300585014,0.082618281417167,-0.014625));
#848=CARTESIAN_POINT('',(-0.102760300585014,0.0808862306095981,-0.0145208333333333));
#849=CARTESIAN_POINT('',(-0.101110300585014,0.080280012826949,-0.0144166666666667));
#850=CARTESIAN_POINT('',(-0.0994603005850141,0.0796737950442998,-0.0143125));
#851=CARTESIAN_POINT('',(-0.0981103005850141,0.0807996280692197,-0.0142083333333333));
#852=CARTESIAN_POINT('',(-0.0967603005850141,0.0819254610941394,-0.0141041666666666));
#853=CARTESIAN_POINT('',(-0.0970603005850141,0.0836575119017083,-0.014));
#854=CARTESIAN_POINT('',(-0.097360300585014,0.0853895627092771,-0.0138958333333333));
#855=CARTESIAN_POINT('',(-0.0990103005850141,0.0859957804919263,-0.0137916666666666));
#856=CARTESIAN_POINT('',(-0.100660300585014,0.0866019982745753,-0.0136875));
#857=CARTESIAN_POINT('',(-0.102010300585014,0.0854761652496557,-0.0135833333333333));
#858=CARTESIAN_POINT('',(-0.103360300585014,0.0843503322247358,-0.0134791666666667));
#859=CARTESIAN_POINT('',(-0.103060300585014,0.082618281417167,-0.013375));
#860=CARTESIAN_POINT('',(-0.102760300585014,0.0808862306095981,-0.0132708333333333));
#861=CARTESIAN_POINT('',(-0.101110300585014,0.080280012826949,-0.0131666666666667));
#862=CARTESIAN_POINT('',(-0.0994603005850141,0.0796737950442998,-0.0130625));
#863=CARTESIAN_POINT('',(-0.0981103005850141,0.0807996280692197,-0.0129583333333333));
#864=CARTESIAN_POINT('',(-0.0967603005850141,0.0819254610941394,-0.0128541666666666));
#865=CARTESIAN_POINT('',(-0.0970603005850141,0.0836575119017083,-0.01275));
#866=CARTESIAN_POINT('',(-0.097360300585014,0.0853895627092771,-0.0126458333333333));
#867=CARTESIAN_POINT('',(-0.0990103005850141,0.0859957804919263,-0.0125416666666667));
#868=CARTESIAN_POINT('',(-0.100660300585014,0.0866019982745753,-0.0124375));
#869=CARTESIAN_POINT('',(-0.102010300585014,0.0854761652496557,-0.0123333333333333));
#870=CARTESIAN_POINT('',(-0.103360300585014,0.0843503322247359,-0.0122291666666667));
#871=CARTESIAN_POINT('',(-0.103060300585014,0.082618281417167,-0.012125));
#872=CARTESIAN_POINT('',(-0.102760300585014,0.0808862306095981,-0.0120208333333333));
#873=CARTESIAN_POINT('',(-0.101110300585014,0.080280012826949,-0.0119166666666666));
#874=CARTESIAN_POINT('',(-0.0994603005850141,0.0796737950442998,-0.0118125));
#875=CARTESIAN_POINT('',(-0.0981103005850141,0.0807996280692197,-0.0117083333333333));
#876=CARTESIAN_POINT('',(-0.0967603005850141,0.0819254610941394,-0.0116041666666666));
#877=CARTESIAN_POINT('',(-0.0970603005850141,0.0836575119017083,-0.0115));
#878=CARTESIAN_POINT('',(-0.100398979676553,0.0861636687052062,-0.0212));
#879=CARTESIAN_POINT('',(-0.0970603005850141,0.0831378966594377,-0.0218));
#880=CARTESIAN_POINT('',(-0.0970603005850141,0.0848699474670065,-0.0216958333333333));
#881=CARTESIAN_POINT('',(-0.0985603005850141,0.085735972870791,-0.0215916666666667));
#882=CARTESIAN_POINT('',(-0.100060300585014,0.0866019982745753,-0.0214875));
#883=CARTESIAN_POINT('',(-0.101560300585014,0.085735972870791,-0.0213833333333334));
#884=CARTESIAN_POINT('',(-0.103060300585014,0.0848699474670066,-0.0212791666666666));
#885=CARTESIAN_POINT('',(-0.103060300585014,0.0831378966594377,-0.021175));
#886=CARTESIAN_POINT('',(-0.103060300585014,0.0814058458518687,-0.0210708333333333));
#887=CARTESIAN_POINT('',(-0.101560300585014,0.0805398204480844,-0.0209666666666667));
#888=CARTESIAN_POINT('',(-0.100060300585014,0.0796737950442998,-0.0208625));
#889=CARTESIAN_POINT('',(-0.0985603005850141,0.0805398204480844,-0.0207583333333334));
#890=CARTESIAN_POINT('',(-0.0970603005850141,0.0814058458518687,-0.0206541666666667));
#891=CARTESIAN_POINT('',(-0.0970603005850141,0.0831378966594377,-0.02055));
#892=CARTESIAN_POINT('',(-0.0970603005850141,0.0848699474670065,-0.0204458333333333));
#893=CARTESIAN_POINT('',(-0.0985603005850141,0.085735972870791,-0.0203416666666667));
#894=CARTESIAN_POINT('',(-0.100060300585014,0.0866019982745753,-0.0202375));
#895=CARTESIAN_POINT('',(-0.101560300585014,0.085735972870791,-0.0201333333333334));
#896=CARTESIAN_POINT('',(-0.103060300585014,0.0848699474670066,-0.0200291666666666));
#897=CARTESIAN_POINT('',(-0.103060300585014,0.0831378966594377,-0.019925));
#898=CARTESIAN_POINT('',(-0.103060300585014,0.0814058458518687,-0.0198208333333333));
#899=CARTESIAN_POINT('',(-0.101560300585014,0.0805398204480844,-0.0197166666666666));
#900=CARTESIAN_POINT('',(-0.100060300585014,0.0796737950442998,-0.0196125));
#901=CARTESIAN_POINT('',(-0.0985603005850141,0.0805398204480844,-0.0195083333333333));
#902=CARTESIAN_POINT('',(-0.0970603005850141,0.0814058458518687,-0.0194041666666667));
#903=CARTESIAN_POINT('',(-0.0970603005850141,0.0831378966594377,-0.0193));
#904=CARTESIAN_POINT('',(-0.0970603005850141,0.0848699474670065,-0.0191958333333333));
#905=CARTESIAN_POINT('',(-0.0985603005850141,0.085735972870791,-0.0190916666666666));
#906=CARTESIAN_POINT('',(-0.100060300585014,0.0866019982745753,-0.0189875));
#907=CARTESIAN_POINT('',(-0.101560300585014,0.085735972870791,-0.0188833333333334));
#908=CARTESIAN_POINT('',(-0.103060300585014,0.0848699474670066,-0.0187791666666666));
#909=CARTESIAN_POINT('',(-0.103060300585014,0.0831378966594377,-0.018675));
#910=CARTESIAN_POINT('',(-0.103060300585014,0.0814058458518687,-0.0185708333333333));
#911=CARTESIAN_POINT('',(-0.101560300585014,0.0805398204480844,-0.0184666666666666));
#912=CARTESIAN_POINT('',(-0.100060300585014,0.0796737950442998,-0.0183625));
#913=CARTESIAN_POINT('',(-0.0985603005850141,0.0805398204480843,-0.0182583333333334));
#914=CARTESIAN_POINT('',(-0.0970603005850141,0.0814058458518687,-0.0181541666666667));
#915=CARTESIAN_POINT('',(-0.0970603005850141,0.0831378966594377,-0.01805));
#916=CARTESIAN_POINT('',(-0.0970603005850141,0.0848699474670065,-0.0179458333333333));
#917=CARTESIAN_POINT('',(-0.0985603005850141,0.085735972870791,-0.0178416666666667));
#918=CARTESIAN_POINT('',(-0.100060300585014,0.0866019982745753,-0.0177375));
#919=CARTESIAN_POINT('',(-0.101560300585014,0.085735972870791,-0.0176333333333334));
#920=CARTESIAN_POINT('',(-0.103060300585014,0.0848699474670066,-0.0175291666666667));
#921=CARTESIAN_POINT('',(-0.103060300585014,0.0831378966594377,-0.017425));
#922=CARTESIAN_POINT('',(-0.103060300585014,0.0814058458518687,-0.0173208333333333));
#923=CARTESIAN_POINT('',(-0.101560300585014,0.0805398204480844,-0.0172166666666667));
#924=CARTESIAN_POINT('',(-0.100060300585014,0.0796737950442998,-0.0171125));
#925=CARTESIAN_POINT('',(-0.0985603005850141,0.0805398204480843,-0.0170083333333334));
#926=CARTESIAN_POINT('',(-0.0970603005850141,0.0814058458518687,-0.0169041666666667));
#927=CARTESIAN_POINT('',(-0.0970603005850141,0.0831378966594377,-0.0168));
#928=CARTESIAN_POINT('',(-0.0970603005850141,0.0848699474670065,-0.0166958333333333));
#929=CARTESIAN_POINT('',(-0.0985603005850141,0.085735972870791,-0.0165916666666667));
#930=CARTESIAN_POINT('',(-0.100060300585014,0.0866019982745753,-0.0164875));
#931=CARTESIAN_POINT('',(-0.101560300585014,0.085735972870791,-0.0163833333333334));
#932=CARTESIAN_POINT('',(-0.103060300585014,0.0848699474670066,-0.0162791666666667));
#933=CARTESIAN_POINT('',(-0.103060300585014,0.0831378966594377,-0.016175));
#934=CARTESIAN_POINT('',(-0.103060300585014,0.0814058458518687,-0.0160708333333333));
#935=CARTESIAN_POINT('',(-0.101560300585014,0.0805398204480844,-0.0159666666666666));
#936=CARTESIAN_POINT('',(-0.100060300585014,0.0796737950442998,-0.0158625));
#937=CARTESIAN_POINT('',(-0.0985603005850141,0.0805398204480843,-0.0157583333333333));
#938=CARTESIAN_POINT('',(-0.0970603005850141,0.0814058458518687,-0.0156541666666667));
#939=CARTESIAN_POINT('',(-0.0970603005850141,0.0831378966594377,-0.01555));
#940=CARTESIAN_POINT('',(-0.0970603005850141,0.0848699474670065,-0.0154458333333333));
#941=CARTESIAN_POINT('',(-0.0985603005850141,0.085735972870791,-0.0153416666666666));
#942=CARTESIAN_POINT('',(-0.100060300585014,0.0866019982745753,-0.0152375));
#943=CARTESIAN_POINT('',(-0.101560300585014,0.085735972870791,-0.0151333333333333));
#944=CARTESIAN_POINT('',(-0.103060300585014,0.0848699474670066,-0.0150291666666667));
#945=CARTESIAN_POINT('',(-0.103060300585014,0.0831378966594377,-0.014925));
#946=CARTESIAN_POINT('',(-0.103060300585014,0.0814058458518687,-0.0148208333333333));
#947=CARTESIAN_POINT('',(-0.101560300585014,0.0805398204480844,-0.0147166666666667));
#948=CARTESIAN_POINT('',(-0.100060300585014,0.0796737950442998,-0.0146125));
#949=CARTESIAN_POINT('',(-0.0985603005850141,0.0805398204480843,-0.0145083333333333));
#950=CARTESIAN_POINT('',(-0.0970603005850141,0.0814058458518687,-0.0144041666666666));
#951=CARTESIAN_POINT('',(-0.0970603005850141,0.0831378966594377,-0.0143));
#952=CARTESIAN_POINT('',(-0.0970603005850141,0.0848699474670065,-0.0141958333333333));
#953=CARTESIAN_POINT('',(-0.0985603005850141,0.085735972870791,-0.0140916666666667));
#954=CARTESIAN_POINT('',(-0.100060300585014,0.0866019982745753,-0.0139875));
#955=CARTESIAN_POINT('',(-0.101560300585014,0.085735972870791,-0.0138833333333333));
#956=CARTESIAN_POINT('',(-0.103060300585014,0.0848699474670066,-0.0137791666666667));
#957=CARTESIAN_POINT('',(-0.103060300585014,0.0831378966594377,-0.013675));
#958=CARTESIAN_POINT('',(-0.103060300585014,0.0814058458518687,-0.0135708333333333));
#959=CARTESIAN_POINT('',(-0.101560300585014,0.0805398204480844,-0.0134666666666667));
#960=CARTESIAN_POINT('',(-0.100060300585014,0.0796737950442998,-0.0133625));
#961=CARTESIAN_POINT('',(-0.0985603005850141,0.0805398204480843,-0.0132583333333333));
#962=CARTESIAN_POINT('',(-0.0970603005850141,0.0814058458518687,-0.0131541666666667));
#963=CARTESIAN_POINT('',(-0.0970603005850141,0.0831378966594377,-0.01305));
#964=CARTESIAN_POINT('',(-0.0970603005850141,0.0848699474670065,-0.0129458333333333));
#965=CARTESIAN_POINT('',(-0.0985603005850141,0.085735972870791,-0.0128416666666667));
#966=CARTESIAN_POINT('',(-0.100060300585014,0.0866019982745753,-0.0127375));
#967=CARTESIAN_POINT('',(-0.101560300585014,0.085735972870791,-0.0126333333333333));
#968=CARTESIAN_POINT('',(-0.103060300585014,0.0848699474670066,-0.0125291666666667));
#969=CARTESIAN_POINT('',(-0.103060300585014,0.0831378966594377,-0.012425));
#970=CARTESIAN_POINT('',(-0.103060300585014,0.0814058458518687,-0.0123208333333333));
#971=CARTESIAN_POINT('',(-0.101560300585014,0.0805398204480844,-0.0122166666666667));
#972=CARTESIAN_POINT('',(-0.100060300585014,0.0796737950442998,-0.0121125));
#973=CARTESIAN_POINT('',(-0.0985603005850141,0.0805398204480843,-0.0120083333333333));
#974=CARTESIAN_POINT('',(-0.0970603005850141,0.0814058458518687,-0.0119041666666667));
#975=CARTESIAN_POINT('',(-0.0970603005850141,0.0831378966594377,-0.0118));
#976=CARTESIAN_POINT('',(-0.103033485971121,0.083538107428705,-0.0212));
#977=CARTESIAN_POINT('',(-0.100398979676553,0.0861636687052062,-0.0212));
#978=CARTESIAN_POINT('',(-0.101064995876483,0.0860736690759425,-0.0212));
#979=CARTESIAN_POINT('',(-0.102314017503831,0.0854566159848779,-0.0212));
#980=CARTESIAN_POINT('',(-0.102943810024047,0.0842043144271203,-0.0212));
#981=CARTESIAN_POINT('',(-0.103033485971121,0.083538107428705,-0.0212));
#982=CARTESIAN_POINT('',(-0.0970603005850141,0.0831378966594377,-0.0212));
#983=CARTESIAN_POINT('',(-0.0970603005850141,0.0848699474670065,-0.0210958333333333));
#984=CARTESIAN_POINT('',(-0.0985603005850141,0.085735972870791,-0.0209916666666667));
#985=CARTESIAN_POINT('',(-0.100060300585014,0.0866019982745753,-0.0208875));
#986=CARTESIAN_POINT('',(-0.101560300585014,0.085735972870791,-0.0207833333333333));
#987=CARTESIAN_POINT('',(-0.103060300585014,0.0848699474670066,-0.0206791666666667));
#988=CARTESIAN_POINT('',(-0.103060300585014,0.0831378966594377,-0.020575));
#989=CARTESIAN_POINT('',(-0.103060300585014,0.0814058458518687,-0.0204708333333333));
#990=CARTESIAN_POINT('',(-0.101560300585014,0.0805398204480844,-0.0203666666666667));
#991=CARTESIAN_POINT('',(-0.100060300585014,0.0796737950442998,-0.0202625));
#992=CARTESIAN_POINT('',(-0.0985603005850141,0.0805398204480844,-0.0201583333333333));
#993=CARTESIAN_POINT('',(-0.0970603005850141,0.0814058458518687,-0.0200541666666666));
#994=CARTESIAN_POINT('',(-0.0970603005850141,0.0831378966594377,-0.01995));
#995=CARTESIAN_POINT('',(-0.0970603005850141,0.0848699474670065,-0.0198458333333333));
#996=CARTESIAN_POINT('',(-0.0985603005850141,0.085735972870791,-0.0197416666666667));
#997=CARTESIAN_POINT('',(-0.100060300585014,0.0866019982745753,-0.0196375));
#998=CARTESIAN_POINT('',(-0.101560300585014,0.085735972870791,-0.0195333333333333));
#999=CARTESIAN_POINT('',(-0.103060300585014,0.0848699474670066,-0.0194291666666667));
#1000=CARTESIAN_POINT('',(-0.103060300585014,0.0831378966594377,-0.019325));
#1001=CARTESIAN_POINT('',(-0.103060300585014,0.0814058458518687,-0.0192208333333333));
#1002=CARTESIAN_POINT('',(-0.101560300585014,0.0805398204480844,-0.0191166666666666));
#1003=CARTESIAN_POINT('',(-0.100060300585014,0.0796737950442998,-0.0190125));
#1004=CARTESIAN_POINT('',(-0.0985603005850141,0.0805398204480844,-0.0189083333333333));
#1005=CARTESIAN_POINT('',(-0.0970603005850141,0.0814058458518687,-0.0188041666666666));
#1006=CARTESIAN_POINT('',(-0.0970603005850141,0.0831378966594377,-0.0187));
#1007=CARTESIAN_POINT('',(-0.0970603005850141,0.0848699474670065,-0.0185958333333333));
#1008=CARTESIAN_POINT('',(-0.0985603005850141,0.085735972870791,-0.0184916666666666));
#1009=CARTESIAN_POINT('',(-0.100060300585014,0.0866019982745753,-0.0183875));
#1010=CARTESIAN_POINT('',(-0.101560300585014,0.085735972870791,-0.0182833333333333));
#1011=CARTESIAN_POINT('',(-0.103060300585014,0.0848699474670066,-0.0181791666666667));
#1012=CARTESIAN_POINT('',(-0.103060300585014,0.0831378966594377,-0.018075));
#1013=CARTESIAN_POINT('',(-0.103060300585014,0.0814058458518687,-0.0179708333333333));
#1014=CARTESIAN_POINT('',(-0.101560300585014,0.0805398204480844,-0.0178666666666666));
#1015=CARTESIAN_POINT('',(-0.100060300585014,0.0796737950442998,-0.0177625));
#1016=CARTESIAN_POINT('',(-0.0985603005850141,0.0805398204480844,-0.0176583333333333));
#1017=CARTESIAN_POINT('',(-0.0970603005850141,0.0814058458518687,-0.0175541666666666));
#1018=CARTESIAN_POINT('',(-0.0970603005850141,0.0831378966594377,-0.01745));
#1019=CARTESIAN_POINT('',(-0.0970603005850141,0.0848699474670065,-0.0173458333333333));
#1020=CARTESIAN_POINT('',(-0.0985603005850141,0.085735972870791,-0.0172416666666666));
#1021=CARTESIAN_POINT('',(-0.100060300585014,0.0866019982745753,-0.0171375));
#1022=CARTESIAN_POINT('',(-0.101560300585014,0.085735972870791,-0.0170333333333333));
#1023=CARTESIAN_POINT('',(-0.103060300585014,0.0848699474670066,-0.0169291666666666));
#1024=CARTESIAN_POINT('',(-0.103060300585014,0.0831378966594377,-0.016825));
#1025=CARTESIAN_POINT('',(-0.103060300585014,0.0814058458518687,-0.0167208333333333));
#1026=CARTESIAN_POINT('',(-0.101560300585014,0.0805398204480844,-0.0166166666666667));
#1027=CARTESIAN_POINT('',(-0.100060300585014,0.0796737950442998,-0.0165125));
#1028=CARTESIAN_POINT('',(-0.0985603005850141,0.0805398204480844,-0.0164083333333333));
#1029=CARTESIAN_POINT('',(-0.0970603005850141,0.0814058458518687,-0.0163041666666666));
#1030=CARTESIAN_POINT('',(-0.0970603005850141,0.0831378966594377,-0.0162));
#1031=CARTESIAN_POINT('',(-0.0970603005850141,0.0848699474670065,-0.0160958333333333));
#1032=CARTESIAN_POINT('',(-0.0985603005850141,0.085735972870791,-0.0159916666666667));
#1033=CARTESIAN_POINT('',(-0.100060300585014,0.0866019982745753,-0.0158875));
#1034=CARTESIAN_POINT('',(-0.101560300585014,0.085735972870791,-0.0157833333333333));
#1035=CARTESIAN_POINT('',(-0.103060300585014,0.0848699474670066,-0.0156791666666666));
#1036=CARTESIAN_POINT('',(-0.103060300585014,0.0831378966594377,-0.015575));
#1037=CARTESIAN_POINT('',(-0.103060300585014,0.0814058458518687,-0.0154708333333333));
#1038=CARTESIAN_POINT('',(-0.101560300585014,0.0805398204480844,-0.0153666666666667));
#1039=CARTESIAN_POINT('',(-0.100060300585014,0.0796737950442998,-0.0152625));
#1040=CARTESIAN_POINT('',(-0.0985603005850141,0.0805398204480844,-0.0151583333333333));
#1041=CARTESIAN_POINT('',(-0.0970603005850141,0.0814058458518687,-0.0150541666666666));
#1042=CARTESIAN_POINT('',(-0.0970603005850141,0.0831378966594377,-0.01495));
#1043=CARTESIAN_POINT('',(-0.0970603005850141,0.0848699474670065,-0.0148458333333333));
#1044=CARTESIAN_POINT('',(-0.0985603005850141,0.085735972870791,-0.0147416666666666));
#1045=CARTESIAN_POINT('',(-0.100060300585014,0.0866019982745753,-0.0146375));
#1046=CARTESIAN_POINT('',(-0.101560300585014,0.085735972870791,-0.0145333333333333));
#1047=CARTESIAN_POINT('',(-0.103060300585014,0.0848699474670066,-0.0144291666666666));
#1048=CARTESIAN_POINT('',(-0.103060300585014,0.0831378966594377,-0.014325));
#1049=CARTESIAN_POINT('',(-0.103060300585014,0.0814058458518687,-0.0142208333333333));
#1050=CARTESIAN_POINT('',(-0.101560300585014,0.0805398204480844,-0.0141166666666666));
#1051=CARTESIAN_POINT('',(-0.100060300585014,0.0796737950442998,-0.0140125));
#1052=CARTESIAN_POINT('',(-0.0985603005850141,0.0805398204480844,-0.0139083333333333));
#1053=CARTESIAN_POINT('',(-0.0982164841374613,0.0807383229666308,-0.0138844571911422));
#1054=CARTESIAN_POINT('',(-0.0979361360720732,0.0810194243037146,-0.0138578172653334));
#1055=CARTESIAN_POINT('',(-0.0970603005850141,0.0836575119017083,-0.0215));
#1056=CARTESIAN_POINT('',(-0.0973603005850141,0.0853895627092771,-0.0213958333333333));
#1057=CARTESIAN_POINT('',(-0.0990103005850141,0.0859957804919263,-0.0212916666666666));
#1058=CARTESIAN_POINT('',(-0.100660300585014,0.0866019982745753,-0.0211875));
#1059=CARTESIAN_POINT('',(-0.102010300585014,0.0854761652496557,-0.0210833333333333));
#1060=CARTESIAN_POINT('',(-0.103360300585014,0.0843503322247358,-0.0209791666666667));
#1061=CARTESIAN_POINT('',(-0.103060300585014,0.082618281417167,-0.020875));
#1062=CARTESIAN_POINT('',(-0.102760300585014,0.0808862306095981,-0.0207708333333333));
#1063=CARTESIAN_POINT('',(-0.101110300585014,0.080280012826949,-0.0206666666666666));
#1064=CARTESIAN_POINT('',(-0.0994603005850141,0.0796737950442998,-0.0205625));
#1065=CARTESIAN_POINT('',(-0.0981103005850141,0.0807996280692197,-0.0204583333333333));
#1066=CARTESIAN_POINT('',(-0.0967603005850141,0.0819254610941394,-0.0203541666666666));
#1067=CARTESIAN_POINT('',(-0.0970603005850141,0.0836575119017083,-0.02025));
#1068=CARTESIAN_POINT('',(-0.0973603005850141,0.0853895627092771,-0.0201458333333333));
#1069=CARTESIAN_POINT('',(-0.0990103005850141,0.0859957804919263,-0.0200416666666666));
#1070=CARTESIAN_POINT('',(-0.100660300585014,0.0866019982745753,-0.0199375));
#1071=CARTESIAN_POINT('',(-0.102010300585014,0.0854761652496557,-0.0198333333333333));
#1072=CARTESIAN_POINT('',(-0.103360300585014,0.0843503322247358,-0.0197291666666667));
#1073=CARTESIAN_POINT('',(-0.103060300585014,0.082618281417167,-0.019625));
#1074=CARTESIAN_POINT('',(-0.102760300585014,0.0808862306095981,-0.0195208333333333));
#1075=CARTESIAN_POINT('',(-0.101110300585014,0.080280012826949,-0.0194166666666667));
#1076=CARTESIAN_POINT('',(-0.0994603005850141,0.0796737950442998,-0.0193125));
#1077=CARTESIAN_POINT('',(-0.0981103005850141,0.0807996280692197,-0.0192083333333333));
#1078=CARTESIAN_POINT('',(-0.0967603005850141,0.0819254610941394,-0.0191041666666666));
#1079=CARTESIAN_POINT('',(-0.0970603005850141,0.0836575119017083,-0.019));
#1080=CARTESIAN_POINT('',(-0.0973603005850141,0.0853895627092771,-0.0188958333333333));
#1081=CARTESIAN_POINT('',(-0.0990103005850141,0.0859957804919263,-0.0187916666666667));
#1082=CARTESIAN_POINT('',(-0.100660300585014,0.0866019982745753,-0.0186875));
#1083=CARTESIAN_POINT('',(-0.102010300585014,0.0854761652496557,-0.0185833333333333));
#1084=CARTESIAN_POINT('',(-0.103360300585014,0.0843503322247358,-0.0184791666666667));
#1085=CARTESIAN_POINT('',(-0.103060300585014,0.082618281417167,-0.018375));
#1086=CARTESIAN_POINT('',(-0.102760300585014,0.0808862306095981,-0.0182708333333333));
#1087=CARTESIAN_POINT('',(-0.101110300585014,0.080280012826949,-0.0181666666666667));
#1088=CARTESIAN_POINT('',(-0.0994603005850141,0.0796737950442998,-0.0180625));
#1089=CARTESIAN_POINT('',(-0.0981103005850141,0.0807996280692197,-0.0179583333333333));
#1090=CARTESIAN_POINT('',(-0.0967603005850141,0.0819254610941394,-0.0178541666666666));
#1091=CARTESIAN_POINT('',(-0.0970603005850141,0.0836575119017083,-0.01775));
#1092=CARTESIAN_POINT('',(-0.0973603005850141,0.0853895627092771,-0.0176458333333333));
#1093=CARTESIAN_POINT('',(-0.0990103005850141,0.0859957804919263,-0.0175416666666666));
#1094=CARTESIAN_POINT('',(-0.100660300585014,0.0866019982745753,-0.0174375));
#1095=CARTESIAN_POINT('',(-0.102010300585014,0.0854761652496557,-0.0173333333333333));
#1096=CARTESIAN_POINT('',(-0.103360300585014,0.0843503322247358,-0.0172291666666666));
#1097=CARTESIAN_POINT('',(-0.103060300585014,0.082618281417167,-0.017125));
#1098=CARTESIAN_POINT('',(-0.102760300585014,0.0808862306095981,-0.0170208333333333));
#1099=CARTESIAN_POINT('',(-0.101110300585014,0.080280012826949,-0.0169166666666666));
#1100=CARTESIAN_POINT('',(-0.0994603005850141,0.0796737950442998,-0.0168125));
#1101=CARTESIAN_POINT('',(-0.0981103005850141,0.0807996280692197,-0.0167083333333333));
#1102=CARTESIAN_POINT('',(-0.0967603005850141,0.0819254610941394,-0.0166041666666666));
#1103=CARTESIAN_POINT('',(-0.0970603005850141,0.0836575119017083,-0.0165));
#1104=CARTESIAN_POINT('',(-0.0973603005850141,0.0853895627092771,-0.0163958333333333));
#1105=CARTESIAN_POINT('',(-0.0990103005850141,0.0859957804919263,-0.0162916666666666));
#1106=CARTESIAN_POINT('',(-0.100660300585014,0.0866019982745753,-0.0161875));
#1107=CARTESIAN_POINT('',(-0.102010300585014,0.0854761652496557,-0.0160833333333333));
#1108=CARTESIAN_POINT('',(-0.103360300585014,0.0843503322247358,-0.0159791666666666));
#1109=CARTESIAN_POINT('',(-0.103060300585014,0.082618281417167,-0.015875));
#1110=CARTESIAN_POINT('',(-0.102760300585014,0.0808862306095981,-0.0157708333333333));
#1111=CARTESIAN_POINT('',(-0.101110300585014,0.080280012826949,-0.0156666666666666));
#1112=CARTESIAN_POINT('',(-0.0994603005850141,0.0796737950442998,-0.0155625));
#1113=CARTESIAN_POINT('',(-0.0981103005850141,0.0807996280692197,-0.0154583333333333));
#1114=CARTESIAN_POINT('',(-0.0967603005850141,0.0819254610941394,-0.0153541666666667));
#1115=CARTESIAN_POINT('',(-0.0970603005850141,0.0836575119017083,-0.01525));
#1116=CARTESIAN_POINT('',(-0.0973603005850141,0.0853895627092771,-0.0151458333333333));
#1117=CARTESIAN_POINT('',(-0.0990103005850141,0.0859957804919263,-0.0150416666666666));
#1118=CARTESIAN_POINT('',(-0.100660300585014,0.0866019982745753,-0.0149375));
#1119=CARTESIAN_POINT('',(-0.102010300585014,0.0854761652496557,-0.0148333333333333));
#1120=CARTESIAN_POINT('',(-0.103360300585014,0.0843503322247358,-0.0147291666666666));
#1121=CARTESIAN_POINT('',(-0.103060300585014,0.082618281417167,-0.014625));
#1122=CARTESIAN_POINT('',(-0.102760300585014,0.0808862306095981,-0.0145208333333333));
#1123=CARTESIAN_POINT('',(-0.101110300585014,0.080280012826949,-0.0144166666666666));
#1124=CARTESIAN_POINT('',(-0.0994603005850141,0.0796737950442998,-0.0143125));
#1125=CARTESIAN_POINT('',(-0.0981103005850141,0.0807996280692197,-0.0142083333333333));
#1126=CARTESIAN_POINT('',(-0.0978008657822166,0.0810576813433301,-0.0141844571911421));
#1127=CARTESIAN_POINT('',(-0.097569205896619,0.0813873403897194,-0.0141578172653334));
#1128=CARTESIAN_POINT('',(-0.0970603005850141,0.0831378966594377,-0.0212));
#1129=CARTESIAN_POINT('',(-0.0970603005850141,0.0848699474670065,-0.0210958333333333));
#1130=CARTESIAN_POINT('',(-0.0985603005850141,0.085735972870791,-0.0209916666666667));
#1131=CARTESIAN_POINT('',(-0.100060300585014,0.0866019982745753,-0.0208875));
#1132=CARTESIAN_POINT('',(-0.101560300585014,0.085735972870791,-0.0207833333333333));
#1133=CARTESIAN_POINT('',(-0.103060300585014,0.0848699474670066,-0.0206791666666667));
#1134=CARTESIAN_POINT('',(-0.103060300585014,0.0831378966594377,-0.020575));
#1135=CARTESIAN_POINT('',(-0.103060300585014,0.0814058458518687,-0.0204708333333333));
#1136=CARTESIAN_POINT('',(-0.101560300585014,0.0805398204480844,-0.0203666666666667));
#1137=CARTESIAN_POINT('',(-0.100060300585014,0.0796737950442998,-0.0202625));
#1138=CARTESIAN_POINT('',(-0.0985603005850141,0.0805398204480844,-0.0201583333333333));
#1139=CARTESIAN_POINT('',(-0.0970603005850141,0.0814058458518687,-0.0200541666666666));
#1140=CARTESIAN_POINT('',(-0.0970603005850141,0.0831378966594377,-0.01995));
#1141=CARTESIAN_POINT('',(-0.0970603005850141,0.0848699474670065,-0.0198458333333333));
#1142=CARTESIAN_POINT('',(-0.0985603005850141,0.085735972870791,-0.0197416666666667));
#1143=CARTESIAN_POINT('',(-0.100060300585014,0.0866019982745753,-0.0196375));
#1144=CARTESIAN_POINT('',(-0.101560300585014,0.085735972870791,-0.0195333333333333));
#1145=CARTESIAN_POINT('',(-0.103060300585014,0.0848699474670066,-0.0194291666666667));
#1146=CARTESIAN_POINT('',(-0.103060300585014,0.0831378966594377,-0.019325));
#1147=CARTESIAN_POINT('',(-0.103060300585014,0.0814058458518687,-0.0192208333333333));
#1148=CARTESIAN_POINT('',(-0.101560300585014,0.0805398204480844,-0.0191166666666666));
#1149=CARTESIAN_POINT('',(-0.100060300585014,0.0796737950442998,-0.0190125));
#1150=CARTESIAN_POINT('',(-0.0985603005850141,0.0805398204480844,-0.0189083333333333));
#1151=CARTESIAN_POINT('',(-0.0970603005850141,0.0814058458518687,-0.0188041666666666));
#1152=CARTESIAN_POINT('',(-0.0970603005850141,0.0831378966594377,-0.0187));
#1153=CARTESIAN_POINT('',(-0.0970603005850141,0.0848699474670065,-0.0185958333333333));
#1154=CARTESIAN_POINT('',(-0.0985603005850141,0.085735972870791,-0.0184916666666666));
#1155=CARTESIAN_POINT('',(-0.100060300585014,0.0866019982745753,-0.0183875));
#1156=CARTESIAN_POINT('',(-0.101560300585014,0.085735972870791,-0.0182833333333333));
#1157=CARTESIAN_POINT('',(-0.103060300585014,0.0848699474670066,-0.0181791666666667));
#1158=CARTESIAN_POINT('',(-0.103060300585014,0.0831378966594377,-0.018075));
#1159=CARTESIAN_POINT('',(-0.103060300585014,0.0814058458518687,-0.0179708333333333));
#1160=CARTESIAN_POINT('',(-0.101560300585014,0.0805398204480844,-0.0178666666666666));
#1161=CARTESIAN_POINT('',(-0.100060300585014,0.0796737950442998,-0.0177625));
#1162=CARTESIAN_POINT('',(-0.0985603005850141,0.0805398204480843,-0.0176583333333333));
#1163=CARTESIAN_POINT('',(-0.0970603005850141,0.0814058458518687,-0.0175541666666667));
#1164=CARTESIAN_POINT('',(-0.0970603005850141,0.0831378966594377,-0.01745));
#1165=CARTESIAN_POINT('',(-0.0970603005850141,0.0848699474670065,-0.0173458333333333));
#1166=CARTESIAN_POINT('',(-0.0985603005850141,0.085735972870791,-0.0172416666666666));
#1167=CARTESIAN_POINT('',(-0.100060300585014,0.0866019982745753,-0.0171375));
#1168=CARTESIAN_POINT('',(-0.101560300585014,0.085735972870791,-0.0170333333333333));
#1169=CARTESIAN_POINT('',(-0.103060300585014,0.0848699474670066,-0.0169291666666666));
#1170=CARTESIAN_POINT('',(-0.103060300585014,0.0831378966594377,-0.016825));
#1171=CARTESIAN_POINT('',(-0.103060300585014,0.0814058458518687,-0.0167208333333333));
#1172=CARTESIAN_POINT('',(-0.101560300585014,0.0805398204480844,-0.0166166666666667));
#1173=CARTESIAN_POINT('',(-0.100060300585014,0.0796737950442998,-0.0165125));
#1174=CARTESIAN_POINT('',(-0.0985603005850141,0.0805398204480843,-0.0164083333333333));
#1175=CARTESIAN_POINT('',(-0.0970603005850141,0.0814058458518687,-0.0163041666666667));
#1176=CARTESIAN_POINT('',(-0.0970603005850141,0.0831378966594377,-0.0162));
#1177=CARTESIAN_POINT('',(-0.0970603005850141,0.0848699474670065,-0.0160958333333333));
#1178=CARTESIAN_POINT('',(-0.0985603005850141,0.085735972870791,-0.0159916666666667));
#1179=CARTESIAN_POINT('',(-0.100060300585014,0.0866019982745753,-0.0158875));
#1180=CARTESIAN_POINT('',(-0.101560300585014,0.085735972870791,-0.0157833333333333));
#1181=CARTESIAN_POINT('',(-0.103060300585014,0.0848699474670066,-0.0156791666666666));
#1182=CARTESIAN_POINT('',(-0.103060300585014,0.0831378966594377,-0.015575));
#1183=CARTESIAN_POINT('',(-0.103060300585014,0.0814058458518687,-0.0154708333333333));
#1184=CARTESIAN_POINT('',(-0.101560300585014,0.0805398204480844,-0.0153666666666667));
#1185=CARTESIAN_POINT('',(-0.100060300585014,0.0796737950442998,-0.0152625));
#1186=CARTESIAN_POINT('',(-0.0985603005850141,0.0805398204480843,-0.0151583333333333));
#1187=CARTESIAN_POINT('',(-0.0970603005850141,0.0814058458518687,-0.0150541666666666));
#1188=CARTESIAN_POINT('',(-0.0970603005850141,0.0831378966594377,-0.01495));
#1189=CARTESIAN_POINT('',(-0.0970603005850141,0.0848699474670065,-0.0148458333333333));
#1190=CARTESIAN_POINT('',(-0.0985603005850141,0.085735972870791,-0.0147416666666666));
#1191=CARTESIAN_POINT('',(-0.100060300585014,0.0866019982745753,-0.0146375));
#1192=CARTESIAN_POINT('',(-0.101560300585014,0.085735972870791,-0.0145333333333333));
#1193=CARTESIAN_POINT('',(-0.103060300585014,0.0848699474670066,-0.0144291666666667));
#1194=CARTESIAN_POINT('',(-0.103060300585014,0.0831378966594377,-0.014325));
#1195=CARTESIAN_POINT('',(-0.103060300585014,0.0814058458518687,-0.0142208333333333));
#1196=CARTESIAN_POINT('',(-0.101560300585014,0.0805398204480844,-0.0141166666666667));
#1197=CARTESIAN_POINT('',(-0.100060300585014,0.0796737950442998,-0.0140125));
#1198=CARTESIAN_POINT('',(-0.0985603005850141,0.0805398204480843,-0.0139083333333333));
#1199=CARTESIAN_POINT('',(-0.0970603005850141,0.0814058458518687,-0.0138041666666667));
#1200=CARTESIAN_POINT('',(-0.0970603005850141,0.0831378966594377,-0.0137));
#1201=CARTESIAN_POINT('',(-0.0970603005850141,0.0848699474670065,-0.0135958333333333));
#1202=CARTESIAN_POINT('',(-0.0985603005850141,0.085735972870791,-0.0134916666666666));
#1203=CARTESIAN_POINT('',(-0.100060300585014,0.0866019982745753,-0.0133875));
#1204=CARTESIAN_POINT('',(-0.101560300585014,0.085735972870791,-0.0132833333333333));
#1205=CARTESIAN_POINT('',(-0.103060300585014,0.0848699474670066,-0.0131791666666666));
#1206=CARTESIAN_POINT('',(-0.103060300585014,0.0831378966594377,-0.013075));
#1207=CARTESIAN_POINT('',(-0.103060300585014,0.0814058458518687,-0.0129708333333333));
#1208=CARTESIAN_POINT('',(-0.101560300585014,0.0805398204480844,-0.0128666666666667));
#1209=CARTESIAN_POINT('',(-0.100060300585014,0.0796737950442998,-0.0127625));
#1210=CARTESIAN_POINT('',(-0.0985603005850141,0.0805398204480843,-0.0126583333333333));
#1211=CARTESIAN_POINT('',(-0.0970603005850141,0.0814058458518687,-0.0125541666666666));
#1212=CARTESIAN_POINT('',(-0.0970603005850141,0.0831378966594377,-0.01245));
#1213=CARTESIAN_POINT('',(-0.0970603005850141,0.0848699474670065,-0.0123458333333333));
#1214=CARTESIAN_POINT('',(-0.0985603005850141,0.085735972870791,-0.0122416666666667));
#1215=CARTESIAN_POINT('',(-0.100060300585014,0.0866019982745753,-0.0121375));
#1216=CARTESIAN_POINT('',(-0.101560300585014,0.085735972870791,-0.0120333333333333));
#1217=CARTESIAN_POINT('',(-0.103060300585014,0.0848699474670066,-0.0119291666666667));
#1218=CARTESIAN_POINT('',(-0.103060300585014,0.0831378966594377,-0.011825));
#1219=CARTESIAN_POINT('',(-0.103060300585014,0.0814058458518687,-0.0117208333333333));
#1220=CARTESIAN_POINT('',(-0.101560300585014,0.0805398204480844,-0.0116166666666666));
#1221=CARTESIAN_POINT('',(-0.100060300585014,0.0796737950442998,-0.0115125));
#1222=CARTESIAN_POINT('',(-0.0985603005850141,0.0805398204480843,-0.0114083333333333));
#1223=CARTESIAN_POINT('',(-0.0970603005850141,0.0814058458518687,-0.0113041666666666));
#1224=CARTESIAN_POINT('',(-0.0970603005850141,0.0831378966594377,-0.0112));
#1225=CARTESIAN_POINT('',(-0.0970603005850141,0.0831378966594377,-0.0212));
#1226=CARTESIAN_POINT('',(-0.0970603005850141,0.0831378966594377,-0.0212));
#1227=CARTESIAN_POINT('',(-0.0970603005850141,0.0839912262850261,-0.0212));
#1228=CARTESIAN_POINT('',(-0.0978142143836385,0.0856603969232761,-0.0212000000000001));
#1229=CARTESIAN_POINT('',(-0.0995495509971607,0.0862432258639701,-0.0212));
#1230=CARTESIAN_POINT('',(-0.100398979676553,0.0861636687052062,-0.0212));
#1231=CARTESIAN_POINT('',(-0.100060300585014,0.0831378966594377,-0.0212));
#1232=CARTESIAN_POINT('',(-0.100060300585014,0.0831378966594377,-0.0212));
#1233=CARTESIAN_POINT('',(-0.0970603005850141,-0.0468621033405624,-0.0212));
#1234=CARTESIAN_POINT('',(-0.0970603005850141,-0.0451300525329935,-0.0210958333333333));
#1235=CARTESIAN_POINT('',(-0.0985603005850141,-0.0442640271292091,-0.0209916666666667));
#1236=CARTESIAN_POINT('',(-0.100060300585014,-0.0433980017254246,-0.0208875));
#1237=CARTESIAN_POINT('',(-0.101560300585014,-0.0442640271292091,-0.0207833333333334));
#1238=CARTESIAN_POINT('',(-0.103060300585014,-0.0451300525329935,-0.0206791666666667));
#1239=CARTESIAN_POINT('',(-0.103060300585014,-0.0468621033405624,-0.020575));
#1240=CARTESIAN_POINT('',(-0.103060300585014,-0.0485941541481312,-0.0204708333333333));
#1241=CARTESIAN_POINT('',(-0.101560300585014,-0.0494601795519157,-0.0203666666666667));
#1242=CARTESIAN_POINT('',(-0.100060300585014,-0.0503262049557001,-0.0202625));
#1243=CARTESIAN_POINT('',(-0.0985603005850141,-0.0494601795519157,-0.0201583333333334));
#1244=CARTESIAN_POINT('',(-0.0970603005850141,-0.0485941541481312,-0.0200541666666667));
#1245=CARTESIAN_POINT('',(-0.0970603005850141,-0.0468621033405624,-0.01995));
#1246=CARTESIAN_POINT('',(-0.0970603005850141,-0.0451300525329935,-0.0198458333333333));
#1247=CARTESIAN_POINT('',(-0.0985603005850141,-0.0442640271292091,-0.0197416666666667));
#1248=CARTESIAN_POINT('',(-0.100060300585014,-0.0433980017254246,-0.0196375));
#1249=CARTESIAN_POINT('',(-0.101560300585014,-0.0442640271292091,-0.0195333333333334));
#1250=CARTESIAN_POINT('',(-0.103060300585014,-0.0451300525329935,-0.0194291666666667));
#1251=CARTESIAN_POINT('',(-0.103060300585014,-0.0468621033405624,-0.019325));
#1252=CARTESIAN_POINT('',(-0.103060300585014,-0.0485941541481312,-0.0192208333333333));
#1253=CARTESIAN_POINT('',(-0.101560300585014,-0.0494601795519157,-0.0191166666666666));
#1254=CARTESIAN_POINT('',(-0.100060300585014,-0.0503262049557001,-0.0190125));
#1255=CARTESIAN_POINT('',(-0.0985603005850141,-0.0494601795519157,-0.0189083333333333));
#1256=CARTESIAN_POINT('',(-0.0970603005850141,-0.0485941541481312,-0.0188041666666667));
#1257=CARTESIAN_POINT('',(-0.0970603005850141,-0.0468621033405624,-0.0187));
#1258=CARTESIAN_POINT('',(-0.0970603005850141,-0.0451300525329935,-0.0185958333333334));
#1259=CARTESIAN_POINT('',(-0.0985603005850141,-0.0442640271292091,-0.0184916666666666));
#1260=CARTESIAN_POINT('',(-0.100060300585014,-0.0433980017254246,-0.0183875));
#1261=CARTESIAN_POINT('',(-0.101560300585014,-0.0442640271292091,-0.0182833333333333));
#1262=CARTESIAN_POINT('',(-0.103060300585014,-0.0451300525329935,-0.0181791666666667));
#1263=CARTESIAN_POINT('',(-0.103060300585014,-0.0468621033405624,-0.018075));
#1264=CARTESIAN_POINT('',(-0.103060300585014,-0.0485941541481312,-0.0179708333333333));
#1265=CARTESIAN_POINT('',(-0.101560300585014,-0.0494601795519157,-0.0178666666666666));
#1266=CARTESIAN_POINT('',(-0.100060300585014,-0.0503262049557001,-0.0177625));
#1267=CARTESIAN_POINT('',(-0.0985603005850141,-0.0494601795519157,-0.0176583333333334));
#1268=CARTESIAN_POINT('',(-0.0970603005850141,-0.0485941541481312,-0.0175541666666667));
#1269=CARTESIAN_POINT('',(-0.0970603005850141,-0.0468621033405624,-0.01745));
#1270=CARTESIAN_POINT('',(-0.0970603005850141,-0.0451300525329935,-0.0173458333333334));
#1271=CARTESIAN_POINT('',(-0.0985603005850141,-0.0442640271292091,-0.0172416666666666));
#1272=CARTESIAN_POINT('',(-0.100060300585014,-0.0433980017254246,-0.0171375));
#1273=CARTESIAN_POINT('',(-0.101560300585014,-0.0442640271292091,-0.0170333333333334));
#1274=CARTESIAN_POINT('',(-0.103060300585014,-0.0451300525329935,-0.0169291666666667));
#1275=CARTESIAN_POINT('',(-0.103060300585014,-0.0468621033405624,-0.016825));
#1276=CARTESIAN_POINT('',(-0.103060300585014,-0.0485941541481312,-0.0167208333333333));
#1277=CARTESIAN_POINT('',(-0.101560300585014,-0.0494601795519157,-0.0166166666666667));
#1278=CARTESIAN_POINT('',(-0.100060300585014,-0.0503262049557001,-0.0165125));
#1279=CARTESIAN_POINT('',(-0.0985603005850141,-0.0494601795519157,-0.0164083333333334));
#1280=CARTESIAN_POINT('',(-0.0970603005850141,-0.0485941541481312,-0.0163041666666667));
#1281=CARTESIAN_POINT('',(-0.0970603005850141,-0.0468621033405624,-0.0162));
#1282=CARTESIAN_POINT('',(-0.0970603005850141,-0.0451300525329935,-0.0160958333333333));
#1283=CARTESIAN_POINT('',(-0.0985603005850141,-0.0442640271292091,-0.0159916666666667));
#1284=CARTESIAN_POINT('',(-0.100060300585014,-0.0433980017254246,-0.0158875));
#1285=CARTESIAN_POINT('',(-0.101560300585014,-0.0442640271292091,-0.0157833333333334));
#1286=CARTESIAN_POINT('',(-0.103060300585014,-0.0451300525329935,-0.0156791666666666));
#1287=CARTESIAN_POINT('',(-0.103060300585014,-0.0468621033405624,-0.015575));
#1288=CARTESIAN_POINT('',(-0.103060300585014,-0.0485941541481312,-0.0154708333333333));
#1289=CARTESIAN_POINT('',(-0.101560300585014,-0.0494601795519157,-0.0153666666666667));
#1290=CARTESIAN_POINT('',(-0.100060300585014,-0.0503262049557001,-0.0152625));
#1291=CARTESIAN_POINT('',(-0.0985603005850141,-0.0494601795519157,-0.0151583333333334));
#1292=CARTESIAN_POINT('',(-0.0970603005850141,-0.0485941541481312,-0.0150541666666667));
#1293=CARTESIAN_POINT('',(-0.0970603005850141,-0.0468621033405624,-0.01495));
#1294=CARTESIAN_POINT('',(-0.0970603005850141,-0.0451300525329935,-0.0148458333333333));
#1295=CARTESIAN_POINT('',(-0.0985603005850141,-0.0442640271292091,-0.0147416666666667));
#1296=CARTESIAN_POINT('',(-0.100060300585014,-0.0433980017254246,-0.0146375));
#1297=CARTESIAN_POINT('',(-0.101560300585014,-0.0442640271292091,-0.0145333333333333));
#1298=CARTESIAN_POINT('',(-0.103060300585014,-0.0451300525329935,-0.0144291666666667));
#1299=CARTESIAN_POINT('',(-0.103060300585014,-0.0468621033405624,-0.014325));
#1300=CARTESIAN_POINT('',(-0.103060300585014,-0.0485941541481312,-0.0142208333333333));
#1301=CARTESIAN_POINT('',(-0.101560300585014,-0.0494601795519157,-0.0141166666666667));
#1302=CARTESIAN_POINT('',(-0.100060300585014,-0.0503262049557001,-0.0140125));
#1303=CARTESIAN_POINT('',(-0.0985603005850141,-0.0494601795519157,-0.0139083333333333));
#1304=CARTESIAN_POINT('',(-0.0982164841374621,-0.0492616770333697,-0.0138844571911422));
#1305=CARTESIAN_POINT('',(-0.0979361360720745,-0.0489805756962867,-0.0138578172653335));
#1306=CARTESIAN_POINT('',(-0.0970603005850141,-0.0463424880982917,-0.0215));
#1307=CARTESIAN_POINT('',(-0.0973603005850141,-0.0446104372907228,-0.0213958333333333));
#1308=CARTESIAN_POINT('',(-0.0990103005850141,-0.0440042195080737,-0.0212916666666666));
#1309=CARTESIAN_POINT('',(-0.100660300585014,-0.0433980017254246,-0.0211875));
#1310=CARTESIAN_POINT('',(-0.102010300585014,-0.0445238347503443,-0.0210833333333333));
#1311=CARTESIAN_POINT('',(-0.103360300585014,-0.0456496677752641,-0.0209791666666667));
#1312=CARTESIAN_POINT('',(-0.103060300585014,-0.047381718582833,-0.020875));
#1313=CARTESIAN_POINT('',(-0.102760300585014,-0.0491137693904019,-0.0207708333333334));
#1314=CARTESIAN_POINT('',(-0.101110300585014,-0.049719987173051,-0.0206666666666666));
#1315=CARTESIAN_POINT('',(-0.0994603005850141,-0.0503262049557001,-0.0205625));
#1316=CARTESIAN_POINT('',(-0.0981103005850141,-0.0492003719307804,-0.0204583333333334));
#1317=CARTESIAN_POINT('',(-0.0967603005850141,-0.0480745389058605,-0.0203541666666666));
#1318=CARTESIAN_POINT('',(-0.0970603005850141,-0.0463424880982917,-0.02025));
#1319=CARTESIAN_POINT('',(-0.0973603005850141,-0.0446104372907228,-0.0201458333333333));
#1320=CARTESIAN_POINT('',(-0.0990103005850141,-0.0440042195080737,-0.0200416666666666));
#1321=CARTESIAN_POINT('',(-0.100660300585014,-0.0433980017254246,-0.0199375));
#1322=CARTESIAN_POINT('',(-0.102010300585014,-0.0445238347503443,-0.0198333333333334));
#1323=CARTESIAN_POINT('',(-0.103360300585014,-0.0456496677752641,-0.0197291666666667));
#1324=CARTESIAN_POINT('',(-0.103060300585014,-0.047381718582833,-0.019625));
#1325=CARTESIAN_POINT('',(-0.102760300585014,-0.0491137693904019,-0.0195208333333334));
#1326=CARTESIAN_POINT('',(-0.101110300585014,-0.049719987173051,-0.0194166666666667));
#1327=CARTESIAN_POINT('',(-0.0994603005850141,-0.0503262049557001,-0.0193125));
#1328=CARTESIAN_POINT('',(-0.0981103005850141,-0.0492003719307804,-0.0192083333333334));
#1329=CARTESIAN_POINT('',(-0.0967603005850141,-0.0480745389058605,-0.0191041666666666));
#1330=CARTESIAN_POINT('',(-0.0970603005850141,-0.0463424880982917,-0.019));
#1331=CARTESIAN_POINT('',(-0.0973603005850141,-0.0446104372907228,-0.0188958333333333));
#1332=CARTESIAN_POINT('',(-0.0990103005850141,-0.0440042195080737,-0.0187916666666667));
#1333=CARTESIAN_POINT('',(-0.100660300585014,-0.0433980017254246,-0.0186875));
#1334=CARTESIAN_POINT('',(-0.102010300585014,-0.0445238347503443,-0.0185833333333334));
#1335=CARTESIAN_POINT('',(-0.103360300585014,-0.0456496677752641,-0.0184791666666667));
#1336=CARTESIAN_POINT('',(-0.103060300585014,-0.047381718582833,-0.018375));
#1337=CARTESIAN_POINT('',(-0.102760300585014,-0.0491137693904019,-0.0182708333333333));
#1338=CARTESIAN_POINT('',(-0.101110300585014,-0.049719987173051,-0.0181666666666667));
#1339=CARTESIAN_POINT('',(-0.0994603005850141,-0.0503262049557001,-0.0180625));
#1340=CARTESIAN_POINT('',(-0.0981103005850141,-0.0492003719307804,-0.0179583333333334));
#1341=CARTESIAN_POINT('',(-0.0967603005850141,-0.0480745389058605,-0.0178541666666666));
#1342=CARTESIAN_POINT('',(-0.0970603005850141,-0.0463424880982917,-0.01775));
#1343=CARTESIAN_POINT('',(-0.0973603005850141,-0.0446104372907228,-0.0176458333333333));
#1344=CARTESIAN_POINT('',(-0.0990103005850141,-0.0440042195080737,-0.0175416666666666));
#1345=CARTESIAN_POINT('',(-0.100660300585014,-0.0433980017254246,-0.0174375));
#1346=CARTESIAN_POINT('',(-0.102010300585014,-0.0445238347503443,-0.0173333333333333));
#1347=CARTESIAN_POINT('',(-0.103360300585014,-0.0456496677752641,-0.0172291666666667));
#1348=CARTESIAN_POINT('',(-0.103060300585014,-0.047381718582833,-0.017125));
#1349=CARTESIAN_POINT('',(-0.102760300585014,-0.0491137693904019,-0.0170208333333333));
#1350=CARTESIAN_POINT('',(-0.101110300585014,-0.049719987173051,-0.0169166666666666));
#1351=CARTESIAN_POINT('',(-0.0994603005850141,-0.0503262049557001,-0.0168125));
#1352=CARTESIAN_POINT('',(-0.0981103005850141,-0.0492003719307804,-0.0167083333333333));
#1353=CARTESIAN_POINT('',(-0.0967603005850141,-0.0480745389058605,-0.0166041666666667));
#1354=CARTESIAN_POINT('',(-0.0970603005850141,-0.0463424880982917,-0.0165));
#1355=CARTESIAN_POINT('',(-0.0973603005850141,-0.0446104372907228,-0.0163958333333333));
#1356=CARTESIAN_POINT('',(-0.0990103005850141,-0.0440042195080737,-0.0162916666666666));
#1357=CARTESIAN_POINT('',(-0.100660300585014,-0.0433980017254246,-0.0161875));
#1358=CARTESIAN_POINT('',(-0.102010300585014,-0.0445238347503443,-0.0160833333333334));
#1359=CARTESIAN_POINT('',(-0.103360300585014,-0.0456496677752641,-0.0159791666666667));
#1360=CARTESIAN_POINT('',(-0.103060300585014,-0.047381718582833,-0.015875));
#1361=CARTESIAN_POINT('',(-0.102760300585014,-0.0491137693904019,-0.0157708333333333));
#1362=CARTESIAN_POINT('',(-0.101110300585014,-0.049719987173051,-0.0156666666666666));
#1363=CARTESIAN_POINT('',(-0.0994603005850141,-0.0503262049557001,-0.0155625));
#1364=CARTESIAN_POINT('',(-0.0981103005850141,-0.0492003719307804,-0.0154583333333333));
#1365=CARTESIAN_POINT('',(-0.0967603005850141,-0.0480745389058605,-0.0153541666666667));
#1366=CARTESIAN_POINT('',(-0.0970603005850141,-0.0463424880982917,-0.01525));
#1367=CARTESIAN_POINT('',(-0.0973603005850141,-0.0446104372907228,-0.0151458333333333));
#1368=CARTESIAN_POINT('',(-0.0990103005850141,-0.0440042195080737,-0.0150416666666666));
#1369=CARTESIAN_POINT('',(-0.100660300585014,-0.0433980017254246,-0.0149375));
#1370=CARTESIAN_POINT('',(-0.102010300585014,-0.0445238347503443,-0.0148333333333333));
#1371=CARTESIAN_POINT('',(-0.103360300585014,-0.0456496677752641,-0.0147291666666667));
#1372=CARTESIAN_POINT('',(-0.103060300585014,-0.047381718582833,-0.014625));
#1373=CARTESIAN_POINT('',(-0.102760300585014,-0.0491137693904019,-0.0145208333333333));
#1374=CARTESIAN_POINT('',(-0.101110300585014,-0.049719987173051,-0.0144166666666667));
#1375=CARTESIAN_POINT('',(-0.0994603005850141,-0.0503262049557001,-0.0143125));
#1376=CARTESIAN_POINT('',(-0.0981103005850141,-0.0492003719307804,-0.0142083333333333));
#1377=CARTESIAN_POINT('',(-0.0978008657822173,-0.0489423186566706,-0.0141844571911422));
#1378=CARTESIAN_POINT('',(-0.09756920589662,-0.0486126596102821,-0.0141578172653335));
#1379=CARTESIAN_POINT('',(-0.0970603005850141,-0.0468621033405624,-0.0212));
#1380=CARTESIAN_POINT('',(-0.0970603005850141,-0.0451300525329935,-0.0210958333333333));
#1381=CARTESIAN_POINT('',(-0.0985603005850141,-0.0442640271292091,-0.0209916666666667));
#1382=CARTESIAN_POINT('',(-0.100060300585014,-0.0433980017254246,-0.0208875));
#1383=CARTESIAN_POINT('',(-0.101560300585014,-0.0442640271292091,-0.0207833333333334));
#1384=CARTESIAN_POINT('',(-0.103060300585014,-0.0451300525329935,-0.0206791666666667));
#1385=CARTESIAN_POINT('',(-0.103060300585014,-0.0468621033405624,-0.020575));
#1386=CARTESIAN_POINT('',(-0.103060300585014,-0.0485941541481312,-0.0204708333333333));
#1387=CARTESIAN_POINT('',(-0.101560300585014,-0.0494601795519157,-0.0203666666666667));
#1388=CARTESIAN_POINT('',(-0.100060300585014,-0.0503262049557001,-0.0202625));
#1389=CARTESIAN_POINT('',(-0.0985603005850141,-0.0494601795519157,-0.0201583333333334));
#1390=CARTESIAN_POINT('',(-0.0970603005850141,-0.0485941541481312,-0.0200541666666667));
#1391=CARTESIAN_POINT('',(-0.0970603005850141,-0.0468621033405624,-0.01995));
#1392=CARTESIAN_POINT('',(-0.0970603005850141,-0.0451300525329935,-0.0198458333333333));
#1393=CARTESIAN_POINT('',(-0.0985603005850141,-0.0442640271292091,-0.0197416666666667));
#1394=CARTESIAN_POINT('',(-0.100060300585014,-0.0433980017254246,-0.0196375));
#1395=CARTESIAN_POINT('',(-0.101560300585014,-0.0442640271292091,-0.0195333333333334));
#1396=CARTESIAN_POINT('',(-0.103060300585014,-0.0451300525329935,-0.0194291666666667));
#1397=CARTESIAN_POINT('',(-0.103060300585014,-0.0468621033405624,-0.019325));
#1398=CARTESIAN_POINT('',(-0.103060300585014,-0.0485941541481312,-0.0192208333333333));
#1399=CARTESIAN_POINT('',(-0.101560300585014,-0.0494601795519157,-0.0191166666666666));
#1400=CARTESIAN_POINT('',(-0.100060300585014,-0.0503262049557001,-0.0190125));
#1401=CARTESIAN_POINT('',(-0.0985603005850141,-0.0494601795519157,-0.0189083333333333));
#1402=CARTESIAN_POINT('',(-0.0970603005850141,-0.0485941541481312,-0.0188041666666667));
#1403=CARTESIAN_POINT('',(-0.0970603005850141,-0.0468621033405624,-0.0187));
#1404=CARTESIAN_POINT('',(-0.0970603005850141,-0.0451300525329935,-0.0185958333333334));
#1405=CARTESIAN_POINT('',(-0.0985603005850141,-0.0442640271292091,-0.0184916666666666));
#1406=CARTESIAN_POINT('',(-0.100060300585014,-0.0433980017254246,-0.0183875));
#1407=CARTESIAN_POINT('',(-0.101560300585014,-0.0442640271292091,-0.0182833333333333));
#1408=CARTESIAN_POINT('',(-0.103060300585014,-0.0451300525329935,-0.0181791666666667));
#1409=CARTESIAN_POINT('',(-0.103060300585014,-0.0468621033405623,-0.018075));
#1410=CARTESIAN_POINT('',(-0.103060300585014,-0.0485941541481312,-0.0179708333333333));
#1411=CARTESIAN_POINT('',(-0.101560300585014,-0.0494601795519157,-0.0178666666666666));
#1412=CARTESIAN_POINT('',(-0.100060300585014,-0.0503262049557001,-0.0177625));
#1413=CARTESIAN_POINT('',(-0.0985603005850141,-0.0494601795519157,-0.0176583333333334));
#1414=CARTESIAN_POINT('',(-0.0970603005850141,-0.0485941541481312,-0.0175541666666667));
#1415=CARTESIAN_POINT('',(-0.0970603005850141,-0.0468621033405624,-0.01745));
#1416=CARTESIAN_POINT('',(-0.0970603005850141,-0.0451300525329935,-0.0173458333333334));
#1417=CARTESIAN_POINT('',(-0.0985603005850141,-0.0442640271292091,-0.0172416666666666));
#1418=CARTESIAN_POINT('',(-0.100060300585014,-0.0433980017254246,-0.0171375));
#1419=CARTESIAN_POINT('',(-0.101560300585014,-0.0442640271292091,-0.0170333333333334));
#1420=CARTESIAN_POINT('',(-0.103060300585014,-0.0451300525329935,-0.0169291666666667));
#1421=CARTESIAN_POINT('',(-0.103060300585014,-0.0468621033405624,-0.016825));
#1422=CARTESIAN_POINT('',(-0.103060300585014,-0.0485941541481312,-0.0167208333333333));
#1423=CARTESIAN_POINT('',(-0.101560300585014,-0.0494601795519157,-0.0166166666666667));
#1424=CARTESIAN_POINT('',(-0.100060300585014,-0.0503262049557001,-0.0165125));
#1425=CARTESIAN_POINT('',(-0.0985603005850141,-0.0494601795519157,-0.0164083333333334));
#1426=CARTESIAN_POINT('',(-0.0970603005850141,-0.0485941541481312,-0.0163041666666667));
#1427=CARTESIAN_POINT('',(-0.0970603005850141,-0.0468621033405624,-0.0162));
#1428=CARTESIAN_POINT('',(-0.0970603005850141,-0.0451300525329935,-0.0160958333333333));
#1429=CARTESIAN_POINT('',(-0.0985603005850141,-0.0442640271292091,-0.0159916666666667));
#1430=CARTESIAN_POINT('',(-0.100060300585014,-0.0433980017254246,-0.0158875));
#1431=CARTESIAN_POINT('',(-0.101560300585014,-0.0442640271292091,-0.0157833333333334));
#1432=CARTESIAN_POINT('',(-0.103060300585014,-0.0451300525329935,-0.0156791666666666));
#1433=CARTESIAN_POINT('',(-0.103060300585014,-0.0468621033405623,-0.015575));
#1434=CARTESIAN_POINT('',(-0.103060300585014,-0.0485941541481312,-0.0154708333333333));
#1435=CARTESIAN_POINT('',(-0.101560300585014,-0.0494601795519157,-0.0153666666666667));
#1436=CARTESIAN_POINT('',(-0.100060300585014,-0.0503262049557001,-0.0152625));
#1437=CARTESIAN_POINT('',(-0.0985603005850141,-0.0494601795519157,-0.0151583333333334));
#1438=CARTESIAN_POINT('',(-0.0970603005850141,-0.0485941541481312,-0.0150541666666667));
#1439=CARTESIAN_POINT('',(-0.0970603005850141,-0.0468621033405624,-0.01495));
#1440=CARTESIAN_POINT('',(-0.0970603005850141,-0.0451300525329935,-0.0148458333333333));
#1441=CARTESIAN_POINT('',(-0.0985603005850141,-0.0442640271292091,-0.0147416666666667));
#1442=CARTESIAN_POINT('',(-0.100060300585014,-0.0433980017254246,-0.0146375));
#1443=CARTESIAN_POINT('',(-0.101560300585014,-0.0442640271292091,-0.0145333333333333));
#1444=CARTESIAN_POINT('',(-0.103060300585014,-0.0451300525329935,-0.0144291666666667));
#1445=CARTESIAN_POINT('',(-0.103060300585014,-0.0468621033405623,-0.014325));
#1446=CARTESIAN_POINT('',(-0.103060300585014,-0.0485941541481312,-0.0142208333333333));
#1447=CARTESIAN_POINT('',(-0.101560300585014,-0.0494601795519157,-0.0141166666666667));
#1448=CARTESIAN_POINT('',(-0.100060300585014,-0.0503262049557001,-0.0140125));
#1449=CARTESIAN_POINT('',(-0.0985603005850141,-0.0494601795519157,-0.0139083333333333));
#1450=CARTESIAN_POINT('',(-0.0970603005850141,-0.0485941541481312,-0.0138041666666667));
#1451=CARTESIAN_POINT('',(-0.0970603005850141,-0.0468621033405624,-0.0137));
#1452=CARTESIAN_POINT('',(-0.0970603005850141,-0.0451300525329935,-0.0135958333333333));
#1453=CARTESIAN_POINT('',(-0.0985603005850141,-0.0442640271292091,-0.0134916666666667));
#1454=CARTESIAN_POINT('',(-0.100060300585014,-0.0433980017254246,-0.0133875));
#1455=CARTESIAN_POINT('',(-0.101560300585014,-0.0442640271292091,-0.0132833333333333));
#1456=CARTESIAN_POINT('',(-0.103060300585014,-0.0451300525329935,-0.0131791666666666));
#1457=CARTESIAN_POINT('',(-0.103060300585014,-0.0468621033405623,-0.013075));
#1458=CARTESIAN_POINT('',(-0.103060300585014,-0.0485941541481312,-0.0129708333333333));
#1459=CARTESIAN_POINT('',(-0.101560300585014,-0.0494601795519157,-0.0128666666666667));
#1460=CARTESIAN_POINT('',(-0.100060300585014,-0.0503262049557001,-0.0127625));
#1461=CARTESIAN_POINT('',(-0.0985603005850141,-0.0494601795519157,-0.0126583333333333));
#1462=CARTESIAN_POINT('',(-0.0970603005850141,-0.0485941541481312,-0.0125541666666667));
#1463=CARTESIAN_POINT('',(-0.0970603005850141,-0.0468621033405624,-0.01245));
#1464=CARTESIAN_POINT('',(-0.0970603005850141,-0.0451300525329935,-0.0123458333333333));
#1465=CARTESIAN_POINT('',(-0.0985603005850141,-0.0442640271292091,-0.0122416666666667));
#1466=CARTESIAN_POINT('',(-0.100060300585014,-0.0433980017254246,-0.0121375));
#1467=CARTESIAN_POINT('',(-0.101560300585014,-0.0442640271292091,-0.0120333333333333));
#1468=CARTESIAN_POINT('',(-0.103060300585014,-0.0451300525329935,-0.0119291666666667));
#1469=CARTESIAN_POINT('',(-0.103060300585014,-0.0468621033405623,-0.011825));
#1470=CARTESIAN_POINT('',(-0.103060300585014,-0.0485941541481312,-0.0117208333333333));
#1471=CARTESIAN_POINT('',(-0.101560300585014,-0.0494601795519157,-0.0116166666666667));
#1472=CARTESIAN_POINT('',(-0.100060300585014,-0.0503262049557001,-0.0115125));
#1473=CARTESIAN_POINT('',(-0.0985603005850141,-0.0494601795519157,-0.0114083333333333));
#1474=CARTESIAN_POINT('',(-0.0970603005850141,-0.0485941541481312,-0.0113041666666667));
#1475=CARTESIAN_POINT('',(-0.0970603005850141,-0.0468621033405624,-0.0112));
#1476=CARTESIAN_POINT('',(-0.0970603005850141,-0.0468621033405624,-0.0212));
#1477=CARTESIAN_POINT('',(-0.0970603005850141,-0.0463424880982917,-0.0215));
#1478=CARTESIAN_POINT('',(-0.0973603005850141,-0.0446104372907228,-0.0213958333333333));
#1479=CARTESIAN_POINT('',(-0.0990103005850141,-0.0440042195080737,-0.0212916666666666));
#1480=CARTESIAN_POINT('',(-0.100660300585014,-0.0433980017254246,-0.0211875));
#1481=CARTESIAN_POINT('',(-0.102010300585014,-0.0445238347503443,-0.0210833333333333));
#1482=CARTESIAN_POINT('',(-0.103360300585014,-0.0456496677752641,-0.0209791666666667));
#1483=CARTESIAN_POINT('',(-0.103060300585014,-0.047381718582833,-0.020875));
#1484=CARTESIAN_POINT('',(-0.102760300585014,-0.0491137693904019,-0.0207708333333334));
#1485=CARTESIAN_POINT('',(-0.101110300585014,-0.049719987173051,-0.0206666666666666));
#1486=CARTESIAN_POINT('',(-0.0994603005850141,-0.0503262049557001,-0.0205625));
#1487=CARTESIAN_POINT('',(-0.0981103005850141,-0.0492003719307804,-0.0204583333333334));
#1488=CARTESIAN_POINT('',(-0.0967603005850141,-0.0480745389058605,-0.0203541666666666));
#1489=CARTESIAN_POINT('',(-0.0970603005850141,-0.0463424880982917,-0.02025));
#1490=CARTESIAN_POINT('',(-0.0973603005850141,-0.0446104372907228,-0.0201458333333333));
#1491=CARTESIAN_POINT('',(-0.0990103005850141,-0.0440042195080737,-0.0200416666666666));
#1492=CARTESIAN_POINT('',(-0.100660300585014,-0.0433980017254246,-0.0199375));
#1493=CARTESIAN_POINT('',(-0.102010300585014,-0.0445238347503443,-0.0198333333333334));
#1494=CARTESIAN_POINT('',(-0.103360300585014,-0.0456496677752641,-0.0197291666666667));
#1495=CARTESIAN_POINT('',(-0.103060300585014,-0.047381718582833,-0.019625));
#1496=CARTESIAN_POINT('',(-0.102760300585014,-0.0491137693904019,-0.0195208333333334));
#1497=CARTESIAN_POINT('',(-0.101110300585014,-0.049719987173051,-0.0194166666666667));
#1498=CARTESIAN_POINT('',(-0.0994603005850141,-0.0503262049557001,-0.0193125));
#1499=CARTESIAN_POINT('',(-0.0981103005850141,-0.0492003719307804,-0.0192083333333334));
#1500=CARTESIAN_POINT('',(-0.0967603005850141,-0.0480745389058605,-0.0191041666666666));
#1501=CARTESIAN_POINT('',(-0.0970603005850141,-0.0463424880982917,-0.019));
#1502=CARTESIAN_POINT('',(-0.0973603005850141,-0.0446104372907228,-0.0188958333333333));
#1503=CARTESIAN_POINT('',(-0.0990103005850141,-0.0440042195080737,-0.0187916666666667));
#1504=CARTESIAN_POINT('',(-0.100660300585014,-0.0433980017254246,-0.0186875));
#1505=CARTESIAN_POINT('',(-0.102010300585014,-0.0445238347503443,-0.0185833333333334));
#1506=CARTESIAN_POINT('',(-0.103360300585014,-0.0456496677752641,-0.0184791666666667));
#1507=CARTESIAN_POINT('',(-0.103060300585014,-0.047381718582833,-0.018375));
#1508=CARTESIAN_POINT('',(-0.102760300585014,-0.0491137693904019,-0.0182708333333333));
#1509=CARTESIAN_POINT('',(-0.101110300585014,-0.049719987173051,-0.0181666666666667));
#1510=CARTESIAN_POINT('',(-0.0994603005850141,-0.0503262049557001,-0.0180625));
#1511=CARTESIAN_POINT('',(-0.0981103005850141,-0.0492003719307804,-0.0179583333333334));
#1512=CARTESIAN_POINT('',(-0.0967603005850141,-0.0480745389058606,-0.0178541666666666));
#1513=CARTESIAN_POINT('',(-0.0970603005850141,-0.0463424880982917,-0.01775));
#1514=CARTESIAN_POINT('',(-0.0973603005850141,-0.0446104372907228,-0.0176458333333333));
#1515=CARTESIAN_POINT('',(-0.0990103005850141,-0.0440042195080737,-0.0175416666666666));
#1516=CARTESIAN_POINT('',(-0.100660300585014,-0.0433980017254246,-0.0174375));
#1517=CARTESIAN_POINT('',(-0.102010300585014,-0.0445238347503443,-0.0173333333333333));
#1518=CARTESIAN_POINT('',(-0.103360300585014,-0.0456496677752641,-0.0172291666666667));
#1519=CARTESIAN_POINT('',(-0.103060300585014,-0.047381718582833,-0.017125));
#1520=CARTESIAN_POINT('',(-0.102760300585014,-0.0491137693904019,-0.0170208333333333));
#1521=CARTESIAN_POINT('',(-0.101110300585014,-0.049719987173051,-0.0169166666666666));
#1522=CARTESIAN_POINT('',(-0.0994603005850141,-0.0503262049557001,-0.0168125));
#1523=CARTESIAN_POINT('',(-0.0981103005850141,-0.0492003719307804,-0.0167083333333333));
#1524=CARTESIAN_POINT('',(-0.0967603005850141,-0.0480745389058606,-0.0166041666666667));
#1525=CARTESIAN_POINT('',(-0.0970603005850141,-0.0463424880982917,-0.0165));
#1526=CARTESIAN_POINT('',(-0.0973603005850141,-0.0446104372907228,-0.0163958333333333));
#1527=CARTESIAN_POINT('',(-0.0990103005850141,-0.0440042195080737,-0.0162916666666666));
#1528=CARTESIAN_POINT('',(-0.100660300585014,-0.0433980017254246,-0.0161875));
#1529=CARTESIAN_POINT('',(-0.102010300585014,-0.0445238347503443,-0.0160833333333334));
#1530=CARTESIAN_POINT('',(-0.103360300585014,-0.0456496677752641,-0.0159791666666667));
#1531=CARTESIAN_POINT('',(-0.103060300585014,-0.047381718582833,-0.015875));
#1532=CARTESIAN_POINT('',(-0.102760300585014,-0.0491137693904019,-0.0157708333333333));
#1533=CARTESIAN_POINT('',(-0.101110300585014,-0.049719987173051,-0.0156666666666666));
#1534=CARTESIAN_POINT('',(-0.0994603005850141,-0.0503262049557001,-0.0155625));
#1535=CARTESIAN_POINT('',(-0.0981103005850141,-0.0492003719307804,-0.0154583333333333));
#1536=CARTESIAN_POINT('',(-0.0967603005850141,-0.0480745389058606,-0.0153541666666667));
#1537=CARTESIAN_POINT('',(-0.0970603005850141,-0.0463424880982917,-0.01525));
#1538=CARTESIAN_POINT('',(-0.0973603005850141,-0.0446104372907228,-0.0151458333333333));
#1539=CARTESIAN_POINT('',(-0.0990103005850141,-0.0440042195080737,-0.0150416666666666));
#1540=CARTESIAN_POINT('',(-0.100660300585014,-0.0433980017254246,-0.0149375));
#1541=CARTESIAN_POINT('',(-0.102010300585014,-0.0445238347503443,-0.0148333333333333));
#1542=CARTESIAN_POINT('',(-0.103360300585014,-0.0456496677752641,-0.0147291666666667));
#1543=CARTESIAN_POINT('',(-0.103060300585014,-0.047381718582833,-0.014625));
#1544=CARTESIAN_POINT('',(-0.102760300585014,-0.0491137693904019,-0.0145208333333333));
#1545=CARTESIAN_POINT('',(-0.101110300585014,-0.049719987173051,-0.0144166666666667));
#1546=CARTESIAN_POINT('',(-0.0994603005850141,-0.0503262049557001,-0.0143125));
#1547=CARTESIAN_POINT('',(-0.0981103005850141,-0.0492003719307804,-0.0142083333333333));
#1548=CARTESIAN_POINT('',(-0.0967603005850141,-0.0480745389058606,-0.0141041666666667));
#1549=CARTESIAN_POINT('',(-0.0970603005850141,-0.0463424880982917,-0.014));
#1550=CARTESIAN_POINT('',(-0.097360300585014,-0.0446104372907228,-0.0138958333333333));
#1551=CARTESIAN_POINT('',(-0.0990103005850141,-0.0440042195080737,-0.0137916666666667));
#1552=CARTESIAN_POINT('',(-0.100660300585014,-0.0433980017254246,-0.0136875));
#1553=CARTESIAN_POINT('',(-0.102010300585014,-0.0445238347503443,-0.0135833333333333));
#1554=CARTESIAN_POINT('',(-0.103360300585014,-0.0456496677752641,-0.0134791666666667));
#1555=CARTESIAN_POINT('',(-0.103060300585014,-0.047381718582833,-0.013375));
#1556=CARTESIAN_POINT('',(-0.102760300585014,-0.0491137693904019,-0.0132708333333333));
#1557=CARTESIAN_POINT('',(-0.101110300585014,-0.049719987173051,-0.0131666666666667));
#1558=CARTESIAN_POINT('',(-0.0994603005850141,-0.0503262049557001,-0.0130625));
#1559=CARTESIAN_POINT('',(-0.0981103005850141,-0.0492003719307804,-0.0129583333333333));
#1560=CARTESIAN_POINT('',(-0.0967603005850141,-0.0480745389058606,-0.0128541666666667));
#1561=CARTESIAN_POINT('',(-0.0970603005850141,-0.0463424880982917,-0.01275));
#1562=CARTESIAN_POINT('',(-0.097360300585014,-0.0446104372907229,-0.0126458333333333));
#1563=CARTESIAN_POINT('',(-0.0990103005850141,-0.0440042195080737,-0.0125416666666667));
#1564=CARTESIAN_POINT('',(-0.100660300585014,-0.0433980017254246,-0.0124375));
#1565=CARTESIAN_POINT('',(-0.102010300585014,-0.0445238347503443,-0.0123333333333333));
#1566=CARTESIAN_POINT('',(-0.103360300585014,-0.0456496677752641,-0.0122291666666667));
#1567=CARTESIAN_POINT('',(-0.103060300585014,-0.047381718582833,-0.012125));
#1568=CARTESIAN_POINT('',(-0.102760300585014,-0.0491137693904019,-0.0120208333333333));
#1569=CARTESIAN_POINT('',(-0.101110300585014,-0.049719987173051,-0.0119166666666667));
#1570=CARTESIAN_POINT('',(-0.0994603005850141,-0.0503262049557001,-0.0118125));
#1571=CARTESIAN_POINT('',(-0.0981103005850141,-0.0492003719307804,-0.0117083333333333));
#1572=CARTESIAN_POINT('',(-0.0967603005850141,-0.0480745389058606,-0.0116041666666667));
#1573=CARTESIAN_POINT('',(-0.0970603005850141,-0.0463424880982917,-0.0115));
#1574=CARTESIAN_POINT('',(-0.100398979676553,-0.0438363312947939,-0.0212));
#1575=CARTESIAN_POINT('',(-0.0970603005850141,-0.0468621033405624,-0.0212));
#1576=CARTESIAN_POINT('',(-0.0970603005850141,-0.046008773714974,-0.0212));
#1577=CARTESIAN_POINT('',(-0.0978142143836384,-0.0443396030767239,-0.0212000000000001));
#1578=CARTESIAN_POINT('',(-0.0995495509971609,-0.0437567741360298,-0.0212));
#1579=CARTESIAN_POINT('',(-0.100398979676553,-0.0438363312947938,-0.0212));
#1580=CARTESIAN_POINT('',(-0.0997201469279443,-0.0438364967088962,-0.0212457661878402));
#1581=CARTESIAN_POINT('',(-0.101011956264615,-0.0436912651161616,-0.0211603660741049));
#1582=CARTESIAN_POINT('',(-0.102010300585014,-0.0445238347503443,-0.0210833333333333));
#1583=CARTESIAN_POINT('',(-0.103360300585014,-0.0456496677752641,-0.0209791666666667));
#1584=CARTESIAN_POINT('',(-0.103060300585014,-0.047381718582833,-0.020875));
#1585=CARTESIAN_POINT('',(-0.102760300585014,-0.0491137693904019,-0.0207708333333334));
#1586=CARTESIAN_POINT('',(-0.101110300585014,-0.049719987173051,-0.0206666666666666));
#1587=CARTESIAN_POINT('',(-0.0994603005850141,-0.0503262049557001,-0.0205625));
#1588=CARTESIAN_POINT('',(-0.0981103005850141,-0.0492003719307804,-0.0204583333333334));
#1589=CARTESIAN_POINT('',(-0.0967603005850141,-0.0480745389058605,-0.0203541666666666));
#1590=CARTESIAN_POINT('',(-0.0970603005850141,-0.0463424880982917,-0.02025));
#1591=CARTESIAN_POINT('',(-0.0973603005850141,-0.0446104372907228,-0.0201458333333333));
#1592=CARTESIAN_POINT('',(-0.0990103005850141,-0.0440042195080737,-0.0200416666666666));
#1593=CARTESIAN_POINT('',(-0.100660300585014,-0.0433980017254246,-0.0199375));
#1594=CARTESIAN_POINT('',(-0.102010300585014,-0.0445238347503443,-0.0198333333333334));
#1595=CARTESIAN_POINT('',(-0.103360300585014,-0.0456496677752641,-0.0197291666666667));
#1596=CARTESIAN_POINT('',(-0.103060300585014,-0.047381718582833,-0.019625));
#1597=CARTESIAN_POINT('',(-0.102760300585014,-0.0491137693904019,-0.0195208333333334));
#1598=CARTESIAN_POINT('',(-0.101110300585014,-0.049719987173051,-0.0194166666666667));
#1599=CARTESIAN_POINT('',(-0.0994603005850141,-0.0503262049557001,-0.0193125));
#1600=CARTESIAN_POINT('',(-0.0981103005850141,-0.0492003719307804,-0.0192083333333334));
#1601=CARTESIAN_POINT('',(-0.0967603005850141,-0.0480745389058605,-0.0191041666666666));
#1602=CARTESIAN_POINT('',(-0.0970603005850141,-0.0463424880982917,-0.019));
#1603=CARTESIAN_POINT('',(-0.0973603005850141,-0.0446104372907228,-0.0188958333333333));
#1604=CARTESIAN_POINT('',(-0.0990103005850141,-0.0440042195080737,-0.0187916666666667));
#1605=CARTESIAN_POINT('',(-0.100660300585014,-0.0433980017254246,-0.0186875));
#1606=CARTESIAN_POINT('',(-0.102010300585014,-0.0445238347503443,-0.0185833333333334));
#1607=CARTESIAN_POINT('',(-0.103360300585014,-0.0456496677752641,-0.0184791666666667));
#1608=CARTESIAN_POINT('',(-0.103060300585014,-0.047381718582833,-0.018375));
#1609=CARTESIAN_POINT('',(-0.102760300585014,-0.0491137693904019,-0.0182708333333333));
#1610=CARTESIAN_POINT('',(-0.101110300585014,-0.049719987173051,-0.0181666666666667));
#1611=CARTESIAN_POINT('',(-0.0994603005850141,-0.0503262049557001,-0.0180625));
#1612=CARTESIAN_POINT('',(-0.0981103005850141,-0.0492003719307804,-0.0179583333333334));
#1613=CARTESIAN_POINT('',(-0.0967603005850141,-0.0480745389058605,-0.0178541666666666));
#1614=CARTESIAN_POINT('',(-0.0970603005850141,-0.0463424880982917,-0.01775));
#1615=CARTESIAN_POINT('',(-0.0973603005850141,-0.0446104372907228,-0.0176458333333333));
#1616=CARTESIAN_POINT('',(-0.0990103005850141,-0.0440042195080737,-0.0175416666666666));
#1617=CARTESIAN_POINT('',(-0.100660300585014,-0.0433980017254246,-0.0174375));
#1618=CARTESIAN_POINT('',(-0.102010300585014,-0.0445238347503443,-0.0173333333333333));
#1619=CARTESIAN_POINT('',(-0.103360300585014,-0.0456496677752641,-0.0172291666666667));
#1620=CARTESIAN_POINT('',(-0.103060300585014,-0.047381718582833,-0.017125));
#1621=CARTESIAN_POINT('',(-0.102760300585014,-0.0491137693904019,-0.0170208333333333));
#1622=CARTESIAN_POINT('',(-0.101110300585014,-0.049719987173051,-0.0169166666666666));
#1623=CARTESIAN_POINT('',(-0.0994603005850141,-0.0503262049557001,-0.0168125));
#1624=CARTESIAN_POINT('',(-0.0981103005850141,-0.0492003719307804,-0.0167083333333333));
#1625=CARTESIAN_POINT('',(-0.0967603005850141,-0.0480745389058605,-0.0166041666666667));
#1626=CARTESIAN_POINT('',(-0.0970603005850141,-0.0463424880982917,-0.0165));
#1627=CARTESIAN_POINT('',(-0.0973603005850141,-0.0446104372907228,-0.0163958333333333));
#1628=CARTESIAN_POINT('',(-0.0990103005850141,-0.0440042195080737,-0.0162916666666666));
#1629=CARTESIAN_POINT('',(-0.100660300585014,-0.0433980017254246,-0.0161875));
#1630=CARTESIAN_POINT('',(-0.102010300585014,-0.0445238347503443,-0.0160833333333334));
#1631=CARTESIAN_POINT('',(-0.103360300585014,-0.0456496677752641,-0.0159791666666667));
#1632=CARTESIAN_POINT('',(-0.103060300585014,-0.047381718582833,-0.015875));
#1633=CARTESIAN_POINT('',(-0.102760300585014,-0.0491137693904019,-0.0157708333333333));
#1634=CARTESIAN_POINT('',(-0.101110300585014,-0.049719987173051,-0.0156666666666666));
#1635=CARTESIAN_POINT('',(-0.0994603005850141,-0.0503262049557001,-0.0155625));
#1636=CARTESIAN_POINT('',(-0.0981103005850141,-0.0492003719307804,-0.0154583333333333));
#1637=CARTESIAN_POINT('',(-0.0967603005850141,-0.0480745389058605,-0.0153541666666667));
#1638=CARTESIAN_POINT('',(-0.0970603005850141,-0.0463424880982917,-0.01525));
#1639=CARTESIAN_POINT('',(-0.0973603005850141,-0.0446104372907228,-0.0151458333333333));
#1640=CARTESIAN_POINT('',(-0.0990103005850141,-0.0440042195080737,-0.0150416666666666));
#1641=CARTESIAN_POINT('',(-0.100660300585014,-0.0433980017254246,-0.0149375));
#1642=CARTESIAN_POINT('',(-0.102010300585014,-0.0445238347503443,-0.0148333333333333));
#1643=CARTESIAN_POINT('',(-0.103360300585014,-0.0456496677752641,-0.0147291666666667));
#1644=CARTESIAN_POINT('',(-0.103060300585014,-0.047381718582833,-0.014625));
#1645=CARTESIAN_POINT('',(-0.102760300585014,-0.0491137693904019,-0.0145208333333333));
#1646=CARTESIAN_POINT('',(-0.101110300585014,-0.049719987173051,-0.0144166666666667));
#1647=CARTESIAN_POINT('',(-0.0994603005850141,-0.0503262049557001,-0.0143125));
#1648=CARTESIAN_POINT('',(-0.0981103005850141,-0.0492003719307804,-0.0142083333333333));
#1649=CARTESIAN_POINT('',(-0.0967603005850141,-0.0480745389058605,-0.0141041666666667));
#1650=CARTESIAN_POINT('',(-0.0970603005850141,-0.0463424880982917,-0.014));
#1651=CARTESIAN_POINT('',(-0.0972583205878502,-0.0451992190788683,-0.0139312430545708));
#1652=CARTESIAN_POINT('',(-0.0981669924906332,-0.0444776989160253,-0.0138535053220912));
#1653=CARTESIAN_POINT('',(-0.0992212674801149,-0.043981821505588,-0.0215457661878402));
#1654=CARTESIAN_POINT('',(-0.100451029117904,-0.0436235889490684,-0.0214603660741049));
#1655=CARTESIAN_POINT('',(-0.101560300585014,-0.0442640271292091,-0.0213833333333334));
#1656=CARTESIAN_POINT('',(-0.103060300585014,-0.0451300525329935,-0.0212791666666666));
#1657=CARTESIAN_POINT('',(-0.103060300585014,-0.0468621033405624,-0.021175));
#1658=CARTESIAN_POINT('',(-0.103060300585014,-0.0485941541481312,-0.0210708333333333));
#1659=CARTESIAN_POINT('',(-0.101560300585014,-0.0494601795519157,-0.0209666666666667));
#1660=CARTESIAN_POINT('',(-0.100060300585014,-0.0503262049557001,-0.0208625));
#1661=CARTESIAN_POINT('',(-0.0985603005850141,-0.0494601795519157,-0.0207583333333334));
#1662=CARTESIAN_POINT('',(-0.0970603005850141,-0.0485941541481312,-0.0206541666666667));
#1663=CARTESIAN_POINT('',(-0.0970603005850141,-0.0468621033405624,-0.02055));
#1664=CARTESIAN_POINT('',(-0.0970603005850141,-0.0451300525329935,-0.0204458333333333));
#1665=CARTESIAN_POINT('',(-0.0985603005850141,-0.0442640271292091,-0.0203416666666667));
#1666=CARTESIAN_POINT('',(-0.100060300585014,-0.0433980017254246,-0.0202375));
#1667=CARTESIAN_POINT('',(-0.101560300585014,-0.0442640271292091,-0.0201333333333334));
#1668=CARTESIAN_POINT('',(-0.103060300585014,-0.0451300525329935,-0.0200291666666666));
#1669=CARTESIAN_POINT('',(-0.103060300585014,-0.0468621033405624,-0.019925));
#1670=CARTESIAN_POINT('',(-0.103060300585014,-0.0485941541481312,-0.0198208333333333));
#1671=CARTESIAN_POINT('',(-0.101560300585014,-0.0494601795519157,-0.0197166666666666));
#1672=CARTESIAN_POINT('',(-0.100060300585014,-0.0503262049557001,-0.0196125));
#1673=CARTESIAN_POINT('',(-0.0985603005850141,-0.0494601795519157,-0.0195083333333333));
#1674=CARTESIAN_POINT('',(-0.0970603005850141,-0.0485941541481312,-0.0194041666666667));
#1675=CARTESIAN_POINT('',(-0.0970603005850141,-0.0468621033405624,-0.0193));
#1676=CARTESIAN_POINT('',(-0.0970603005850141,-0.0451300525329935,-0.0191958333333333));
#1677=CARTESIAN_POINT('',(-0.0985603005850141,-0.0442640271292091,-0.0190916666666666));
#1678=CARTESIAN_POINT('',(-0.100060300585014,-0.0433980017254246,-0.0189875));
#1679=CARTESIAN_POINT('',(-0.101560300585014,-0.0442640271292091,-0.0188833333333334));
#1680=CARTESIAN_POINT('',(-0.103060300585014,-0.0451300525329935,-0.0187791666666666));
#1681=CARTESIAN_POINT('',(-0.103060300585014,-0.0468621033405624,-0.018675));
#1682=CARTESIAN_POINT('',(-0.103060300585014,-0.0485941541481312,-0.0185708333333333));
#1683=CARTESIAN_POINT('',(-0.101560300585014,-0.0494601795519157,-0.0184666666666666));
#1684=CARTESIAN_POINT('',(-0.100060300585014,-0.0503262049557001,-0.0183625));
#1685=CARTESIAN_POINT('',(-0.0985603005850141,-0.0494601795519157,-0.0182583333333334));
#1686=CARTESIAN_POINT('',(-0.0970603005850141,-0.0485941541481312,-0.0181541666666667));
#1687=CARTESIAN_POINT('',(-0.0970603005850141,-0.0468621033405624,-0.01805));
#1688=CARTESIAN_POINT('',(-0.0970603005850141,-0.0451300525329935,-0.0179458333333333));
#1689=CARTESIAN_POINT('',(-0.0985603005850141,-0.0442640271292091,-0.0178416666666667));
#1690=CARTESIAN_POINT('',(-0.100060300585014,-0.0433980017254246,-0.0177375));
#1691=CARTESIAN_POINT('',(-0.101560300585014,-0.0442640271292091,-0.0176333333333334));
#1692=CARTESIAN_POINT('',(-0.103060300585014,-0.0451300525329935,-0.0175291666666666));
#1693=CARTESIAN_POINT('',(-0.103060300585014,-0.0468621033405624,-0.017425));
#1694=CARTESIAN_POINT('',(-0.103060300585014,-0.0485941541481312,-0.0173208333333333));
#1695=CARTESIAN_POINT('',(-0.101560300585014,-0.0494601795519157,-0.0172166666666667));
#1696=CARTESIAN_POINT('',(-0.100060300585014,-0.0503262049557001,-0.0171125));
#1697=CARTESIAN_POINT('',(-0.0985603005850141,-0.0494601795519157,-0.0170083333333334));
#1698=CARTESIAN_POINT('',(-0.0970603005850141,-0.0485941541481312,-0.0169041666666667));
#1699=CARTESIAN_POINT('',(-0.0970603005850141,-0.0468621033405624,-0.0168));
#1700=CARTESIAN_POINT('',(-0.0970603005850141,-0.0451300525329935,-0.0166958333333333));
#1701=CARTESIAN_POINT('',(-0.0985603005850141,-0.0442640271292091,-0.0165916666666667));
#1702=CARTESIAN_POINT('',(-0.100060300585014,-0.0433980017254246,-0.0164875));
#1703=CARTESIAN_POINT('',(-0.101560300585014,-0.0442640271292091,-0.0163833333333334));
#1704=CARTESIAN_POINT('',(-0.103060300585014,-0.0451300525329935,-0.0162791666666667));
#1705=CARTESIAN_POINT('',(-0.103060300585014,-0.0468621033405624,-0.016175));
#1706=CARTESIAN_POINT('',(-0.103060300585014,-0.0485941541481312,-0.0160708333333333));
#1707=CARTESIAN_POINT('',(-0.101560300585014,-0.0494601795519157,-0.0159666666666666));
#1708=CARTESIAN_POINT('',(-0.100060300585014,-0.0503262049557001,-0.0158625));
#1709=CARTESIAN_POINT('',(-0.0985603005850141,-0.0494601795519157,-0.0157583333333333));
#1710=CARTESIAN_POINT('',(-0.0970603005850141,-0.0485941541481312,-0.0156541666666667));
#1711=CARTESIAN_POINT('',(-0.0970603005850141,-0.0468621033405624,-0.01555));
#1712=CARTESIAN_POINT('',(-0.0970603005850141,-0.0451300525329935,-0.0154458333333333));
#1713=CARTESIAN_POINT('',(-0.0985603005850141,-0.0442640271292091,-0.0153416666666666));
#1714=CARTESIAN_POINT('',(-0.100060300585014,-0.0433980017254246,-0.0152375));
#1715=CARTESIAN_POINT('',(-0.101560300585014,-0.0442640271292091,-0.0151333333333333));
#1716=CARTESIAN_POINT('',(-0.103060300585014,-0.0451300525329935,-0.0150291666666667));
#1717=CARTESIAN_POINT('',(-0.103060300585014,-0.0468621033405624,-0.014925));
#1718=CARTESIAN_POINT('',(-0.103060300585014,-0.0485941541481312,-0.0148208333333333));
#1719=CARTESIAN_POINT('',(-0.101560300585014,-0.0494601795519157,-0.0147166666666667));
#1720=CARTESIAN_POINT('',(-0.100060300585014,-0.0503262049557001,-0.0146125));
#1721=CARTESIAN_POINT('',(-0.0985603005850141,-0.0494601795519157,-0.0145083333333333));
#1722=CARTESIAN_POINT('',(-0.0970603005850141,-0.0485941541481312,-0.0144041666666666));
#1723=CARTESIAN_POINT('',(-0.0970603005850141,-0.0468621033405624,-0.0143));
#1724=CARTESIAN_POINT('',(-0.0970603005850141,-0.045718834321139,-0.0142312430545708));
#1725=CARTESIAN_POINT('',(-0.0978211752886161,-0.0448655267938127,-0.0141535053220912));
#1726=CARTESIAN_POINT('',(-0.0970603005850141,-0.0468621033405624,-0.0218));
#1727=CARTESIAN_POINT('',(-0.0970603005850141,-0.0451300525329935,-0.0216958333333333));
#1728=CARTESIAN_POINT('',(-0.0985603005850141,-0.0442640271292091,-0.0215916666666667));
#1729=CARTESIAN_POINT('',(-0.100060300585014,-0.0433980017254246,-0.0214875));
#1730=CARTESIAN_POINT('',(-0.101560300585014,-0.0442640271292091,-0.0213833333333334));
#1731=CARTESIAN_POINT('',(-0.103060300585014,-0.0451300525329935,-0.0212791666666666));
#1732=CARTESIAN_POINT('',(-0.103060300585014,-0.0468621033405624,-0.021175));
#1733=CARTESIAN_POINT('',(-0.103060300585014,-0.0485941541481312,-0.0210708333333333));
#1734=CARTESIAN_POINT('',(-0.101560300585014,-0.0494601795519157,-0.0209666666666667));
#1735=CARTESIAN_POINT('',(-0.100060300585014,-0.0503262049557001,-0.0208625));
#1736=CARTESIAN_POINT('',(-0.0985603005850141,-0.0494601795519157,-0.0207583333333334));
#1737=CARTESIAN_POINT('',(-0.0970603005850141,-0.0485941541481312,-0.0206541666666667));
#1738=CARTESIAN_POINT('',(-0.0970603005850141,-0.0468621033405624,-0.02055));
#1739=CARTESIAN_POINT('',(-0.0970603005850141,-0.0451300525329935,-0.0204458333333333));
#1740=CARTESIAN_POINT('',(-0.0985603005850141,-0.0442640271292091,-0.0203416666666667));
#1741=CARTESIAN_POINT('',(-0.100060300585014,-0.0433980017254246,-0.0202375));
#1742=CARTESIAN_POINT('',(-0.101560300585014,-0.0442640271292091,-0.0201333333333334));
#1743=CARTESIAN_POINT('',(-0.103060300585014,-0.0451300525329935,-0.0200291666666666));
#1744=CARTESIAN_POINT('',(-0.103060300585014,-0.0468621033405624,-0.019925));
#1745=CARTESIAN_POINT('',(-0.103060300585014,-0.0485941541481312,-0.0198208333333333));
#1746=CARTESIAN_POINT('',(-0.101560300585014,-0.0494601795519157,-0.0197166666666666));
#1747=CARTESIAN_POINT('',(-0.100060300585014,-0.0503262049557001,-0.0196125));
#1748=CARTESIAN_POINT('',(-0.0985603005850141,-0.0494601795519157,-0.0195083333333333));
#1749=CARTESIAN_POINT('',(-0.0970603005850141,-0.0485941541481312,-0.0194041666666667));
#1750=CARTESIAN_POINT('',(-0.0970603005850141,-0.0468621033405624,-0.0193));
#1751=CARTESIAN_POINT('',(-0.0970603005850141,-0.0451300525329935,-0.0191958333333333));
#1752=CARTESIAN_POINT('',(-0.0985603005850141,-0.0442640271292091,-0.0190916666666666));
#1753=CARTESIAN_POINT('',(-0.100060300585014,-0.0433980017254246,-0.0189875));
#1754=CARTESIAN_POINT('',(-0.101560300585014,-0.0442640271292091,-0.0188833333333334));
#1755=CARTESIAN_POINT('',(-0.103060300585014,-0.0451300525329935,-0.0187791666666666));
#1756=CARTESIAN_POINT('',(-0.103060300585014,-0.0468621033405623,-0.018675));
#1757=CARTESIAN_POINT('',(-0.103060300585014,-0.0485941541481312,-0.0185708333333333));
#1758=CARTESIAN_POINT('',(-0.101560300585014,-0.0494601795519157,-0.0184666666666666));
#1759=CARTESIAN_POINT('',(-0.100060300585014,-0.0503262049557001,-0.0183625));
#1760=CARTESIAN_POINT('',(-0.0985603005850141,-0.0494601795519157,-0.0182583333333334));
#1761=CARTESIAN_POINT('',(-0.0970603005850141,-0.0485941541481312,-0.0181541666666667));
#1762=CARTESIAN_POINT('',(-0.0970603005850141,-0.0468621033405624,-0.01805));
#1763=CARTESIAN_POINT('',(-0.0970603005850141,-0.0451300525329935,-0.0179458333333333));
#1764=CARTESIAN_POINT('',(-0.0985603005850141,-0.0442640271292091,-0.0178416666666667));
#1765=CARTESIAN_POINT('',(-0.100060300585014,-0.0433980017254246,-0.0177375));
#1766=CARTESIAN_POINT('',(-0.101560300585014,-0.0442640271292091,-0.0176333333333334));
#1767=CARTESIAN_POINT('',(-0.103060300585014,-0.0451300525329935,-0.0175291666666666));
#1768=CARTESIAN_POINT('',(-0.103060300585014,-0.0468621033405624,-0.017425));
#1769=CARTESIAN_POINT('',(-0.103060300585014,-0.0485941541481312,-0.0173208333333333));
#1770=CARTESIAN_POINT('',(-0.101560300585014,-0.0494601795519157,-0.0172166666666667));
#1771=CARTESIAN_POINT('',(-0.100060300585014,-0.0503262049557001,-0.0171125));
#1772=CARTESIAN_POINT('',(-0.0985603005850141,-0.0494601795519157,-0.0170083333333334));
#1773=CARTESIAN_POINT('',(-0.0970603005850141,-0.0485941541481312,-0.0169041666666667));
#1774=CARTESIAN_POINT('',(-0.0970603005850141,-0.0468621033405624,-0.0168));
#1775=CARTESIAN_POINT('',(-0.0970603005850141,-0.0451300525329935,-0.0166958333333333));
#1776=CARTESIAN_POINT('',(-0.0985603005850141,-0.0442640271292091,-0.0165916666666667));
#1777=CARTESIAN_POINT('',(-0.100060300585014,-0.0433980017254246,-0.0164875));
#1778=CARTESIAN_POINT('',(-0.101560300585014,-0.0442640271292091,-0.0163833333333334));
#1779=CARTESIAN_POINT('',(-0.103060300585014,-0.0451300525329935,-0.0162791666666667));
#1780=CARTESIAN_POINT('',(-0.103060300585014,-0.0468621033405623,-0.016175));
#1781=CARTESIAN_POINT('',(-0.103060300585014,-0.0485941541481312,-0.0160708333333333));
#1782=CARTESIAN_POINT('',(-0.101560300585014,-0.0494601795519157,-0.0159666666666666));
#1783=CARTESIAN_POINT('',(-0.100060300585014,-0.0503262049557001,-0.0158625));
#1784=CARTESIAN_POINT('',(-0.0985603005850141,-0.0494601795519157,-0.0157583333333333));
#1785=CARTESIAN_POINT('',(-0.0970603005850141,-0.0485941541481312,-0.0156541666666667));
#1786=CARTESIAN_POINT('',(-0.0970603005850141,-0.0468621033405624,-0.01555));
#1787=CARTESIAN_POINT('',(-0.0970603005850141,-0.0451300525329935,-0.0154458333333333));
#1788=CARTESIAN_POINT('',(-0.0985603005850141,-0.0442640271292091,-0.0153416666666666));
#1789=CARTESIAN_POINT('',(-0.100060300585014,-0.0433980017254246,-0.0152375));
#1790=CARTESIAN_POINT('',(-0.101560300585014,-0.0442640271292091,-0.0151333333333333));
#1791=CARTESIAN_POINT('',(-0.103060300585014,-0.0451300525329935,-0.0150291666666667));
#1792=CARTESIAN_POINT('',(-0.103060300585014,-0.0468621033405623,-0.014925));
#1793=CARTESIAN_POINT('',(-0.103060300585014,-0.0485941541481312,-0.0148208333333333));
#1794=CARTESIAN_POINT('',(-0.101560300585014,-0.0494601795519157,-0.0147166666666667));
#1795=CARTESIAN_POINT('',(-0.100060300585014,-0.0503262049557001,-0.0146125));
#1796=CARTESIAN_POINT('',(-0.0985603005850141,-0.0494601795519157,-0.0145083333333333));
#1797=CARTESIAN_POINT('',(-0.0970603005850141,-0.0485941541481312,-0.0144041666666666));
#1798=CARTESIAN_POINT('',(-0.0970603005850141,-0.0468621033405624,-0.0143));
#1799=CARTESIAN_POINT('',(-0.0970603005850141,-0.0451300525329935,-0.0141958333333333));
#1800=CARTESIAN_POINT('',(-0.0985603005850141,-0.0442640271292091,-0.0140916666666667));
#1801=CARTESIAN_POINT('',(-0.100060300585014,-0.0433980017254246,-0.0139875));
#1802=CARTESIAN_POINT('',(-0.101560300585014,-0.0442640271292091,-0.0138833333333333));
#1803=CARTESIAN_POINT('',(-0.103060300585014,-0.0451300525329935,-0.0137791666666667));
#1804=CARTESIAN_POINT('',(-0.103060300585014,-0.0468621033405623,-0.013675));
#1805=CARTESIAN_POINT('',(-0.103060300585014,-0.0485941541481312,-0.0135708333333333));
#1806=CARTESIAN_POINT('',(-0.101560300585014,-0.0494601795519157,-0.0134666666666667));
#1807=CARTESIAN_POINT('',(-0.100060300585014,-0.0503262049557001,-0.0133625));
#1808=CARTESIAN_POINT('',(-0.0985603005850141,-0.0494601795519157,-0.0132583333333333));
#1809=CARTESIAN_POINT('',(-0.0970603005850141,-0.0485941541481312,-0.0131541666666667));
#1810=CARTESIAN_POINT('',(-0.0970603005850141,-0.0468621033405624,-0.01305));
#1811=CARTESIAN_POINT('',(-0.0970603005850141,-0.0451300525329935,-0.0129458333333333));
#1812=CARTESIAN_POINT('',(-0.0985603005850141,-0.0442640271292091,-0.0128416666666667));
#1813=CARTESIAN_POINT('',(-0.100060300585014,-0.0433980017254246,-0.0127375));
#1814=CARTESIAN_POINT('',(-0.101560300585014,-0.0442640271292091,-0.0126333333333333));
#1815=CARTESIAN_POINT('',(-0.103060300585014,-0.0451300525329935,-0.0125291666666667));
#1816=CARTESIAN_POINT('',(-0.103060300585014,-0.0468621033405623,-0.012425));
#1817=CARTESIAN_POINT('',(-0.103060300585014,-0.0485941541481312,-0.0123208333333333));
#1818=CARTESIAN_POINT('',(-0.101560300585014,-0.0494601795519157,-0.0122166666666667));
#1819=CARTESIAN_POINT('',(-0.100060300585014,-0.0503262049557001,-0.0121125));
#1820=CARTESIAN_POINT('',(-0.0985603005850141,-0.0494601795519157,-0.0120083333333333));
#1821=CARTESIAN_POINT('',(-0.0970603005850141,-0.0485941541481312,-0.0119041666666666));
#1822=CARTESIAN_POINT('',(-0.0970603005850141,-0.0468621033405624,-0.0118));
#1823=CARTESIAN_POINT('',(-0.103033485971121,-0.046461892571295,-0.0212));
#1824=CARTESIAN_POINT('',(-0.100398979676553,-0.0438363312947938,-0.0212));
#1825=CARTESIAN_POINT('',(-0.101064995876483,-0.0439263309240576,-0.0212));
#1826=CARTESIAN_POINT('',(-0.102314017503831,-0.0445433840151222,-0.0212));
#1827=CARTESIAN_POINT('',(-0.102943810024047,-0.0457956855728798,-0.0212));
#1828=CARTESIAN_POINT('',(-0.103033485971121,-0.046461892571295,-0.0212));
#1829=CARTESIAN_POINT('',(-0.100060300585014,-0.0468621033405624,-0.0212));
#1830=CARTESIAN_POINT('',(-0.100060300585014,-0.0468621033405624,-0.0212));
#1831=CARTESIAN_POINT('',(0.0805127712875261,-0.0487188610577893,-0.0141578171656832));
#1832=CARTESIAN_POINT('',(0.0802670533701079,-0.0490593739077006,-0.0141844575392251));
#1833=CARTESIAN_POINT('',(0.0799412201278326,-0.0493242493390329,-0.0142083340566838));
#1834=CARTESIAN_POINT('',(0.0785196994728315,-0.0504798278613836,-0.0143125007233504));
#1835=CARTESIAN_POINT('',(0.0768081787889076,-0.0498265441233236,-0.0144166673900171));
#1836=CARTESIAN_POINT('',(0.0750966581049836,-0.0491732603852637,-0.0145208340566838));
#1837=CARTESIAN_POINT('',(0.0748066580760608,-0.0473643981248531,-0.0146250007233504));
#1838=CARTESIAN_POINT('',(0.0745166580471381,-0.0455555358644424,-0.0147291673900171));
#1839=CARTESIAN_POINT('',(0.0759381787021392,-0.0443999573420918,-0.0148333340566838));
#1840=CARTESIAN_POINT('',(0.0773596993571404,-0.0432443788197411,-0.0149375007233504));
#1841=CARTESIAN_POINT('',(0.0790712200410643,-0.043897662557801,-0.0150416673900171));
#1842=CARTESIAN_POINT('',(0.0807827407249882,-0.044550946295861,-0.0151458340566838));
#1843=CARTESIAN_POINT('',(0.081072740753911,-0.0463598085562716,-0.0152500007233504));
#1844=CARTESIAN_POINT('',(0.0813627407828338,-0.0481686708166822,-0.0153541673900171));
#1845=CARTESIAN_POINT('',(0.0799412201278326,-0.0493242493390329,-0.0154583340566838));
#1846=CARTESIAN_POINT('',(0.0785196994728315,-0.0504798278613836,-0.0155625007233504));
#1847=CARTESIAN_POINT('',(0.0768081787889076,-0.0498265441233236,-0.0156666673900171));
#1848=CARTESIAN_POINT('',(0.0750966581049836,-0.0491732603852637,-0.0157708340566837));
#1849=CARTESIAN_POINT('',(0.0748066580760608,-0.0473643981248531,-0.0158750007233504));
#1850=CARTESIAN_POINT('',(0.0745166580471381,-0.0455555358644424,-0.0159791673900171));
#1851=CARTESIAN_POINT('',(0.0759381787021392,-0.0443999573420918,-0.0160833340566837));
#1852=CARTESIAN_POINT('',(0.0773596993571404,-0.0432443788197411,-0.0161875007233504));
#1853=CARTESIAN_POINT('',(0.0790712200410643,-0.043897662557801,-0.0162916673900171));
#1854=CARTESIAN_POINT('',(0.0807827407249882,-0.044550946295861,-0.0163958340566837));
#1855=CARTESIAN_POINT('',(0.081072740753911,-0.0463598085562716,-0.0165000007233504));
#1856=CARTESIAN_POINT('',(0.0813627407828338,-0.0481686708166822,-0.0166041673900171));
#1857=CARTESIAN_POINT('',(0.0799412201278326,-0.0493242493390329,-0.0167083340566837));
#1858=CARTESIAN_POINT('',(0.0785196994728315,-0.0504798278613836,-0.0168125007233504));
#1859=CARTESIAN_POINT('',(0.0768081787889076,-0.0498265441233236,-0.0169166673900171));
#1860=CARTESIAN_POINT('',(0.0750966581049836,-0.0491732603852637,-0.0170208340566838));
#1861=CARTESIAN_POINT('',(0.0748066580760608,-0.0473643981248531,-0.0171250007233504));
#1862=CARTESIAN_POINT('',(0.0745166580471381,-0.0455555358644424,-0.0172291673900171));
#1863=CARTESIAN_POINT('',(0.0759381787021392,-0.0443999573420918,-0.0173333340566838));
#1864=CARTESIAN_POINT('',(0.0773596993571404,-0.0432443788197411,-0.0174375007233504));
#1865=CARTESIAN_POINT('',(0.0790712200410643,-0.043897662557801,-0.0175416673900171));
#1866=CARTESIAN_POINT('',(0.0807827407249882,-0.044550946295861,-0.0176458340566838));
#1867=CARTESIAN_POINT('',(0.081072740753911,-0.0463598085562716,-0.0177500007233504));
#1868=CARTESIAN_POINT('',(0.0813627407828338,-0.0481686708166822,-0.0178541673900171));
#1869=CARTESIAN_POINT('',(0.0799412201278326,-0.0493242493390329,-0.0179583340566838));
#1870=CARTESIAN_POINT('',(0.0785196994728315,-0.0504798278613836,-0.0180625007233504));
#1871=CARTESIAN_POINT('',(0.0768081787889076,-0.0498265441233236,-0.0181666673900171));
#1872=CARTESIAN_POINT('',(0.0750966581049836,-0.0491732603852637,-0.0182708340566838));
#1873=CARTESIAN_POINT('',(0.0748066580760608,-0.0473643981248531,-0.0183750007233504));
#1874=CARTESIAN_POINT('',(0.0745166580471381,-0.0455555358644424,-0.0184791673900171));
#1875=CARTESIAN_POINT('',(0.0759381787021392,-0.0443999573420918,-0.0185833340566838));
#1876=CARTESIAN_POINT('',(0.0773596993571404,-0.0432443788197411,-0.0186875007233504));
#1877=CARTESIAN_POINT('',(0.0790712200410643,-0.043897662557801,-0.0187916673900171));
#1878=CARTESIAN_POINT('',(0.0807827407249882,-0.044550946295861,-0.0188958340566838));
#1879=CARTESIAN_POINT('',(0.081072740753911,-0.0463598085562716,-0.0190000007233504));
#1880=CARTESIAN_POINT('',(0.0813627407828338,-0.0481686708166822,-0.0191041673900171));
#1881=CARTESIAN_POINT('',(0.0799412201278326,-0.0493242493390329,-0.0192083340566838));
#1882=CARTESIAN_POINT('',(0.0785196994728315,-0.0504798278613836,-0.0193125007233504));
#1883=CARTESIAN_POINT('',(0.0768081787889076,-0.0498265441233236,-0.0194166673900171));
#1884=CARTESIAN_POINT('',(0.0750966581049836,-0.0491732603852637,-0.0195208340566838));
#1885=CARTESIAN_POINT('',(0.0748066580760608,-0.0473643981248531,-0.0196250007233504));
#1886=CARTESIAN_POINT('',(0.0745166580471381,-0.0455555358644424,-0.0197291673900171));
#1887=CARTESIAN_POINT('',(0.0759381787021392,-0.0443999573420918,-0.0198333340566837));
#1888=CARTESIAN_POINT('',(0.0773596993571404,-0.0432443788197411,-0.0199375007233504));
#1889=CARTESIAN_POINT('',(0.0790712200410643,-0.043897662557801,-0.0200416673900171));
#1890=CARTESIAN_POINT('',(0.0807827407249882,-0.044550946295861,-0.0201458340566838));
#1891=CARTESIAN_POINT('',(0.081072740753911,-0.0463598085562716,-0.0202500007233504));
#1892=CARTESIAN_POINT('',(0.0813627407828338,-0.0481686708166822,-0.0203541673900171));
#1893=CARTESIAN_POINT('',(0.0799412201278326,-0.0493242493390329,-0.0204583340566837));
#1894=CARTESIAN_POINT('',(0.0785196994728315,-0.0504798278613836,-0.0205625007233504));
#1895=CARTESIAN_POINT('',(0.0768081787889076,-0.0498265441233236,-0.0206666673900171));
#1896=CARTESIAN_POINT('',(0.0750966581049836,-0.0491732603852637,-0.0207708340566837));
#1897=CARTESIAN_POINT('',(0.0748066580760608,-0.0473643981248531,-0.0208750007233504));
#1898=CARTESIAN_POINT('',(0.0745166580471381,-0.0455555358644424,-0.0209791673900171));
#1899=CARTESIAN_POINT('',(0.0759381787021392,-0.0443999573420918,-0.0210833340566838));
#1900=CARTESIAN_POINT('',(0.0773596993571404,-0.0432443788197411,-0.0211875007233504));
#1901=CARTESIAN_POINT('',(0.0790712200410643,-0.043897662557801,-0.0212916673900171));
#1902=CARTESIAN_POINT('',(0.0807827407249882,-0.044550946295861,-0.0213958340566838));
#1903=CARTESIAN_POINT('',(0.081072740753911,-0.0463598085562716,-0.0215000007233504));
#1904=CARTESIAN_POINT('',(0.080063872622711,-0.0489805669781031,-0.0138578171656832));
#1905=CARTESIAN_POINT('',(0.0797835213047588,-0.0492616738839719,-0.0138844575392251));
#1906=CARTESIAN_POINT('',(0.0794396994565278,-0.0494601795279314,-0.0139083340566838));
#1907=CARTESIAN_POINT('',(0.0779396994703751,-0.0503262049557001,-0.0140125007233504));
#1908=CARTESIAN_POINT('',(0.0764396994565278,-0.0494601795758999,-0.0141166673900171));
#1909=CARTESIAN_POINT('',(0.0749396994426805,-0.0485941541960997,-0.0142208340566837));
#1910=CARTESIAN_POINT('',(0.0749396994149859,-0.0468621033885308,-0.0143250007233504));
#1911=CARTESIAN_POINT('',(0.0749396993872913,-0.0451300525809619,-0.0144291673900171));
#1912=CARTESIAN_POINT('',(0.076439699373444,-0.0442640271531933,-0.0145333340566838));
#1913=CARTESIAN_POINT('',(0.0779396993595967,-0.0433980017254246,-0.0146375007233504));
#1914=CARTESIAN_POINT('',(0.079439699373444,-0.0442640271052248,-0.0147416673900171));
#1915=CARTESIAN_POINT('',(0.0809396993872914,-0.045130052485025,-0.0148458340566838));
#1916=CARTESIAN_POINT('',(0.0809396994149859,-0.0468621032925939,-0.0149500007233504));
#1917=CARTESIAN_POINT('',(0.0809396994426805,-0.0485941541001628,-0.0150541673900171));
#1918=CARTESIAN_POINT('',(0.0794396994565278,-0.0494601795279314,-0.0151583340566838));
#1919=CARTESIAN_POINT('',(0.0779396994703751,-0.0503262049557001,-0.0152625007233504));
#1920=CARTESIAN_POINT('',(0.0764396994565278,-0.0494601795758999,-0.0153666673900171));
#1921=CARTESIAN_POINT('',(0.0749396994426805,-0.0485941541960997,-0.0154708340566838));
#1922=CARTESIAN_POINT('',(0.0749396994149859,-0.0468621033885308,-0.0155750007233504));
#1923=CARTESIAN_POINT('',(0.0749396993872913,-0.0451300525809619,-0.0156791673900171));
#1924=CARTESIAN_POINT('',(0.076439699373444,-0.0442640271531933,-0.0157833340566838));
#1925=CARTESIAN_POINT('',(0.0779396993595967,-0.0433980017254246,-0.0158875007233504));
#1926=CARTESIAN_POINT('',(0.079439699373444,-0.0442640271052248,-0.0159916673900171));
#1927=CARTESIAN_POINT('',(0.0809396993872914,-0.045130052485025,-0.0160958340566837));
#1928=CARTESIAN_POINT('',(0.0809396994149859,-0.0468621032925939,-0.0162000007233504));
#1929=CARTESIAN_POINT('',(0.0809396994426805,-0.0485941541001628,-0.0163041673900171));
#1930=CARTESIAN_POINT('',(0.0794396994565278,-0.0494601795279314,-0.0164083340566838));
#1931=CARTESIAN_POINT('',(0.0779396994703751,-0.0503262049557001,-0.0165125007233504));
#1932=CARTESIAN_POINT('',(0.0764396994565278,-0.0494601795758999,-0.0166166673900171));
#1933=CARTESIAN_POINT('',(0.0749396994426805,-0.0485941541960997,-0.0167208340566837));
#1934=CARTESIAN_POINT('',(0.0749396994149859,-0.0468621033885308,-0.0168250007233504));
#1935=CARTESIAN_POINT('',(0.0749396993872913,-0.0451300525809619,-0.0169291673900171));
#1936=CARTESIAN_POINT('',(0.076439699373444,-0.0442640271531933,-0.0170333340566838));
#1937=CARTESIAN_POINT('',(0.0779396993595967,-0.0433980017254246,-0.0171375007233504));
#1938=CARTESIAN_POINT('',(0.079439699373444,-0.0442640271052248,-0.0172416673900171));
#1939=CARTESIAN_POINT('',(0.0809396993872914,-0.045130052485025,-0.0173458340566837));
#1940=CARTESIAN_POINT('',(0.0809396994149859,-0.0468621032925939,-0.0174500007233504));
#1941=CARTESIAN_POINT('',(0.0809396994426805,-0.0485941541001628,-0.0175541673900171));
#1942=CARTESIAN_POINT('',(0.0794396994565278,-0.0494601795279314,-0.0176583340566837));
#1943=CARTESIAN_POINT('',(0.0779396994703751,-0.0503262049557001,-0.0177625007233504));
#1944=CARTESIAN_POINT('',(0.0764396994565278,-0.0494601795758999,-0.0178666673900171));
#1945=CARTESIAN_POINT('',(0.0749396994426805,-0.0485941541960997,-0.0179708340566838));
#1946=CARTESIAN_POINT('',(0.0749396994149859,-0.0468621033885308,-0.0180750007233504));
#1947=CARTESIAN_POINT('',(0.0749396993872913,-0.0451300525809619,-0.0181791673900171));
#1948=CARTESIAN_POINT('',(0.076439699373444,-0.0442640271531933,-0.0182833340566837));
#1949=CARTESIAN_POINT('',(0.0779396993595967,-0.0433980017254246,-0.0183875007233504));
#1950=CARTESIAN_POINT('',(0.079439699373444,-0.0442640271052248,-0.0184916673900171));
#1951=CARTESIAN_POINT('',(0.0809396993872914,-0.045130052485025,-0.0185958340566837));
#1952=CARTESIAN_POINT('',(0.0809396994149859,-0.0468621032925939,-0.0187000007233504));
#1953=CARTESIAN_POINT('',(0.0809396994426805,-0.0485941541001628,-0.0188041673900171));
#1954=CARTESIAN_POINT('',(0.0794396994565278,-0.0494601795279314,-0.0189083340566838));
#1955=CARTESIAN_POINT('',(0.0779396994703751,-0.0503262049557001,-0.0190125007233504));
#1956=CARTESIAN_POINT('',(0.0764396994565278,-0.0494601795758999,-0.0191166673900171));
#1957=CARTESIAN_POINT('',(0.0749396994426805,-0.0485941541960997,-0.0192208340566838));
#1958=CARTESIAN_POINT('',(0.0749396994149859,-0.0468621033885308,-0.0193250007233504));
#1959=CARTESIAN_POINT('',(0.0749396993872913,-0.0451300525809619,-0.0194291673900171));
#1960=CARTESIAN_POINT('',(0.076439699373444,-0.0442640271531933,-0.0195333340566838));
#1961=CARTESIAN_POINT('',(0.0779396993595967,-0.0433980017254246,-0.0196375007233504));
#1962=CARTESIAN_POINT('',(0.079439699373444,-0.0442640271052248,-0.0197416673900171));
#1963=CARTESIAN_POINT('',(0.0809396993872914,-0.045130052485025,-0.0198458340566837));
#1964=CARTESIAN_POINT('',(0.0809396994149859,-0.0468621032925939,-0.0199500007233504));
#1965=CARTESIAN_POINT('',(0.0809396994426805,-0.0485941541001628,-0.0200541673900171));
#1966=CARTESIAN_POINT('',(0.0794396994565278,-0.0494601795279314,-0.0201583340566838));
#1967=CARTESIAN_POINT('',(0.0779396994703751,-0.0503262049557001,-0.0202625007233504));
#1968=CARTESIAN_POINT('',(0.0764396994565278,-0.0494601795758999,-0.0203666673900171));
#1969=CARTESIAN_POINT('',(0.0749396994426805,-0.0485941541960997,-0.0204708340566838));
#1970=CARTESIAN_POINT('',(0.0749396994149859,-0.0468621033885308,-0.0205750007233504));
#1971=CARTESIAN_POINT('',(0.0749396993872913,-0.0451300525809619,-0.0206791673900171));
#1972=CARTESIAN_POINT('',(0.076439699373444,-0.0442640271531933,-0.0207833340566838));
#1973=CARTESIAN_POINT('',(0.0779396993595967,-0.0433980017254246,-0.0208875007233504));
#1974=CARTESIAN_POINT('',(0.079439699373444,-0.0442640271052248,-0.0209916673900171));
#1975=CARTESIAN_POINT('',(0.0809396993872914,-0.045130052485025,-0.0210958340566837));
#1976=CARTESIAN_POINT('',(0.0809396994149859,-0.0468621032925939,-0.0212000007233504));
#1977=CARTESIAN_POINT('',(0.0800573870372851,-0.0489843480454925,-0.013853482834173));
#1978=CARTESIAN_POINT('',(0.0797765353438686,-0.0492645966678441,-0.0138801232077149));
#1979=CARTESIAN_POINT('',(0.0794324536003656,-0.0494621434162678,-0.0139039997251736));
#1980=CARTESIAN_POINT('',(0.0779313197627532,-0.0503239854470308,-0.0140081663918402));
#1981=CARTESIAN_POINT('',(0.0764343757512572,-0.0494548864245595,-0.0141123330585069));
#1982=CARTESIAN_POINT('',(0.0749374317397611,-0.0485857874020882,-0.0142164997251735));
#1983=CARTESIAN_POINT('',(0.0749416215658774,-0.046854846348854,-0.0143206663918402));
#1984=CARTESIAN_POINT('',(0.0749458113919938,-0.0451239052956197,-0.0144248330585069));
#1985=CARTESIAN_POINT('',(0.0764469452296062,-0.0442620632648569,-0.0145289997251736));
#1986=CARTESIAN_POINT('',(0.0779480790672186,-0.0434002212340939,-0.0146331663918402));
#1987=CARTESIAN_POINT('',(0.0794450230787146,-0.0442693202565652,-0.0147373330585069));
#1988=CARTESIAN_POINT('',(0.0809419670902108,-0.0451384192790365,-0.0148414997251735));
#1989=CARTESIAN_POINT('',(0.0809377772640944,-0.0468693603322707,-0.0149456663918402));
#1990=CARTESIAN_POINT('',(0.080933587437978,-0.0486003013855049,-0.0150498330585069));
#1991=CARTESIAN_POINT('',(0.0794324536003656,-0.0494621434162678,-0.0151539997251735));
#1992=CARTESIAN_POINT('',(0.0779313197627532,-0.0503239854470308,-0.0152581663918402));
#1993=CARTESIAN_POINT('',(0.0764343757512572,-0.0494548864245595,-0.0153623330585069));
#1994=CARTESIAN_POINT('',(0.0749374317397611,-0.0485857874020882,-0.0154664997251736));
#1995=CARTESIAN_POINT('',(0.0749416215658774,-0.046854846348854,-0.0155706663918402));
#1996=CARTESIAN_POINT('',(0.0749458113919938,-0.0451239052956197,-0.0156748330585069));
#1997=CARTESIAN_POINT('',(0.0764469452296062,-0.0442620632648569,-0.0157789997251735));
#1998=CARTESIAN_POINT('',(0.0779480790672186,-0.0434002212340939,-0.0158831663918402));
#1999=CARTESIAN_POINT('',(0.0794450230787146,-0.0442693202565652,-0.0159873330585069));
#2000=CARTESIAN_POINT('',(0.0809419670902108,-0.0451384192790365,-0.0160914997251735));
#2001=CARTESIAN_POINT('',(0.0809377772640944,-0.0468693603322707,-0.0161956663918402));
#2002=CARTESIAN_POINT('',(0.080933587437978,-0.0486003013855049,-0.0162998330585069));
#2003=CARTESIAN_POINT('',(0.0794324536003656,-0.0494621434162678,-0.0164039997251735));
#2004=CARTESIAN_POINT('',(0.0779313197627532,-0.0503239854470308,-0.0165081663918402));
#2005=CARTESIAN_POINT('',(0.0764343757512572,-0.0494548864245595,-0.0166123330585069));
#2006=CARTESIAN_POINT('',(0.0749374317397611,-0.0485857874020882,-0.0167164997251735));
#2007=CARTESIAN_POINT('',(0.0749416215658774,-0.046854846348854,-0.0168206663918402));
#2008=CARTESIAN_POINT('',(0.0749458113919938,-0.0451239052956197,-0.0169248330585069));
#2009=CARTESIAN_POINT('',(0.0764469452296062,-0.0442620632648569,-0.0170289997251735));
#2010=CARTESIAN_POINT('',(0.0779480790672186,-0.0434002212340939,-0.0171331663918402));
#2011=CARTESIAN_POINT('',(0.0794450230787146,-0.0442693202565652,-0.0172373330585069));
#2012=CARTESIAN_POINT('',(0.0809419670902108,-0.0451384192790365,-0.0173414997251735));
#2013=CARTESIAN_POINT('',(0.0809377772640944,-0.0468693603322707,-0.0174456663918402));
#2014=CARTESIAN_POINT('',(0.080933587437978,-0.0486003013855049,-0.0175498330585069));
#2015=CARTESIAN_POINT('',(0.0794324536003656,-0.0494621434162678,-0.0176539997251735));
#2016=CARTESIAN_POINT('',(0.0779313197627532,-0.0503239854470308,-0.0177581663918402));
#2017=CARTESIAN_POINT('',(0.0764343757512572,-0.0494548864245595,-0.0178623330585069));
#2018=CARTESIAN_POINT('',(0.0749374317397611,-0.0485857874020882,-0.0179664997251736));
#2019=CARTESIAN_POINT('',(0.0749416215658774,-0.046854846348854,-0.0180706663918402));
#2020=CARTESIAN_POINT('',(0.0749458113919938,-0.0451239052956197,-0.0181748330585069));
#2021=CARTESIAN_POINT('',(0.0764469452296062,-0.0442620632648569,-0.0182789997251735));
#2022=CARTESIAN_POINT('',(0.0779480790672186,-0.0434002212340939,-0.0183831663918402));
#2023=CARTESIAN_POINT('',(0.0794450230787146,-0.0442693202565652,-0.0184873330585069));
#2024=CARTESIAN_POINT('',(0.0809419670902108,-0.0451384192790365,-0.0185914997251735));
#2025=CARTESIAN_POINT('',(0.0809377772640944,-0.0468693603322707,-0.0186956663918402));
#2026=CARTESIAN_POINT('',(0.080933587437978,-0.0486003013855049,-0.0187998330585069));
#2027=CARTESIAN_POINT('',(0.0794324536003656,-0.0494621434162678,-0.0189039997251735));
#2028=CARTESIAN_POINT('',(0.0779313197627532,-0.0503239854470308,-0.0190081663918402));
#2029=CARTESIAN_POINT('',(0.0764343757512572,-0.0494548864245595,-0.0191123330585069));
#2030=CARTESIAN_POINT('',(0.0749374317397611,-0.0485857874020882,-0.0192164997251736));
#2031=CARTESIAN_POINT('',(0.0749416215658774,-0.046854846348854,-0.0193206663918402));
#2032=CARTESIAN_POINT('',(0.0749458113919938,-0.0451239052956197,-0.0194248330585069));
#2033=CARTESIAN_POINT('',(0.0764469452296062,-0.0442620632648569,-0.0195289997251735));
#2034=CARTESIAN_POINT('',(0.0779480790672186,-0.0434002212340939,-0.0196331663918402));
#2035=CARTESIAN_POINT('',(0.0794450230787146,-0.0442693202565652,-0.0197373330585069));
#2036=CARTESIAN_POINT('',(0.0809419670902108,-0.0451384192790365,-0.0198414997251735));
#2037=CARTESIAN_POINT('',(0.0809377772640944,-0.0468693603322707,-0.0199456663918402));
#2038=CARTESIAN_POINT('',(0.080933587437978,-0.0486003013855049,-0.0200498330585069));
#2039=CARTESIAN_POINT('',(0.0794324536003656,-0.0494621434162678,-0.0201539997251735));
#2040=CARTESIAN_POINT('',(0.0779313197627532,-0.0503239854470308,-0.0202581663918402));
#2041=CARTESIAN_POINT('',(0.0764343757512572,-0.0494548864245595,-0.0203623330585069));
#2042=CARTESIAN_POINT('',(0.0749374317397611,-0.0485857874020882,-0.0204664997251736));
#2043=CARTESIAN_POINT('',(0.0749416215658774,-0.046854846348854,-0.0205706663918402));
#2044=CARTESIAN_POINT('',(0.0749458113919938,-0.0451239052956197,-0.0206748330585069));
#2045=CARTESIAN_POINT('',(0.0764469452296062,-0.0442620632648569,-0.0207789997251735));
#2046=CARTESIAN_POINT('',(0.0779480790672186,-0.0434002212340939,-0.0208831663918402));
#2047=CARTESIAN_POINT('',(0.0794450230787146,-0.0442693202565652,-0.0209873330585069));
#2048=CARTESIAN_POINT('',(0.0809419670902108,-0.0451384192790365,-0.0210914997251735));
#2049=CARTESIAN_POINT('',(0.0809377772640944,-0.0468693603322707,-0.0211956663918402));
#2050=CARTESIAN_POINT('',(0.081072740753911,-0.0463598085562717,-0.0115000007233504));
#2051=CARTESIAN_POINT('',(0.0813627407828337,-0.0481686708166823,-0.0116041673900171));
#2052=CARTESIAN_POINT('',(0.0799412201278326,-0.0493242493390329,-0.0117083340566838));
#2053=CARTESIAN_POINT('',(0.0785196994728315,-0.0504798278613835,-0.0118125007233504));
#2054=CARTESIAN_POINT('',(0.0768081787889076,-0.0498265441233236,-0.0119166673900171));
#2055=CARTESIAN_POINT('',(0.0750966581049836,-0.0491732603852636,-0.0120208340566837));
#2056=CARTESIAN_POINT('',(0.0748066580760609,-0.0473643981248531,-0.0121250007233504));
#2057=CARTESIAN_POINT('',(0.0745166580471381,-0.0455555358644424,-0.0122291673900171));
#2058=CARTESIAN_POINT('',(0.0759381787021392,-0.0443999573420918,-0.0123333340566838));
#2059=CARTESIAN_POINT('',(0.0773596993571404,-0.0432443788197411,-0.0124375007233504));
#2060=CARTESIAN_POINT('',(0.0790712200410643,-0.0438976625578011,-0.0125416673900171));
#2061=CARTESIAN_POINT('',(0.0807827407249882,-0.044550946295861,-0.0126458340566838));
#2062=CARTESIAN_POINT('',(0.081072740753911,-0.0463598085562717,-0.0127500007233504));
#2063=CARTESIAN_POINT('',(0.0813627407828337,-0.0481686708166822,-0.0128541673900171));
#2064=CARTESIAN_POINT('',(0.0799412201278326,-0.0493242493390329,-0.0129583340566838));
#2065=CARTESIAN_POINT('',(0.0785196994728315,-0.0504798278613835,-0.0130625007233504));
#2066=CARTESIAN_POINT('',(0.0768081787889076,-0.0498265441233236,-0.0131666673900171));
#2067=CARTESIAN_POINT('',(0.0750966581049836,-0.0491732603852636,-0.0132708340566837));
#2068=CARTESIAN_POINT('',(0.0748066580760609,-0.0473643981248531,-0.0133750007233504));
#2069=CARTESIAN_POINT('',(0.0745166580471381,-0.0455555358644424,-0.0134791673900171));
#2070=CARTESIAN_POINT('',(0.0759381787021392,-0.0443999573420918,-0.0135833340566838));
#2071=CARTESIAN_POINT('',(0.0773596993571404,-0.0432443788197411,-0.0136875007233504));
#2072=CARTESIAN_POINT('',(0.0790712200410643,-0.0438976625578011,-0.0137916673900171));
#2073=CARTESIAN_POINT('',(0.0807827407249882,-0.044550946295861,-0.0138958340566837));
#2074=CARTESIAN_POINT('',(0.081072740753911,-0.0463598085562717,-0.0140000007233504));
#2075=CARTESIAN_POINT('',(0.0813627407828337,-0.0481686708166822,-0.0141041673900171));
#2076=CARTESIAN_POINT('',(0.0799412201278326,-0.0493242493390329,-0.0142083340566838));
#2077=CARTESIAN_POINT('',(0.0785196994728315,-0.0504798278613835,-0.0143125007233504));
#2078=CARTESIAN_POINT('',(0.0768081787889076,-0.0498265441233236,-0.0144166673900171));
#2079=CARTESIAN_POINT('',(0.0750966581049836,-0.0491732603852636,-0.0145208340566838));
#2080=CARTESIAN_POINT('',(0.0748066580760609,-0.0473643981248531,-0.0146250007233504));
#2081=CARTESIAN_POINT('',(0.0745166580471381,-0.0455555358644424,-0.0147291673900171));
#2082=CARTESIAN_POINT('',(0.0759381787021392,-0.0443999573420918,-0.0148333340566838));
#2083=CARTESIAN_POINT('',(0.0773596993571404,-0.0432443788197411,-0.0149375007233504));
#2084=CARTESIAN_POINT('',(0.0790712200410643,-0.0438976625578011,-0.0150416673900171));
#2085=CARTESIAN_POINT('',(0.0807827407249882,-0.044550946295861,-0.0151458340566838));
#2086=CARTESIAN_POINT('',(0.081072740753911,-0.0463598085562717,-0.0152500007233504));
#2087=CARTESIAN_POINT('',(0.0813627407828337,-0.0481686708166822,-0.0153541673900171));
#2088=CARTESIAN_POINT('',(0.0799412201278326,-0.0493242493390329,-0.0154583340566838));
#2089=CARTESIAN_POINT('',(0.0785196994728315,-0.0504798278613835,-0.0155625007233504));
#2090=CARTESIAN_POINT('',(0.0768081787889076,-0.0498265441233236,-0.0156666673900171));
#2091=CARTESIAN_POINT('',(0.0750966581049836,-0.0491732603852636,-0.0157708340566837));
#2092=CARTESIAN_POINT('',(0.0748066580760609,-0.0473643981248531,-0.0158750007233504));
#2093=CARTESIAN_POINT('',(0.0745166580471381,-0.0455555358644424,-0.0159791673900171));
#2094=CARTESIAN_POINT('',(0.0759381787021392,-0.0443999573420918,-0.0160833340566837));
#2095=CARTESIAN_POINT('',(0.0773596993571404,-0.0432443788197411,-0.0161875007233504));
#2096=CARTESIAN_POINT('',(0.0790712200410643,-0.0438976625578011,-0.0162916673900171));
#2097=CARTESIAN_POINT('',(0.0807827407249882,-0.044550946295861,-0.0163958340566837));
#2098=CARTESIAN_POINT('',(0.081072740753911,-0.0463598085562717,-0.0165000007233504));
#2099=CARTESIAN_POINT('',(0.0813627407828337,-0.0481686708166822,-0.0166041673900171));
#2100=CARTESIAN_POINT('',(0.0799412201278326,-0.0493242493390329,-0.0167083340566837));
#2101=CARTESIAN_POINT('',(0.0785196994728315,-0.0504798278613835,-0.0168125007233504));
#2102=CARTESIAN_POINT('',(0.0768081787889076,-0.0498265441233236,-0.0169166673900171));
#2103=CARTESIAN_POINT('',(0.0750966581049836,-0.0491732603852636,-0.0170208340566838));
#2104=CARTESIAN_POINT('',(0.0748066580760609,-0.0473643981248531,-0.0171250007233504));
#2105=CARTESIAN_POINT('',(0.0745166580471381,-0.0455555358644424,-0.0172291673900171));
#2106=CARTESIAN_POINT('',(0.0759381787021392,-0.0443999573420918,-0.0173333340566838));
#2107=CARTESIAN_POINT('',(0.0773596993571404,-0.0432443788197411,-0.0174375007233504));
#2108=CARTESIAN_POINT('',(0.0790712200410643,-0.0438976625578011,-0.0175416673900171));
#2109=CARTESIAN_POINT('',(0.0807827407249882,-0.044550946295861,-0.0176458340566838));
#2110=CARTESIAN_POINT('',(0.081072740753911,-0.0463598085562716,-0.0177500007233504));
#2111=CARTESIAN_POINT('',(0.0813627407828337,-0.0481686708166822,-0.0178541673900171));
#2112=CARTESIAN_POINT('',(0.0799412201278326,-0.0493242493390329,-0.0179583340566838));
#2113=CARTESIAN_POINT('',(0.0785196994728315,-0.0504798278613835,-0.0180625007233504));
#2114=CARTESIAN_POINT('',(0.0768081787889076,-0.0498265441233236,-0.0181666673900171));
#2115=CARTESIAN_POINT('',(0.0750966581049836,-0.0491732603852636,-0.0182708340566838));
#2116=CARTESIAN_POINT('',(0.0748066580760609,-0.0473643981248531,-0.0183750007233504));
#2117=CARTESIAN_POINT('',(0.0745166580471381,-0.0455555358644424,-0.0184791673900171));
#2118=CARTESIAN_POINT('',(0.0759381787021392,-0.0443999573420918,-0.0185833340566838));
#2119=CARTESIAN_POINT('',(0.0773596993571404,-0.0432443788197411,-0.0186875007233504));
#2120=CARTESIAN_POINT('',(0.0790712200410643,-0.0438976625578011,-0.0187916673900171));
#2121=CARTESIAN_POINT('',(0.0807827407249882,-0.044550946295861,-0.0188958340566838));
#2122=CARTESIAN_POINT('',(0.081072740753911,-0.0463598085562717,-0.0190000007233504));
#2123=CARTESIAN_POINT('',(0.0813627407828338,-0.0481686708166822,-0.0191041673900171));
#2124=CARTESIAN_POINT('',(0.0799412201278326,-0.0493242493390329,-0.0192083340566838));
#2125=CARTESIAN_POINT('',(0.0785196994728315,-0.0504798278613835,-0.0193125007233504));
#2126=CARTESIAN_POINT('',(0.0768081787889076,-0.0498265441233236,-0.0194166673900171));
#2127=CARTESIAN_POINT('',(0.0750966581049836,-0.0491732603852636,-0.0195208340566838));
#2128=CARTESIAN_POINT('',(0.0748066580760609,-0.0473643981248531,-0.0196250007233504));
#2129=CARTESIAN_POINT('',(0.0745166580471381,-0.0455555358644424,-0.0197291673900171));
#2130=CARTESIAN_POINT('',(0.0759381787021392,-0.0443999573420918,-0.0198333340566837));
#2131=CARTESIAN_POINT('',(0.0773596993571404,-0.0432443788197411,-0.0199375007233504));
#2132=CARTESIAN_POINT('',(0.0790712200410643,-0.0438976625578011,-0.0200416673900171));
#2133=CARTESIAN_POINT('',(0.0807827407249882,-0.044550946295861,-0.0201458340566838));
#2134=CARTESIAN_POINT('',(0.081072740753911,-0.0463598085562717,-0.0202500007233504));
#2135=CARTESIAN_POINT('',(0.0813627407828338,-0.0481686708166822,-0.0203541673900171));
#2136=CARTESIAN_POINT('',(0.0799412201278326,-0.0493242493390329,-0.0204583340566837));
#2137=CARTESIAN_POINT('',(0.0785196994728315,-0.0504798278613835,-0.0205625007233504));
#2138=CARTESIAN_POINT('',(0.0768081787889076,-0.0498265441233236,-0.0206666673900171));
#2139=CARTESIAN_POINT('',(0.0750966581049836,-0.0491732603852637,-0.0207708340566837));
#2140=CARTESIAN_POINT('',(0.0748066580760609,-0.0473643981248531,-0.0208750007233504));
#2141=CARTESIAN_POINT('',(0.0745166580471381,-0.0455555358644424,-0.0209791673900171));
#2142=CARTESIAN_POINT('',(0.0759381787021392,-0.0443999573420918,-0.0210833340566838));
#2143=CARTESIAN_POINT('',(0.0773596993571404,-0.0432443788197411,-0.0211875007233504));
#2144=CARTESIAN_POINT('',(0.0790712200410643,-0.0438976625578011,-0.0212916673900171));
#2145=CARTESIAN_POINT('',(0.0807827407249882,-0.044550946295861,-0.0213958340566838));
#2146=CARTESIAN_POINT('',(0.081072740753911,-0.0463598085562717,-0.0215000007233504));
#2147=CARTESIAN_POINT('',(0.0776262810738251,-0.0437045699638325,-0.0212));
#2148=CARTESIAN_POINT('',(0.0809396994149616,-0.0468620912649625,-0.0212));
#2149=CARTESIAN_POINT('',(0.080960665176237,-0.045996694689004,-0.0212));
#2150=CARTESIAN_POINT('',(0.08023370406335,-0.0442859497050414,-0.0212000000000001));
#2151=CARTESIAN_POINT('',(0.0784900237035006,-0.0436550907812738,-0.0212));
#2152=CARTESIAN_POINT('',(0.077626281073825,-0.0437045699638325,-0.0212));
#2153=CARTESIAN_POINT('',(0.080939699414983,-0.0468620991503965,-0.0212));
#2154=CARTESIAN_POINT('',(0.0755046858362479,-0.0486144471628078,-0.0142009018841694));
#2155=CARTESIAN_POINT('',(0.0751835934130534,-0.0481682650833648,-0.0142373555224994));
#2156=CARTESIAN_POINT('',(0.0747934997714151,-0.0470957186132663,-0.0143102627991594));
#2157=CARTESIAN_POINT('',(0.0751349263864416,-0.0454174439095211,-0.0144196237141494));
#2158=CARTESIAN_POINT('',(0.0763028870854947,-0.0441649983493569,-0.0145289846291394));
#2159=CARTESIAN_POINT('',(0.0779530953845169,-0.0437071985477411,-0.0146383455441295));
#2160=CARTESIAN_POINT('',(0.0795993652199086,-0.0441789898001463,-0.0147477064591195));
#2161=CARTESIAN_POINT('',(0.080756619373009,-0.0454413456927667,-0.0148570673741095));
#2162=CARTESIAN_POINT('',(0.0810838808165862,-0.0471223225621302,-0.0149664282890995));
#2163=CARTESIAN_POINT('',(0.0804847225935197,-0.0487266267292591,-0.0150757892040896));
#2164=CARTESIAN_POINT('',(0.0791356843021658,-0.0497815571760609,-0.0151851501190796));
#2165=CARTESIAN_POINT('',(0.0774342542056233,-0.0499762831141403,-0.0152945110340696));
#2166=CARTESIAN_POINT('',(0.0758817513651549,-0.0492534294058804,-0.0154038719490596));
#2167=CARTESIAN_POINT('',(0.0749356140486735,-0.0478259817759136,-0.0155132328640497));
#2168=CARTESIAN_POINT('',(0.0748746175404978,-0.0461145315188018,-0.0156225937790397));
#2169=CARTESIAN_POINT('',(0.0757167341986279,-0.0446233500774744,-0.0157319546940297));
#2170=CARTESIAN_POINT('',(0.0772138379786449,-0.0437918076379762,-0.0158413156090197));
#2171=CARTESIAN_POINT('',(0.0789248137030171,-0.0438649145968206,-0.0159506765240098));
#2172=CARTESIAN_POINT('',(0.0803455297474443,-0.0448211303036221,-0.0160600374389998));
#2173=CARTESIAN_POINT('',(0.0810573782515382,-0.0463787099208632,-0.0161693983539898));
#2174=CARTESIAN_POINT('',(0.080850616121042,-0.0480787193261955,-0.0162787592689798));
#2175=CARTESIAN_POINT('',(0.0797861649267338,-0.049420258073963,-0.0163881201839699));
#2176=CARTESIAN_POINT('',(0.0781776606261181,-0.050008047553051,-0.0164974810989599));
#2177=CARTESIAN_POINT('',(0.0764990420800571,-0.0496688981263296,-0.0166068420139499));
#2178=CARTESIAN_POINT('',(0.0752449070096991,-0.0485027387109305,-0.0167162029289399));
#2179=CARTESIAN_POINT('',(0.0747847809092473,-0.0468531731534249,-0.01682556384393));
#2180=CARTESIAN_POINT('',(0.0752542379514394,-0.0452062388370777,-0.01693492475892));
#2181=CARTESIAN_POINT('',(0.0765149546417623,-0.0440471978612849,-0.01704428567391));
#2182=CARTESIAN_POINT('',(0.0781954662400519,-0.0437175566550623,-0.0171536465889));
#2183=CARTESIAN_POINT('',(0.0798006172454779,-0.0443144425793442,-0.0172630075038901));
#2184=CARTESIAN_POINT('',(0.0808574568311558,-0.0456619857686222,-0.0173723684188801));
#2185=CARTESIAN_POINT('',(0.0810545917672645,-0.0473631384289649,-0.0174817293338701));
#2186=CARTESIAN_POINT('',(0.0803339370943669,-0.0489166632595539,-0.0175910902488601));
#2187=CARTESIAN_POINT('',(0.0789078306064107,-0.0498648208634547,-0.0177004511638502));
#2188=CARTESIAN_POINT('',(0.0771964684347406,-0.0499282406884478,-0.0178098120788402));
#2189=CARTESIAN_POINT('',(0.075704096068693,-0.0490882363563857,-0.0179191729938302));
#2190=CARTESIAN_POINT('',(0.0748704345950415,-0.047592311523991,-0.0180285339088202));
#2191=CARTESIAN_POINT('',(0.0749411187746108,-0.0458812339969384,-0.0181378948238103));
#2192=CARTESIAN_POINT('',(0.0758953218184805,-0.0444591653952545,-0.0182472557388003));
#2193=CARTESIAN_POINT('',(0.0774518919115951,-0.0437451121044936,-0.0183566166537903));
#2194=CARTESIAN_POINT('',(0.0791521923835398,-0.0439494668498033,-0.0184659775687803));
#2195=CARTESIAN_POINT('',(0.0804952370271353,-0.045012017386077,-0.0185753384837704));
#2196=CARTESIAN_POINT('',(0.0810853035255502,-0.0466196877765096,-0.0186846993987604));
#2197=CARTESIAN_POINT('',(0.0807485313277222,-0.0482987848682811,-0.0187940603137504));
#2198=CARTESIAN_POINT('',(0.0795841489105335,-0.0495545699388116,-0.0189034212287404));
#2199=CARTESIAN_POINT('',(0.0779352365356897,-0.0500170313284573,-0.0190127821437305));
#2200=CARTESIAN_POINT('',(0.0762876391289994,-0.0495499067815826,-0.0191221430587205));
#2201=CARTESIAN_POINT('',(0.0751268141665706,-0.0482908325330064,-0.0192315039737105));
#2202=CARTESIAN_POINT('',(0.0747947937213939,-0.0466107893845099,-0.0193408648887005));
#2203=CARTESIAN_POINT('',(0.075389406186909,-0.0450047948102097,-0.0194502258036906));
#2204=CARTESIAN_POINT('',(0.0767354515624365,-0.0439460481909268,-0.0195595867186806));
#2205=CARTESIAN_POINT('',(0.0784363233784119,-0.0437465046557065,-0.0196689476336706));
#2206=CARTESIAN_POINT('',(0.0799908670835998,-0.0444649588473708,-0.0197783085486606));
#2207=CARTESIAN_POINT('',(0.0809410430740555,-0.0458897213341522,-0.0198876694636506));
#2208=CARTESIAN_POINT('',(0.0810068860886586,-0.0476009919893568,-0.0199970303786407));
#2209=CARTESIAN_POINT('',(0.0801689957668849,-0.0490945522867287,-0.0201063912936307));
#2210=CARTESIAN_POINT('',(0.0786742528814354,-0.0499303311275587,-0.0202157522086207));
#2211=CARTESIAN_POINT('',(0.0769630769824103,-0.0498620698521191,-0.0203251131236107));
#2212=CARTESIAN_POINT('',(0.0755396586747143,-0.0489098814473111,-0.0204344740386008));
#2213=CARTESIAN_POINT('',(0.0748234020289615,-0.0473543237642911,-0.0205438349535908));
#2214=CARTESIAN_POINT('',(0.0750253489793551,-0.0456537365116845,-0.0206531958685808));
#2215=CARTESIAN_POINT('',(0.0760859967271779,-0.0443091853926096,-0.0207625567835708));
#2216=CARTESIAN_POINT('',(0.0776928299840687,-0.0437168552709121,-0.0208719176985609));
#2217=CARTESIAN_POINT('',(0.0793724022549003,-0.044051203985223,-0.0209812786135509));
#2218=CARTESIAN_POINT('',(0.0806298348079961,-0.045213977174239,-0.0210906395285409));
#2219=CARTESIAN_POINT('',(0.0809396986418044,-0.0463123912055885,-0.0211635468052009));
#2220=CARTESIAN_POINT('',(0.0809396994149829,-0.046862099120984,-0.0212000004435309));
#2221=CARTESIAN_POINT('',(0.0801788178175056,-0.0448655190624769,-0.014153505344365));
#2222=CARTESIAN_POINT('',(0.0809396993967056,-0.0457188283691888,-0.0142312434228519));
#2223=CARTESIAN_POINT('',(0.0809396994149859,-0.0468621032925939,-0.0143000007233504));
#2224=CARTESIAN_POINT('',(0.0809396994426805,-0.0485941541001628,-0.0144041673900171));
#2225=CARTESIAN_POINT('',(0.0794396994565278,-0.0494601795279314,-0.0145083340566838));
#2226=CARTESIAN_POINT('',(0.0779396994703751,-0.0503262049557001,-0.0146125007233504));
#2227=CARTESIAN_POINT('',(0.0764396994565278,-0.0494601795758999,-0.0147166673900171));
#2228=CARTESIAN_POINT('',(0.0749396994426805,-0.0485941541960997,-0.0148208340566837));
#2229=CARTESIAN_POINT('',(0.0749396994149859,-0.0468621033885308,-0.0149250007233504));
#2230=CARTESIAN_POINT('',(0.0749396993872913,-0.0451300525809619,-0.0150291673900171));
#2231=CARTESIAN_POINT('',(0.076439699373444,-0.0442640271531933,-0.0151333340566838));
#2232=CARTESIAN_POINT('',(0.0779396993595967,-0.0433980017254246,-0.0152375007233504));
#2233=CARTESIAN_POINT('',(0.079439699373444,-0.0442640271052248,-0.0153416673900171));
#2234=CARTESIAN_POINT('',(0.0809396993872914,-0.045130052485025,-0.0154458340566838));
#2235=CARTESIAN_POINT('',(0.0809396994149859,-0.0468621032925939,-0.0155500007233504));
#2236=CARTESIAN_POINT('',(0.0809396994426805,-0.0485941541001628,-0.0156541673900171));
#2237=CARTESIAN_POINT('',(0.0794396994565278,-0.0494601795279314,-0.0157583340566838));
#2238=CARTESIAN_POINT('',(0.0779396994703751,-0.0503262049557001,-0.0158625007233504));
#2239=CARTESIAN_POINT('',(0.0764396994565278,-0.0494601795758999,-0.0159666673900171));
#2240=CARTESIAN_POINT('',(0.0749396994426805,-0.0485941541960997,-0.0160708340566838));
#2241=CARTESIAN_POINT('',(0.0749396994149859,-0.0468621033885308,-0.0161750007233504));
#2242=CARTESIAN_POINT('',(0.0749396993872913,-0.0451300525809619,-0.0162791673900171));
#2243=CARTESIAN_POINT('',(0.076439699373444,-0.0442640271531933,-0.0163833340566838));
#2244=CARTESIAN_POINT('',(0.0779396993595967,-0.0433980017254246,-0.0164875007233504));
#2245=CARTESIAN_POINT('',(0.079439699373444,-0.0442640271052248,-0.0165916673900171));
#2246=CARTESIAN_POINT('',(0.0809396993872914,-0.045130052485025,-0.0166958340566838));
#2247=CARTESIAN_POINT('',(0.0809396994149859,-0.0468621032925939,-0.0168000007233504));
#2248=CARTESIAN_POINT('',(0.0809396994426805,-0.0485941541001628,-0.0169041673900171));
#2249=CARTESIAN_POINT('',(0.0794396994565278,-0.0494601795279314,-0.0170083340566838));
#2250=CARTESIAN_POINT('',(0.0779396994703751,-0.0503262049557001,-0.0171125007233504));
#2251=CARTESIAN_POINT('',(0.0764396994565278,-0.0494601795758999,-0.0172166673900171));
#2252=CARTESIAN_POINT('',(0.0749396994426805,-0.0485941541960997,-0.0173208340566837));
#2253=CARTESIAN_POINT('',(0.0749396994149859,-0.0468621033885308,-0.0174250007233504));
#2254=CARTESIAN_POINT('',(0.0749396993872913,-0.0451300525809619,-0.0175291673900171));
#2255=CARTESIAN_POINT('',(0.076439699373444,-0.0442640271531933,-0.0176333340566838));
#2256=CARTESIAN_POINT('',(0.0779396993595967,-0.0433980017254246,-0.0177375007233504));
#2257=CARTESIAN_POINT('',(0.079439699373444,-0.0442640271052248,-0.0178416673900171));
#2258=CARTESIAN_POINT('',(0.0809396993872914,-0.045130052485025,-0.0179458340566838));
#2259=CARTESIAN_POINT('',(0.0809396994149859,-0.0468621032925939,-0.0180500007233504));
#2260=CARTESIAN_POINT('',(0.0809396994426805,-0.0485941541001628,-0.0181541673900171));
#2261=CARTESIAN_POINT('',(0.0794396994565278,-0.0494601795279314,-0.0182583340566838));
#2262=CARTESIAN_POINT('',(0.0779396994703751,-0.0503262049557001,-0.0183625007233504));
#2263=CARTESIAN_POINT('',(0.0764396994565278,-0.0494601795758999,-0.0184666673900171));
#2264=CARTESIAN_POINT('',(0.0749396994426805,-0.0485941541960997,-0.0185708340566837));
#2265=CARTESIAN_POINT('',(0.0749396994149859,-0.0468621033885308,-0.0186750007233504));
#2266=CARTESIAN_POINT('',(0.0749396993872913,-0.0451300525809619,-0.0187791673900171));
#2267=CARTESIAN_POINT('',(0.076439699373444,-0.0442640271531933,-0.0188833340566837));
#2268=CARTESIAN_POINT('',(0.0779396993595967,-0.0433980017254246,-0.0189875007233505));
#2269=CARTESIAN_POINT('',(0.079439699373444,-0.0442640271052248,-0.0190916673900171));
#2270=CARTESIAN_POINT('',(0.0809396993872914,-0.045130052485025,-0.0191958340566838));
#2271=CARTESIAN_POINT('',(0.0809396994149859,-0.0468621032925939,-0.0193000007233504));
#2272=CARTESIAN_POINT('',(0.0809396994426805,-0.0485941541001628,-0.0194041673900171));
#2273=CARTESIAN_POINT('',(0.0794396994565278,-0.0494601795279314,-0.0195083340566838));
#2274=CARTESIAN_POINT('',(0.0779396994703751,-0.0503262049557001,-0.0196125007233504));
#2275=CARTESIAN_POINT('',(0.0764396994565278,-0.0494601795758999,-0.0197166673900171));
#2276=CARTESIAN_POINT('',(0.0749396994426805,-0.0485941541960997,-0.0198208340566837));
#2277=CARTESIAN_POINT('',(0.0749396994149859,-0.0468621033885308,-0.0199250007233504));
#2278=CARTESIAN_POINT('',(0.0749396993872913,-0.0451300525809619,-0.0200291673900171));
#2279=CARTESIAN_POINT('',(0.076439699373444,-0.0442640271531933,-0.0201333340566838));
#2280=CARTESIAN_POINT('',(0.0779396993595967,-0.0433980017254246,-0.0202375007233504));
#2281=CARTESIAN_POINT('',(0.079439699373444,-0.0442640271052248,-0.0203416673900171));
#2282=CARTESIAN_POINT('',(0.0809396993872914,-0.045130052485025,-0.0204458340566838));
#2283=CARTESIAN_POINT('',(0.0809396994149859,-0.0468621032925939,-0.0205500007233504));
#2284=CARTESIAN_POINT('',(0.0809396994426805,-0.0485941541001628,-0.0206541673900171));
#2285=CARTESIAN_POINT('',(0.0794396994565278,-0.0494601795279314,-0.0207583340566838));
#2286=CARTESIAN_POINT('',(0.0779396994703751,-0.0503262049557001,-0.0208625007233504));
#2287=CARTESIAN_POINT('',(0.0764396994565278,-0.0494601795758999,-0.0209666673900171));
#2288=CARTESIAN_POINT('',(0.0749396994426805,-0.0485941541960997,-0.0210708340566838));
#2289=CARTESIAN_POINT('',(0.0749396994149859,-0.0468621033885308,-0.0211750007233504));
#2290=CARTESIAN_POINT('',(0.0749396993872913,-0.0451300525809619,-0.0212791673900171));
#2291=CARTESIAN_POINT('',(0.076439699373444,-0.0442640271531933,-0.0213833340566838));
#2292=CARTESIAN_POINT('',(0.0775489655899113,-0.0436235919808641,-0.0214603664335384));
#2293=CARTESIAN_POINT('',(0.078778722646108,-0.0439818186293511,-0.0215457662287099));
#2294=CARTESIAN_POINT('',(0.0799438250038414,-0.0444020771809791,-0.013853505344365));
#2295=CARTESIAN_POINT('',(0.080881320410232,-0.0451658326906768,-0.0139312434228519));
#2296=CARTESIAN_POINT('',(0.081072740753911,-0.0463598085562716,-0.0140000007233504));
#2297=CARTESIAN_POINT('',(0.0813627407828338,-0.0481686708166822,-0.0141041673900171));
#2298=CARTESIAN_POINT('',(0.0799412201278326,-0.0493242493390329,-0.0142083340566838));
#2299=CARTESIAN_POINT('',(0.0785196994728315,-0.0504798278613836,-0.0143125007233504));
#2300=CARTESIAN_POINT('',(0.0768081787889076,-0.0498265441233236,-0.0144166673900171));
#2301=CARTESIAN_POINT('',(0.0750966581049836,-0.0491732603852637,-0.0145208340566838));
#2302=CARTESIAN_POINT('',(0.0748066580760608,-0.0473643981248531,-0.0146250007233504));
#2303=CARTESIAN_POINT('',(0.0745166580471381,-0.0455555358644424,-0.0147291673900171));
#2304=CARTESIAN_POINT('',(0.0759381787021392,-0.0443999573420918,-0.0148333340566838));
#2305=CARTESIAN_POINT('',(0.0773596993571404,-0.0432443788197411,-0.0149375007233504));
#2306=CARTESIAN_POINT('',(0.0790712200410643,-0.043897662557801,-0.0150416673900171));
#2307=CARTESIAN_POINT('',(0.0807827407249882,-0.044550946295861,-0.0151458340566838));
#2308=CARTESIAN_POINT('',(0.081072740753911,-0.0463598085562716,-0.0152500007233504));
#2309=CARTESIAN_POINT('',(0.0813627407828338,-0.0481686708166822,-0.0153541673900171));
#2310=CARTESIAN_POINT('',(0.0799412201278326,-0.0493242493390329,-0.0154583340566838));
#2311=CARTESIAN_POINT('',(0.0785196994728315,-0.0504798278613836,-0.0155625007233504));
#2312=CARTESIAN_POINT('',(0.0768081787889076,-0.0498265441233236,-0.0156666673900171));
#2313=CARTESIAN_POINT('',(0.0750966581049836,-0.0491732603852637,-0.0157708340566837));
#2314=CARTESIAN_POINT('',(0.0748066580760608,-0.0473643981248531,-0.0158750007233504));
#2315=CARTESIAN_POINT('',(0.0745166580471381,-0.0455555358644424,-0.0159791673900171));
#2316=CARTESIAN_POINT('',(0.0759381787021392,-0.0443999573420918,-0.0160833340566837));
#2317=CARTESIAN_POINT('',(0.0773596993571404,-0.0432443788197411,-0.0161875007233504));
#2318=CARTESIAN_POINT('',(0.0790712200410643,-0.043897662557801,-0.0162916673900171));
#2319=CARTESIAN_POINT('',(0.0807827407249882,-0.044550946295861,-0.0163958340566837));
#2320=CARTESIAN_POINT('',(0.081072740753911,-0.0463598085562716,-0.0165000007233504));
#2321=CARTESIAN_POINT('',(0.0813627407828338,-0.0481686708166822,-0.0166041673900171));
#2322=CARTESIAN_POINT('',(0.0799412201278326,-0.0493242493390329,-0.0167083340566837));
#2323=CARTESIAN_POINT('',(0.0785196994728315,-0.0504798278613836,-0.0168125007233504));
#2324=CARTESIAN_POINT('',(0.0768081787889076,-0.0498265441233236,-0.0169166673900171));
#2325=CARTESIAN_POINT('',(0.0750966581049836,-0.0491732603852637,-0.0170208340566838));
#2326=CARTESIAN_POINT('',(0.0748066580760608,-0.0473643981248531,-0.0171250007233504));
#2327=CARTESIAN_POINT('',(0.0745166580471381,-0.0455555358644424,-0.0172291673900171));
#2328=CARTESIAN_POINT('',(0.0759381787021392,-0.0443999573420918,-0.0173333340566838));
#2329=CARTESIAN_POINT('',(0.0773596993571404,-0.0432443788197411,-0.0174375007233504));
#2330=CARTESIAN_POINT('',(0.0790712200410643,-0.043897662557801,-0.0175416673900171));
#2331=CARTESIAN_POINT('',(0.0807827407249882,-0.044550946295861,-0.0176458340566838));
#2332=CARTESIAN_POINT('',(0.081072740753911,-0.0463598085562716,-0.0177500007233504));
#2333=CARTESIAN_POINT('',(0.0813627407828338,-0.0481686708166822,-0.0178541673900171));
#2334=CARTESIAN_POINT('',(0.0799412201278326,-0.0493242493390329,-0.0179583340566838));
#2335=CARTESIAN_POINT('',(0.0785196994728315,-0.0504798278613836,-0.0180625007233504));
#2336=CARTESIAN_POINT('',(0.0768081787889076,-0.0498265441233236,-0.0181666673900171));
#2337=CARTESIAN_POINT('',(0.0750966581049836,-0.0491732603852637,-0.0182708340566838));
#2338=CARTESIAN_POINT('',(0.0748066580760608,-0.0473643981248531,-0.0183750007233504));
#2339=CARTESIAN_POINT('',(0.0745166580471381,-0.0455555358644424,-0.0184791673900171));
#2340=CARTESIAN_POINT('',(0.0759381787021392,-0.0443999573420918,-0.0185833340566838));
#2341=CARTESIAN_POINT('',(0.0773596993571404,-0.0432443788197411,-0.0186875007233504));
#2342=CARTESIAN_POINT('',(0.0790712200410643,-0.043897662557801,-0.0187916673900171));
#2343=CARTESIAN_POINT('',(0.0807827407249882,-0.044550946295861,-0.0188958340566838));
#2344=CARTESIAN_POINT('',(0.081072740753911,-0.0463598085562716,-0.0190000007233504));
#2345=CARTESIAN_POINT('',(0.0813627407828338,-0.0481686708166822,-0.0191041673900171));
#2346=CARTESIAN_POINT('',(0.0799412201278326,-0.0493242493390329,-0.0192083340566838));
#2347=CARTESIAN_POINT('',(0.0785196994728315,-0.0504798278613836,-0.0193125007233504));
#2348=CARTESIAN_POINT('',(0.0768081787889076,-0.0498265441233236,-0.0194166673900171));
#2349=CARTESIAN_POINT('',(0.0750966581049836,-0.0491732603852637,-0.0195208340566838));
#2350=CARTESIAN_POINT('',(0.0748066580760608,-0.0473643981248531,-0.0196250007233504));
#2351=CARTESIAN_POINT('',(0.0745166580471381,-0.0455555358644424,-0.0197291673900171));
#2352=CARTESIAN_POINT('',(0.0759381787021392,-0.0443999573420918,-0.0198333340566837));
#2353=CARTESIAN_POINT('',(0.0773596993571404,-0.0432443788197411,-0.0199375007233504));
#2354=CARTESIAN_POINT('',(0.0790712200410643,-0.043897662557801,-0.0200416673900171));
#2355=CARTESIAN_POINT('',(0.0807827407249882,-0.044550946295861,-0.0201458340566838));
#2356=CARTESIAN_POINT('',(0.081072740753911,-0.0463598085562716,-0.0202500007233504));
#2357=CARTESIAN_POINT('',(0.0813627407828338,-0.0481686708166822,-0.0203541673900171));
#2358=CARTESIAN_POINT('',(0.0799412201278326,-0.0493242493390329,-0.0204583340566837));
#2359=CARTESIAN_POINT('',(0.0785196994728315,-0.0504798278613836,-0.0205625007233504));
#2360=CARTESIAN_POINT('',(0.0768081787889076,-0.0498265441233236,-0.0206666673900171));
#2361=CARTESIAN_POINT('',(0.0750966581049836,-0.0491732603852637,-0.0207708340566837));
#2362=CARTESIAN_POINT('',(0.0748066580760608,-0.0473643981248531,-0.0208750007233504));
#2363=CARTESIAN_POINT('',(0.0745166580471381,-0.0455555358644424,-0.0209791673900171));
#2364=CARTESIAN_POINT('',(0.0759381787021392,-0.0443999573420918,-0.0210833340566838));
#2365=CARTESIAN_POINT('',(0.0769894086042458,-0.0435453945239903,-0.0211603664335384));
#2366=CARTESIAN_POINT('',(0.0783336802918989,-0.0437136073265318,-0.0212457662287099));
#2367=CARTESIAN_POINT('',(0.0809396994149859,-0.0468621032925939,-0.0118000007233504));
#2368=CARTESIAN_POINT('',(0.0809396994426805,-0.0485941541001628,-0.0119041673900171));
#2369=CARTESIAN_POINT('',(0.0794396994565278,-0.0494601795279314,-0.0120083340566838));
#2370=CARTESIAN_POINT('',(0.0779396994703751,-0.0503262049557001,-0.0121125007233504));
#2371=CARTESIAN_POINT('',(0.0764396994565278,-0.0494601795758999,-0.0122166673900171));
#2372=CARTESIAN_POINT('',(0.0749396994426805,-0.0485941541960997,-0.0123208340566837));
#2373=CARTESIAN_POINT('',(0.0749396994149859,-0.0468621033885308,-0.0124250007233504));
#2374=CARTESIAN_POINT('',(0.0749396993872913,-0.0451300525809619,-0.0125291673900171));
#2375=CARTESIAN_POINT('',(0.076439699373444,-0.0442640271531933,-0.0126333340566838));
#2376=CARTESIAN_POINT('',(0.0779396993595967,-0.0433980017254246,-0.0127375007233504));
#2377=CARTESIAN_POINT('',(0.079439699373444,-0.0442640271052248,-0.0128416673900171));
#2378=CARTESIAN_POINT('',(0.0809396993872914,-0.045130052485025,-0.0129458340566838));
#2379=CARTESIAN_POINT('',(0.0809396994149859,-0.0468621032925939,-0.0130500007233504));
#2380=CARTESIAN_POINT('',(0.0809396994426805,-0.0485941541001628,-0.0131541673900171));
#2381=CARTESIAN_POINT('',(0.0794396994565278,-0.0494601795279314,-0.0132583340566838));
#2382=CARTESIAN_POINT('',(0.0779396994703751,-0.0503262049557001,-0.0133625007233504));
#2383=CARTESIAN_POINT('',(0.0764396994565278,-0.0494601795758999,-0.0134666673900171));
#2384=CARTESIAN_POINT('',(0.0749396994426805,-0.0485941541960997,-0.0135708340566837));
#2385=CARTESIAN_POINT('',(0.0749396994149859,-0.0468621033885308,-0.0136750007233504));
#2386=CARTESIAN_POINT('',(0.0749396993872913,-0.0451300525809619,-0.0137791673900171));
#2387=CARTESIAN_POINT('',(0.076439699373444,-0.0442640271531933,-0.0138833340566838));
#2388=CARTESIAN_POINT('',(0.0779396993595967,-0.0433980017254246,-0.0139875007233504));
#2389=CARTESIAN_POINT('',(0.079439699373444,-0.0442640271052248,-0.0140916673900171));
#2390=CARTESIAN_POINT('',(0.0809396993872914,-0.045130052485025,-0.0141958340566838));
#2391=CARTESIAN_POINT('',(0.0809396994149859,-0.0468621032925939,-0.0143000007233504));
#2392=CARTESIAN_POINT('',(0.0809396994426805,-0.0485941541001628,-0.0144041673900171));
#2393=CARTESIAN_POINT('',(0.0794396994565278,-0.0494601795279314,-0.0145083340566838));
#2394=CARTESIAN_POINT('',(0.0779396994703752,-0.0503262049557001,-0.0146125007233504));
#2395=CARTESIAN_POINT('',(0.0764396994565278,-0.0494601795758999,-0.0147166673900171));
#2396=CARTESIAN_POINT('',(0.0749396994426805,-0.0485941541960997,-0.0148208340566837));
#2397=CARTESIAN_POINT('',(0.0749396994149859,-0.0468621033885308,-0.0149250007233504));
#2398=CARTESIAN_POINT('',(0.0749396993872913,-0.0451300525809619,-0.0150291673900171));
#2399=CARTESIAN_POINT('',(0.076439699373444,-0.0442640271531933,-0.0151333340566838));
#2400=CARTESIAN_POINT('',(0.0779396993595967,-0.0433980017254246,-0.0152375007233504));
#2401=CARTESIAN_POINT('',(0.079439699373444,-0.0442640271052248,-0.0153416673900171));
#2402=CARTESIAN_POINT('',(0.0809396993872914,-0.045130052485025,-0.0154458340566838));
#2403=CARTESIAN_POINT('',(0.0809396994149859,-0.0468621032925939,-0.0155500007233504));
#2404=CARTESIAN_POINT('',(0.0809396994426805,-0.0485941541001628,-0.0156541673900171));
#2405=CARTESIAN_POINT('',(0.0794396994565278,-0.0494601795279314,-0.0157583340566838));
#2406=CARTESIAN_POINT('',(0.0779396994703752,-0.0503262049557001,-0.0158625007233504));
#2407=CARTESIAN_POINT('',(0.0764396994565278,-0.0494601795758999,-0.0159666673900171));
#2408=CARTESIAN_POINT('',(0.0749396994426805,-0.0485941541960997,-0.0160708340566838));
#2409=CARTESIAN_POINT('',(0.0749396994149859,-0.0468621033885308,-0.0161750007233504));
#2410=CARTESIAN_POINT('',(0.0749396993872913,-0.0451300525809619,-0.0162791673900171));
#2411=CARTESIAN_POINT('',(0.076439699373444,-0.0442640271531933,-0.0163833340566838));
#2412=CARTESIAN_POINT('',(0.0779396993595967,-0.0433980017254246,-0.0164875007233504));
#2413=CARTESIAN_POINT('',(0.079439699373444,-0.0442640271052248,-0.0165916673900171));
#2414=CARTESIAN_POINT('',(0.0809396993872912,-0.045130052485025,-0.0166958340566838));
#2415=CARTESIAN_POINT('',(0.0809396994149859,-0.0468621032925939,-0.0168000007233504));
#2416=CARTESIAN_POINT('',(0.0809396994426805,-0.0485941541001628,-0.0169041673900171));
#2417=CARTESIAN_POINT('',(0.0794396994565278,-0.0494601795279314,-0.0170083340566838));
#2418=CARTESIAN_POINT('',(0.0779396994703752,-0.0503262049557001,-0.0171125007233504));
#2419=CARTESIAN_POINT('',(0.0764396994565278,-0.0494601795758999,-0.0172166673900171));
#2420=CARTESIAN_POINT('',(0.0749396994426805,-0.0485941541960997,-0.0173208340566837));
#2421=CARTESIAN_POINT('',(0.0749396994149859,-0.0468621033885308,-0.0174250007233504));
#2422=CARTESIAN_POINT('',(0.0749396993872913,-0.0451300525809619,-0.0175291673900171));
#2423=CARTESIAN_POINT('',(0.076439699373444,-0.0442640271531933,-0.0176333340566838));
#2424=CARTESIAN_POINT('',(0.0779396993595967,-0.0433980017254246,-0.0177375007233504));
#2425=CARTESIAN_POINT('',(0.079439699373444,-0.0442640271052248,-0.0178416673900171));
#2426=CARTESIAN_POINT('',(0.0809396993872912,-0.045130052485025,-0.0179458340566838));
#2427=CARTESIAN_POINT('',(0.0809396994149859,-0.0468621032925939,-0.0180500007233504));
#2428=CARTESIAN_POINT('',(0.0809396994426805,-0.0485941541001628,-0.0181541673900171));
#2429=CARTESIAN_POINT('',(0.0794396994565278,-0.0494601795279314,-0.0182583340566838));
#2430=CARTESIAN_POINT('',(0.0779396994703752,-0.0503262049557001,-0.0183625007233504));
#2431=CARTESIAN_POINT('',(0.0764396994565278,-0.0494601795758999,-0.0184666673900171));
#2432=CARTESIAN_POINT('',(0.0749396994426805,-0.0485941541960997,-0.0185708340566837));
#2433=CARTESIAN_POINT('',(0.0749396994149859,-0.0468621033885308,-0.0186750007233504));
#2434=CARTESIAN_POINT('',(0.0749396993872913,-0.0451300525809619,-0.0187791673900171));
#2435=CARTESIAN_POINT('',(0.076439699373444,-0.0442640271531933,-0.0188833340566837));
#2436=CARTESIAN_POINT('',(0.0779396993595967,-0.0433980017254246,-0.0189875007233505));
#2437=CARTESIAN_POINT('',(0.079439699373444,-0.0442640271052248,-0.0190916673900171));
#2438=CARTESIAN_POINT('',(0.0809396993872912,-0.045130052485025,-0.0191958340566838));
#2439=CARTESIAN_POINT('',(0.0809396994149859,-0.0468621032925939,-0.0193000007233504));
#2440=CARTESIAN_POINT('',(0.0809396994426805,-0.0485941541001628,-0.0194041673900171));
#2441=CARTESIAN_POINT('',(0.0794396994565279,-0.0494601795279314,-0.0195083340566838));
#2442=CARTESIAN_POINT('',(0.0779396994703752,-0.0503262049557001,-0.0196125007233504));
#2443=CARTESIAN_POINT('',(0.0764396994565278,-0.0494601795758999,-0.0197166673900171));
#2444=CARTESIAN_POINT('',(0.0749396994426805,-0.0485941541960997,-0.0198208340566837));
#2445=CARTESIAN_POINT('',(0.0749396994149859,-0.0468621033885308,-0.0199250007233504));
#2446=CARTESIAN_POINT('',(0.0749396993872913,-0.0451300525809619,-0.0200291673900171));
#2447=CARTESIAN_POINT('',(0.076439699373444,-0.0442640271531933,-0.0201333340566838));
#2448=CARTESIAN_POINT('',(0.0779396993595967,-0.0433980017254246,-0.0202375007233504));
#2449=CARTESIAN_POINT('',(0.079439699373444,-0.0442640271052248,-0.0203416673900171));
#2450=CARTESIAN_POINT('',(0.0809396993872912,-0.045130052485025,-0.0204458340566838));
#2451=CARTESIAN_POINT('',(0.0809396994149859,-0.0468621032925939,-0.0205500007233504));
#2452=CARTESIAN_POINT('',(0.0809396994426805,-0.0485941541001627,-0.0206541673900171));
#2453=CARTESIAN_POINT('',(0.0794396994565279,-0.0494601795279314,-0.0207583340566838));
#2454=CARTESIAN_POINT('',(0.0779396994703752,-0.0503262049557001,-0.0208625007233504));
#2455=CARTESIAN_POINT('',(0.0764396994565278,-0.0494601795758999,-0.0209666673900171));
#2456=CARTESIAN_POINT('',(0.0749396994426805,-0.0485941541960997,-0.0210708340566838));
#2457=CARTESIAN_POINT('',(0.0749396994149859,-0.0468621033885308,-0.0211750007233504));
#2458=CARTESIAN_POINT('',(0.0749396993872913,-0.0451300525809619,-0.0212791673900171));
#2459=CARTESIAN_POINT('',(0.076439699373444,-0.0442640271531933,-0.0213833340566838));
#2460=CARTESIAN_POINT('',(0.0779396993595967,-0.0433980017254246,-0.0214875007233504));
#2461=CARTESIAN_POINT('',(0.079439699373444,-0.0442640271052248,-0.0215916673900171));
#2462=CARTESIAN_POINT('',(0.0809396993872912,-0.045130052485025,-0.0216958340566838));
#2463=CARTESIAN_POINT('',(0.0809396994149859,-0.0468621032925939,-0.0218000007233504));
#2464=CARTESIAN_POINT('',(0.0749665125202454,-0.0464619037791644,-0.0212));
#2465=CARTESIAN_POINT('',(0.0776262810738251,-0.0437045699638325,-0.0212));
#2466=CARTESIAN_POINT('',(0.076940437102461,-0.0438084306094446,-0.0212));
#2467=CARTESIAN_POINT('',(0.0756568629326916,-0.0444602507925442,-0.0212));
#2468=CARTESIAN_POINT('',(0.0750371116340743,-0.0457714093384174,-0.0212));
#2469=CARTESIAN_POINT('',(0.0749665125202453,-0.0464619037791644,-0.0212));
#2470=CARTESIAN_POINT('',(0.0779396994149859,-0.0468621033405624,-0.0212));
#2471=CARTESIAN_POINT('',(0.0779396994149859,-0.0468621033405624,-0.0212));
#2472=CARTESIAN_POINT('',(-0.0110603005850141,0.0282624670875389,-0.0212));
#2473=CARTESIAN_POINT('',(0.0879396994149859,0.0901378966594377,-0.0212));
#2474=CARTESIAN_POINT('',(-0.107060300585014,0.0901378966594377,-0.0212));
#2475=CARTESIAN_POINT('',(0.0849396994149859,0.0901378966594377,-0.0212));
#2476=CARTESIAN_POINT('',(0.0849396994149859,-0.0568621033405624,-0.0212));
#2477=CARTESIAN_POINT('',(0.0849396994149859,-0.0538621033405624,-0.0212));
#2478=CARTESIAN_POINT('',(-0.110060300585014,-0.0538621033405624,-0.0212));
#2479=CARTESIAN_POINT('',(-0.107060300585014,-0.0538621033405624,-0.0212));
#2480=CARTESIAN_POINT('',(-0.107060300585014,0.0931378966594377,-0.0212));
#2481=CARTESIAN_POINT('',(0.0779396994149859,0.0831378966594377,-0.0212));
#2482=CARTESIAN_POINT('',(0.0749665125202454,0.0835380962208357,-0.0212));
#2483=CARTESIAN_POINT('',(0.080939699414983,0.0831379008496036,-0.0212));
#2484=CARTESIAN_POINT('',(0.0809396992240249,0.0831379008542306,-0.0211999999999999));
#2485=CARTESIAN_POINT('',(0.0809606672457722,0.0840032986676225,-0.0211999999999999));
#2486=CARTESIAN_POINT('',(0.0802337078683665,0.085714048353667,-0.0212000000000001));
#2487=CARTESIAN_POINT('',(0.0784900250461097,0.086344909295637,-0.0212));
#2488=CARTESIAN_POINT('',(0.0776262810738251,0.0862954300361675,-0.0212));
#2489=CARTESIAN_POINT('',(0.0776262810738251,0.0862954300361675,-0.0212));
#2490=CARTESIAN_POINT('',(0.0776262810738252,0.0862954300361675,-0.0212));
#2491=CARTESIAN_POINT('',(0.076940437102461,0.0861915693905554,-0.0212));
#2492=CARTESIAN_POINT('',(0.0756568629326916,0.0855397492074559,-0.0212));
#2493=CARTESIAN_POINT('',(0.0750371116340743,0.0842285906615826,-0.0212));
#2494=CARTESIAN_POINT('',(0.0749665125202454,0.0835380962208357,-0.0212));
#2495=CARTESIAN_POINT('',(0.0801788178175056,0.085134480937523,-0.0141535053443649));
#2496=CARTESIAN_POINT('',(0.0809396993967055,0.0842811716308111,-0.0142312434228519));
#2497=CARTESIAN_POINT('',(0.0809396994149859,0.0831378967074061,-0.0143000007233504));
#2498=CARTESIAN_POINT('',(0.0809396994426805,0.0814058458998373,-0.0144041673900171));
#2499=CARTESIAN_POINT('',(0.0794396994565278,0.0805398204720686,-0.0145083340566837));
#2500=CARTESIAN_POINT('',(0.0779396994703751,0.0796737950442998,-0.0146125007233504));
#2501=CARTESIAN_POINT('',(0.0764396994565278,0.0805398204241001,-0.0147166673900171));
#2502=CARTESIAN_POINT('',(0.0749396994426805,0.0814058458039003,-0.0148208340566837));
#2503=CARTESIAN_POINT('',(0.0749396994149859,0.0831378966114692,-0.0149250007233504));
#2504=CARTESIAN_POINT('',(0.0749396993872913,0.084869947419038,-0.0150291673900171));
#2505=CARTESIAN_POINT('',(0.076439699373444,0.0857359728468067,-0.0151333340566838));
#2506=CARTESIAN_POINT('',(0.0779396993595967,0.0866019982745753,-0.0152375007233504));
#2507=CARTESIAN_POINT('',(0.079439699373444,0.0857359728947752,-0.0153416673900171));
#2508=CARTESIAN_POINT('',(0.0809396993872912,0.0848699475149749,-0.0154458340566837));
#2509=CARTESIAN_POINT('',(0.0809396994149859,0.0831378967074061,-0.0155500007233504));
#2510=CARTESIAN_POINT('',(0.0809396994426805,0.0814058458998373,-0.0156541673900171));
#2511=CARTESIAN_POINT('',(0.0794396994565278,0.0805398204720686,-0.0157583340566838));
#2512=CARTESIAN_POINT('',(0.0779396994703751,0.0796737950442998,-0.0158625007233504));
#2513=CARTESIAN_POINT('',(0.0764396994565278,0.0805398204241001,-0.0159666673900171));
#2514=CARTESIAN_POINT('',(0.0749396994426805,0.0814058458039003,-0.0160708340566837));
#2515=CARTESIAN_POINT('',(0.0749396994149859,0.0831378966114692,-0.0161750007233504));
#2516=CARTESIAN_POINT('',(0.0749396993872913,0.084869947419038,-0.0162791673900171));
#2517=CARTESIAN_POINT('',(0.076439699373444,0.0857359728468067,-0.0163833340566838));
#2518=CARTESIAN_POINT('',(0.0779396993595967,0.0866019982745753,-0.0164875007233504));
#2519=CARTESIAN_POINT('',(0.079439699373444,0.0857359728947752,-0.0165916673900171));
#2520=CARTESIAN_POINT('',(0.0809396993872912,0.0848699475149749,-0.0166958340566837));
#2521=CARTESIAN_POINT('',(0.0809396994149859,0.0831378967074061,-0.0168000007233504));
#2522=CARTESIAN_POINT('',(0.0809396994426805,0.0814058458998373,-0.0169041673900171));
#2523=CARTESIAN_POINT('',(0.0794396994565278,0.0805398204720686,-0.0170083340566838));
#2524=CARTESIAN_POINT('',(0.0779396994703751,0.0796737950442998,-0.0171125007233504));
#2525=CARTESIAN_POINT('',(0.0764396994565278,0.0805398204241001,-0.0172166673900171));
#2526=CARTESIAN_POINT('',(0.0749396994426805,0.0814058458039003,-0.0173208340566837));
#2527=CARTESIAN_POINT('',(0.0749396994149859,0.0831378966114692,-0.0174250007233504));
#2528=CARTESIAN_POINT('',(0.0749396993872913,0.084869947419038,-0.0175291673900171));
#2529=CARTESIAN_POINT('',(0.076439699373444,0.0857359728468067,-0.0176333340566838));
#2530=CARTESIAN_POINT('',(0.0779396993595967,0.0866019982745753,-0.0177375007233504));
#2531=CARTESIAN_POINT('',(0.079439699373444,0.0857359728947752,-0.0178416673900171));
#2532=CARTESIAN_POINT('',(0.0809396993872912,0.0848699475149749,-0.0179458340566837));
#2533=CARTESIAN_POINT('',(0.0809396994149859,0.0831378967074061,-0.0180500007233504));
#2534=CARTESIAN_POINT('',(0.0809396994426805,0.0814058458998373,-0.0181541673900171));
#2535=CARTESIAN_POINT('',(0.0794396994565278,0.0805398204720686,-0.0182583340566838));
#2536=CARTESIAN_POINT('',(0.0779396994703751,0.0796737950442998,-0.0183625007233504));
#2537=CARTESIAN_POINT('',(0.0764396994565278,0.0805398204241001,-0.0184666673900171));
#2538=CARTESIAN_POINT('',(0.0749396994426805,0.0814058458039003,-0.0185708340566837));
#2539=CARTESIAN_POINT('',(0.0749396994149859,0.0831378966114692,-0.0186750007233504));
#2540=CARTESIAN_POINT('',(0.0749396993872913,0.084869947419038,-0.0187791673900171));
#2541=CARTESIAN_POINT('',(0.076439699373444,0.0857359728468067,-0.0188833340566837));
#2542=CARTESIAN_POINT('',(0.0779396993595967,0.0866019982745753,-0.0189875007233504));
#2543=CARTESIAN_POINT('',(0.079439699373444,0.0857359728947752,-0.0190916673900171));
#2544=CARTESIAN_POINT('',(0.0809396993872912,0.0848699475149749,-0.0191958340566837));
#2545=CARTESIAN_POINT('',(0.0809396994149859,0.0831378967074061,-0.0193000007233504));
#2546=CARTESIAN_POINT('',(0.0809396994426805,0.0814058458998373,-0.0194041673900171));
#2547=CARTESIAN_POINT('',(0.0794396994565278,0.0805398204720686,-0.0195083340566838));
#2548=CARTESIAN_POINT('',(0.0779396994703751,0.0796737950442998,-0.0196125007233504));
#2549=CARTESIAN_POINT('',(0.0764396994565278,0.0805398204241001,-0.0197166673900171));
#2550=CARTESIAN_POINT('',(0.0749396994426805,0.0814058458039003,-0.0198208340566837));
#2551=CARTESIAN_POINT('',(0.0749396994149859,0.0831378966114692,-0.0199250007233504));
#2552=CARTESIAN_POINT('',(0.0749396993872913,0.084869947419038,-0.0200291673900171));
#2553=CARTESIAN_POINT('',(0.076439699373444,0.0857359728468067,-0.0201333340566838));
#2554=CARTESIAN_POINT('',(0.0779396993595967,0.0866019982745753,-0.0202375007233504));
#2555=CARTESIAN_POINT('',(0.079439699373444,0.0857359728947752,-0.0203416673900171));
#2556=CARTESIAN_POINT('',(0.0809396993872912,0.0848699475149749,-0.0204458340566837));
#2557=CARTESIAN_POINT('',(0.0809396994149859,0.0831378967074061,-0.0205500007233504));
#2558=CARTESIAN_POINT('',(0.0809396994426805,0.0814058458998373,-0.0206541673900171));
#2559=CARTESIAN_POINT('',(0.0794396994565278,0.0805398204720686,-0.0207583340566838));
#2560=CARTESIAN_POINT('',(0.0779396994703751,0.0796737950442998,-0.0208625007233504));
#2561=CARTESIAN_POINT('',(0.0764396994565278,0.0805398204241001,-0.0209666673900171));
#2562=CARTESIAN_POINT('',(0.0749396994426805,0.0814058458039003,-0.0210708340566838));
#2563=CARTESIAN_POINT('',(0.0749396994149859,0.0831378966114692,-0.0211750007233504));
#2564=CARTESIAN_POINT('',(0.0749396993872913,0.084869947419038,-0.0212791673900171));
#2565=CARTESIAN_POINT('',(0.076439699373444,0.0857359728468067,-0.0213833340566838));
#2566=CARTESIAN_POINT('',(0.0775489655899113,0.0863764080191358,-0.0214603664335384));
#2567=CARTESIAN_POINT('',(0.0787787226461081,0.0860181813706489,-0.0215457662287099));
#2568=CARTESIAN_POINT('',(0.0799438250038415,0.0855979228190207,-0.0138535053443649));
#2569=CARTESIAN_POINT('',(0.080881320410232,0.0848341673093231,-0.0139312434228519));
#2570=CARTESIAN_POINT('',(0.081072740753911,0.0836401914437284,-0.0140000007233504));
#2571=CARTESIAN_POINT('',(0.0813627407828337,0.0818313291833178,-0.0141041673900171));
#2572=CARTESIAN_POINT('',(0.0799412201278326,0.0806757506609671,-0.0142083340566837));
#2573=CARTESIAN_POINT('',(0.0785196994728315,0.0795201721386165,-0.0143125007233504));
#2574=CARTESIAN_POINT('',(0.0768081787889076,0.0801734558766764,-0.0144166673900171));
#2575=CARTESIAN_POINT('',(0.0750966581049836,0.0808267396147363,-0.0145208340566837));
#2576=CARTESIAN_POINT('',(0.0748066580760609,0.082635601875147,-0.0146250007233504));
#2577=CARTESIAN_POINT('',(0.0745166580471381,0.0844444641355575,-0.0147291673900171));
#2578=CARTESIAN_POINT('',(0.0759381787021392,0.0856000426579082,-0.0148333340566837));
#2579=CARTESIAN_POINT('',(0.0773596993571404,0.0867556211802589,-0.0149375007233504));
#2580=CARTESIAN_POINT('',(0.0790712200410643,0.0861023374421989,-0.0150416673900171));
#2581=CARTESIAN_POINT('',(0.0807827407249882,0.0854490537041389,-0.0151458340566837));
#2582=CARTESIAN_POINT('',(0.081072740753911,0.0836401914437284,-0.0152500007233504));
#2583=CARTESIAN_POINT('',(0.0813627407828337,0.0818313291833178,-0.0153541673900171));
#2584=CARTESIAN_POINT('',(0.0799412201278326,0.0806757506609671,-0.0154583340566838));
#2585=CARTESIAN_POINT('',(0.0785196994728315,0.0795201721386165,-0.0155625007233504));
#2586=CARTESIAN_POINT('',(0.0768081787889076,0.0801734558766764,-0.0156666673900171));
#2587=CARTESIAN_POINT('',(0.0750966581049836,0.0808267396147363,-0.0157708340566837));
#2588=CARTESIAN_POINT('',(0.0748066580760609,0.082635601875147,-0.0158750007233504));
#2589=CARTESIAN_POINT('',(0.0745166580471381,0.0844444641355575,-0.0159791673900171));
#2590=CARTESIAN_POINT('',(0.0759381787021392,0.0856000426579082,-0.0160833340566837));
#2591=CARTESIAN_POINT('',(0.0773596993571404,0.0867556211802589,-0.0161875007233504));
#2592=CARTESIAN_POINT('',(0.0790712200410643,0.0861023374421989,-0.0162916673900171));
#2593=CARTESIAN_POINT('',(0.0807827407249882,0.0854490537041389,-0.0163958340566837));
#2594=CARTESIAN_POINT('',(0.081072740753911,0.0836401914437284,-0.0165000007233504));
#2595=CARTESIAN_POINT('',(0.0813627407828337,0.0818313291833178,-0.0166041673900171));
#2596=CARTESIAN_POINT('',(0.0799412201278326,0.0806757506609671,-0.0167083340566837));
#2597=CARTESIAN_POINT('',(0.0785196994728315,0.0795201721386165,-0.0168125007233504));
#2598=CARTESIAN_POINT('',(0.0768081787889076,0.0801734558766764,-0.0169166673900171));
#2599=CARTESIAN_POINT('',(0.0750966581049836,0.0808267396147363,-0.0170208340566837));
#2600=CARTESIAN_POINT('',(0.0748066580760609,0.082635601875147,-0.0171250007233504));
#2601=CARTESIAN_POINT('',(0.0745166580471381,0.0844444641355575,-0.0172291673900171));
#2602=CARTESIAN_POINT('',(0.0759381787021392,0.0856000426579082,-0.0173333340566838));
#2603=CARTESIAN_POINT('',(0.0773596993571404,0.0867556211802589,-0.0174375007233504));
#2604=CARTESIAN_POINT('',(0.0790712200410643,0.0861023374421989,-0.0175416673900171));
#2605=CARTESIAN_POINT('',(0.0807827407249882,0.0854490537041389,-0.0176458340566838));
#2606=CARTESIAN_POINT('',(0.081072740753911,0.0836401914437284,-0.0177500007233504));
#2607=CARTESIAN_POINT('',(0.0813627407828337,0.0818313291833178,-0.0178541673900171));
#2608=CARTESIAN_POINT('',(0.0799412201278326,0.0806757506609671,-0.0179583340566838));
#2609=CARTESIAN_POINT('',(0.0785196994728315,0.0795201721386165,-0.0180625007233504));
#2610=CARTESIAN_POINT('',(0.0768081787889076,0.0801734558766764,-0.0181666673900171));
#2611=CARTESIAN_POINT('',(0.0750966581049836,0.0808267396147363,-0.0182708340566837));
#2612=CARTESIAN_POINT('',(0.0748066580760609,0.082635601875147,-0.0183750007233504));
#2613=CARTESIAN_POINT('',(0.0745166580471381,0.0844444641355575,-0.0184791673900171));
#2614=CARTESIAN_POINT('',(0.0759381787021392,0.0856000426579082,-0.0185833340566838));
#2615=CARTESIAN_POINT('',(0.0773596993571404,0.0867556211802589,-0.0186875007233504));
#2616=CARTESIAN_POINT('',(0.0790712200410643,0.0861023374421989,-0.0187916673900171));
#2617=CARTESIAN_POINT('',(0.0807827407249882,0.0854490537041389,-0.0188958340566838));
#2618=CARTESIAN_POINT('',(0.081072740753911,0.0836401914437284,-0.0190000007233504));
#2619=CARTESIAN_POINT('',(0.0813627407828337,0.0818313291833178,-0.0191041673900171));
#2620=CARTESIAN_POINT('',(0.0799412201278326,0.0806757506609671,-0.0192083340566838));
#2621=CARTESIAN_POINT('',(0.0785196994728315,0.0795201721386165,-0.0193125007233504));
#2622=CARTESIAN_POINT('',(0.0768081787889076,0.0801734558766764,-0.0194166673900171));
#2623=CARTESIAN_POINT('',(0.0750966581049836,0.0808267396147363,-0.0195208340566837));
#2624=CARTESIAN_POINT('',(0.0748066580760609,0.082635601875147,-0.0196250007233504));
#2625=CARTESIAN_POINT('',(0.0745166580471381,0.0844444641355575,-0.0197291673900171));
#2626=CARTESIAN_POINT('',(0.0759381787021392,0.0856000426579082,-0.0198333340566837));
#2627=CARTESIAN_POINT('',(0.0773596993571404,0.0867556211802589,-0.0199375007233504));
#2628=CARTESIAN_POINT('',(0.0790712200410643,0.0861023374421989,-0.0200416673900171));
#2629=CARTESIAN_POINT('',(0.0807827407249882,0.0854490537041389,-0.0201458340566838));
#2630=CARTESIAN_POINT('',(0.081072740753911,0.0836401914437284,-0.0202500007233504));
#2631=CARTESIAN_POINT('',(0.0813627407828337,0.0818313291833178,-0.0203541673900171));
#2632=CARTESIAN_POINT('',(0.0799412201278326,0.0806757506609671,-0.0204583340566837));
#2633=CARTESIAN_POINT('',(0.0785196994728315,0.0795201721386165,-0.0205625007233504));
#2634=CARTESIAN_POINT('',(0.0768081787889076,0.0801734558766764,-0.0206666673900171));
#2635=CARTESIAN_POINT('',(0.0750966581049836,0.0808267396147363,-0.0207708340566837));
#2636=CARTESIAN_POINT('',(0.0748066580760609,0.082635601875147,-0.0208750007233504));
#2637=CARTESIAN_POINT('',(0.0745166580471381,0.0844444641355575,-0.020979167390017));
#2638=CARTESIAN_POINT('',(0.0759381787021392,0.0856000426579082,-0.0210833340566838));
#2639=CARTESIAN_POINT('',(0.0769894086042459,0.0864546054760097,-0.0211603664335385));
#2640=CARTESIAN_POINT('',(0.078333680291899,0.0862863926734681,-0.0212457662287099));
#2641=CARTESIAN_POINT('',(0.081072740753911,0.0836401914437284,-0.0115000007233504));
#2642=CARTESIAN_POINT('',(0.0813627407828337,0.0818313291833178,-0.0116041673900171));
#2643=CARTESIAN_POINT('',(0.0799412201278326,0.0806757506609671,-0.0117083340566838));
#2644=CARTESIAN_POINT('',(0.0785196994728315,0.0795201721386165,-0.0118125007233504));
#2645=CARTESIAN_POINT('',(0.0768081787889076,0.0801734558766764,-0.0119166673900171));
#2646=CARTESIAN_POINT('',(0.0750966581049836,0.0808267396147363,-0.0120208340566838));
#2647=CARTESIAN_POINT('',(0.0748066580760609,0.082635601875147,-0.0121250007233504));
#2648=CARTESIAN_POINT('',(0.0745166580471381,0.0844444641355575,-0.0122291673900171));
#2649=CARTESIAN_POINT('',(0.0759381787021392,0.0856000426579082,-0.0123333340566838));
#2650=CARTESIAN_POINT('',(0.0773596993571404,0.0867556211802589,-0.0124375007233504));
#2651=CARTESIAN_POINT('',(0.0790712200410643,0.0861023374421989,-0.0125416673900171));
#2652=CARTESIAN_POINT('',(0.0807827407249882,0.085449053704139,-0.0126458340566838));
#2653=CARTESIAN_POINT('',(0.081072740753911,0.0836401914437284,-0.0127500007233504));
#2654=CARTESIAN_POINT('',(0.0813627407828337,0.0818313291833178,-0.0128541673900171));
#2655=CARTESIAN_POINT('',(0.0799412201278326,0.0806757506609671,-0.0129583340566838));
#2656=CARTESIAN_POINT('',(0.0785196994728315,0.0795201721386165,-0.0130625007233504));
#2657=CARTESIAN_POINT('',(0.0768081787889076,0.0801734558766764,-0.0131666673900171));
#2658=CARTESIAN_POINT('',(0.0750966581049836,0.0808267396147363,-0.0132708340566837));
#2659=CARTESIAN_POINT('',(0.0748066580760609,0.082635601875147,-0.0133750007233504));
#2660=CARTESIAN_POINT('',(0.0745166580471381,0.0844444641355575,-0.0134791673900171));
#2661=CARTESIAN_POINT('',(0.0759381787021392,0.0856000426579082,-0.0135833340566838));
#2662=CARTESIAN_POINT('',(0.0773596993571404,0.0867556211802589,-0.0136875007233504));
#2663=CARTESIAN_POINT('',(0.0790712200410643,0.0861023374421989,-0.0137916673900171));
#2664=CARTESIAN_POINT('',(0.0807827407249882,0.085449053704139,-0.0138958340566837));
#2665=CARTESIAN_POINT('',(0.081072740753911,0.0836401914437284,-0.0140000007233504));
#2666=CARTESIAN_POINT('',(0.0813627407828337,0.0818313291833178,-0.0141041673900171));
#2667=CARTESIAN_POINT('',(0.0799412201278326,0.0806757506609671,-0.0142083340566838));
#2668=CARTESIAN_POINT('',(0.0785196994728315,0.0795201721386165,-0.0143125007233504));
#2669=CARTESIAN_POINT('',(0.0768081787889076,0.0801734558766764,-0.0144166673900171));
#2670=CARTESIAN_POINT('',(0.0750966581049836,0.0808267396147363,-0.0145208340566838));
#2671=CARTESIAN_POINT('',(0.0748066580760609,0.0826356018751469,-0.0146250007233504));
#2672=CARTESIAN_POINT('',(0.0745166580471381,0.0844444641355575,-0.0147291673900171));
#2673=CARTESIAN_POINT('',(0.0759381787021392,0.0856000426579082,-0.0148333340566838));
#2674=CARTESIAN_POINT('',(0.0773596993571404,0.0867556211802589,-0.0149375007233504));
#2675=CARTESIAN_POINT('',(0.0790712200410643,0.086102337442199,-0.0150416673900171));
#2676=CARTESIAN_POINT('',(0.0807827407249882,0.085449053704139,-0.0151458340566838));
#2677=CARTESIAN_POINT('',(0.081072740753911,0.0836401914437284,-0.0152500007233505));
#2678=CARTESIAN_POINT('',(0.0813627407828337,0.0818313291833178,-0.0153541673900171));
#2679=CARTESIAN_POINT('',(0.0799412201278326,0.0806757506609671,-0.0154583340566838));
#2680=CARTESIAN_POINT('',(0.0785196994728315,0.0795201721386165,-0.0155625007233504));
#2681=CARTESIAN_POINT('',(0.0768081787889076,0.0801734558766764,-0.0156666673900171));
#2682=CARTESIAN_POINT('',(0.0750966581049836,0.0808267396147363,-0.0157708340566837));
#2683=CARTESIAN_POINT('',(0.0748066580760609,0.082635601875147,-0.0158750007233504));
#2684=CARTESIAN_POINT('',(0.0745166580471381,0.0844444641355575,-0.0159791673900171));
#2685=CARTESIAN_POINT('',(0.0759381787021392,0.0856000426579082,-0.0160833340566837));
#2686=CARTESIAN_POINT('',(0.0773596993571404,0.0867556211802589,-0.0161875007233504));
#2687=CARTESIAN_POINT('',(0.0790712200410643,0.086102337442199,-0.0162916673900171));
#2688=CARTESIAN_POINT('',(0.0807827407249882,0.085449053704139,-0.0163958340566837));
#2689=CARTESIAN_POINT('',(0.081072740753911,0.0836401914437284,-0.0165000007233504));
#2690=CARTESIAN_POINT('',(0.0813627407828337,0.0818313291833178,-0.0166041673900171));
#2691=CARTESIAN_POINT('',(0.0799412201278326,0.0806757506609671,-0.0167083340566837));
#2692=CARTESIAN_POINT('',(0.0785196994728315,0.0795201721386165,-0.0168125007233504));
#2693=CARTESIAN_POINT('',(0.0768081787889076,0.0801734558766764,-0.0169166673900171));
#2694=CARTESIAN_POINT('',(0.0750966581049836,0.0808267396147363,-0.0170208340566838));
#2695=CARTESIAN_POINT('',(0.0748066580760609,0.0826356018751469,-0.0171250007233504));
#2696=CARTESIAN_POINT('',(0.0745166580471381,0.0844444641355575,-0.0172291673900171));
#2697=CARTESIAN_POINT('',(0.0759381787021392,0.0856000426579082,-0.0173333340566838));
#2698=CARTESIAN_POINT('',(0.0773596993571404,0.0867556211802589,-0.0174375007233504));
#2699=CARTESIAN_POINT('',(0.0790712200410643,0.086102337442199,-0.0175416673900171));
#2700=CARTESIAN_POINT('',(0.0807827407249882,0.085449053704139,-0.0176458340566838));
#2701=CARTESIAN_POINT('',(0.081072740753911,0.0836401914437284,-0.0177500007233504));
#2702=CARTESIAN_POINT('',(0.0813627407828337,0.0818313291833178,-0.0178541673900171));
#2703=CARTESIAN_POINT('',(0.0799412201278326,0.0806757506609671,-0.0179583340566838));
#2704=CARTESIAN_POINT('',(0.0785196994728315,0.0795201721386165,-0.0180625007233504));
#2705=CARTESIAN_POINT('',(0.0768081787889076,0.0801734558766764,-0.0181666673900171));
#2706=CARTESIAN_POINT('',(0.0750966581049836,0.0808267396147363,-0.0182708340566838));
#2707=CARTESIAN_POINT('',(0.0748066580760609,0.0826356018751469,-0.0183750007233504));
#2708=CARTESIAN_POINT('',(0.0745166580471381,0.0844444641355575,-0.0184791673900171));
#2709=CARTESIAN_POINT('',(0.0759381787021392,0.0856000426579082,-0.0185833340566838));
#2710=CARTESIAN_POINT('',(0.0773596993571404,0.0867556211802589,-0.0186875007233504));
#2711=CARTESIAN_POINT('',(0.0790712200410643,0.086102337442199,-0.0187916673900171));
#2712=CARTESIAN_POINT('',(0.0807827407249882,0.085449053704139,-0.0188958340566838));
#2713=CARTESIAN_POINT('',(0.081072740753911,0.0836401914437284,-0.0190000007233504));
#2714=CARTESIAN_POINT('',(0.0813627407828338,0.0818313291833178,-0.0191041673900171));
#2715=CARTESIAN_POINT('',(0.0799412201278326,0.0806757506609671,-0.0192083340566838));
#2716=CARTESIAN_POINT('',(0.0785196994728315,0.0795201721386165,-0.0193125007233504));
#2717=CARTESIAN_POINT('',(0.0768081787889076,0.0801734558766764,-0.0194166673900171));
#2718=CARTESIAN_POINT('',(0.0750966581049836,0.0808267396147363,-0.0195208340566838));
#2719=CARTESIAN_POINT('',(0.0748066580760609,0.0826356018751469,-0.0196250007233504));
#2720=CARTESIAN_POINT('',(0.0745166580471381,0.0844444641355575,-0.0197291673900171));
#2721=CARTESIAN_POINT('',(0.0759381787021392,0.0856000426579082,-0.0198333340566837));
#2722=CARTESIAN_POINT('',(0.0773596993571404,0.0867556211802589,-0.0199375007233504));
#2723=CARTESIAN_POINT('',(0.0790712200410643,0.086102337442199,-0.0200416673900171));
#2724=CARTESIAN_POINT('',(0.0807827407249882,0.085449053704139,-0.0201458340566838));
#2725=CARTESIAN_POINT('',(0.081072740753911,0.0836401914437284,-0.0202500007233504));
#2726=CARTESIAN_POINT('',(0.0813627407828338,0.0818313291833178,-0.0203541673900171));
#2727=CARTESIAN_POINT('',(0.0799412201278326,0.0806757506609671,-0.0204583340566837));
#2728=CARTESIAN_POINT('',(0.0785196994728315,0.0795201721386165,-0.0205625007233504));
#2729=CARTESIAN_POINT('',(0.0768081787889076,0.0801734558766764,-0.0206666673900171));
#2730=CARTESIAN_POINT('',(0.0750966581049836,0.0808267396147363,-0.0207708340566838));
#2731=CARTESIAN_POINT('',(0.0748066580760609,0.0826356018751469,-0.0208750007233504));
#2732=CARTESIAN_POINT('',(0.0745166580471381,0.0844444641355575,-0.0209791673900171));
#2733=CARTESIAN_POINT('',(0.0759381787021392,0.0856000426579082,-0.0210833340566838));
#2734=CARTESIAN_POINT('',(0.0773596993571404,0.0867556211802589,-0.0211875007233504));
#2735=CARTESIAN_POINT('',(0.0790712200410643,0.086102337442199,-0.0212916673900171));
#2736=CARTESIAN_POINT('',(0.0807827407249882,0.085449053704139,-0.0213958340566838));
#2737=CARTESIAN_POINT('',(0.081072740753911,0.0836401914437284,-0.0215000007233505));
#2738=CARTESIAN_POINT('',(0.0809396994149859,0.0831378967074061,-0.0118000007233504));
#2739=CARTESIAN_POINT('',(0.0809396994426805,0.0814058458998373,-0.0119041673900171));
#2740=CARTESIAN_POINT('',(0.0794396994565278,0.0805398204720686,-0.0120083340566837));
#2741=CARTESIAN_POINT('',(0.0779396994703751,0.0796737950442998,-0.0121125007233504));
#2742=CARTESIAN_POINT('',(0.0764396994565278,0.0805398204241001,-0.0122166673900171));
#2743=CARTESIAN_POINT('',(0.0749396994426805,0.0814058458039003,-0.0123208340566837));
#2744=CARTESIAN_POINT('',(0.0749396994149859,0.0831378966114692,-0.0124250007233504));
#2745=CARTESIAN_POINT('',(0.0749396993872913,0.084869947419038,-0.0125291673900171));
#2746=CARTESIAN_POINT('',(0.076439699373444,0.0857359728468067,-0.0126333340566837));
#2747=CARTESIAN_POINT('',(0.0779396993595967,0.0866019982745753,-0.0127375007233504));
#2748=CARTESIAN_POINT('',(0.079439699373444,0.0857359728947752,-0.0128416673900171));
#2749=CARTESIAN_POINT('',(0.0809396993872914,0.084869947514975,-0.0129458340566837));
#2750=CARTESIAN_POINT('',(0.0809396994149859,0.0831378967074061,-0.0130500007233504));
#2751=CARTESIAN_POINT('',(0.0809396994426805,0.0814058458998373,-0.0131541673900171));
#2752=CARTESIAN_POINT('',(0.0794396994565278,0.0805398204720686,-0.0132583340566837));
#2753=CARTESIAN_POINT('',(0.0779396994703751,0.0796737950442998,-0.0133625007233504));
#2754=CARTESIAN_POINT('',(0.0764396994565278,0.0805398204241001,-0.0134666673900171));
#2755=CARTESIAN_POINT('',(0.0749396994426805,0.0814058458039003,-0.0135708340566837));
#2756=CARTESIAN_POINT('',(0.0749396994149859,0.0831378966114692,-0.0136750007233504));
#2757=CARTESIAN_POINT('',(0.0749396993872913,0.084869947419038,-0.0137791673900171));
#2758=CARTESIAN_POINT('',(0.076439699373444,0.0857359728468067,-0.0138833340566837));
#2759=CARTESIAN_POINT('',(0.0779396993595967,0.0866019982745753,-0.0139875007233504));
#2760=CARTESIAN_POINT('',(0.079439699373444,0.0857359728947752,-0.0140916673900171));
#2761=CARTESIAN_POINT('',(0.0809396993872914,0.084869947514975,-0.0141958340566837));
#2762=CARTESIAN_POINT('',(0.0809396994149859,0.0831378967074061,-0.0143000007233504));
#2763=CARTESIAN_POINT('',(0.0809396994426805,0.0814058458998373,-0.0144041673900171));
#2764=CARTESIAN_POINT('',(0.0794396994565278,0.0805398204720686,-0.0145083340566837));
#2765=CARTESIAN_POINT('',(0.0779396994703751,0.0796737950442998,-0.0146125007233504));
#2766=CARTESIAN_POINT('',(0.0764396994565278,0.0805398204241001,-0.0147166673900171));
#2767=CARTESIAN_POINT('',(0.0749396994426805,0.0814058458039003,-0.0148208340566837));
#2768=CARTESIAN_POINT('',(0.0749396994149859,0.0831378966114692,-0.0149250007233504));
#2769=CARTESIAN_POINT('',(0.0749396993872913,0.084869947419038,-0.0150291673900171));
#2770=CARTESIAN_POINT('',(0.076439699373444,0.0857359728468067,-0.0151333340566838));
#2771=CARTESIAN_POINT('',(0.0779396993595967,0.0866019982745753,-0.0152375007233504));
#2772=CARTESIAN_POINT('',(0.079439699373444,0.0857359728947752,-0.0153416673900171));
#2773=CARTESIAN_POINT('',(0.0809396993872914,0.084869947514975,-0.0154458340566837));
#2774=CARTESIAN_POINT('',(0.0809396994149859,0.0831378967074061,-0.0155500007233504));
#2775=CARTESIAN_POINT('',(0.0809396994426805,0.0814058458998373,-0.0156541673900171));
#2776=CARTESIAN_POINT('',(0.0794396994565278,0.0805398204720686,-0.0157583340566838));
#2777=CARTESIAN_POINT('',(0.0779396994703751,0.0796737950442998,-0.0158625007233504));
#2778=CARTESIAN_POINT('',(0.0764396994565278,0.0805398204241001,-0.0159666673900171));
#2779=CARTESIAN_POINT('',(0.0749396994426805,0.0814058458039003,-0.0160708340566838));
#2780=CARTESIAN_POINT('',(0.0749396994149859,0.0831378966114692,-0.0161750007233504));
#2781=CARTESIAN_POINT('',(0.0749396993872913,0.084869947419038,-0.0162791673900171));
#2782=CARTESIAN_POINT('',(0.076439699373444,0.0857359728468067,-0.0163833340566838));
#2783=CARTESIAN_POINT('',(0.0779396993595967,0.0866019982745753,-0.0164875007233504));
#2784=CARTESIAN_POINT('',(0.079439699373444,0.0857359728947752,-0.0165916673900171));
#2785=CARTESIAN_POINT('',(0.0809396993872912,0.084869947514975,-0.0166958340566837));
#2786=CARTESIAN_POINT('',(0.0809396994149859,0.0831378967074061,-0.0168000007233504));
#2787=CARTESIAN_POINT('',(0.0809396994426805,0.0814058458998373,-0.0169041673900171));
#2788=CARTESIAN_POINT('',(0.0794396994565278,0.0805398204720686,-0.0170083340566838));
#2789=CARTESIAN_POINT('',(0.0779396994703751,0.0796737950442998,-0.0171125007233504));
#2790=CARTESIAN_POINT('',(0.0764396994565278,0.0805398204241001,-0.0172166673900171));
#2791=CARTESIAN_POINT('',(0.0749396994426805,0.0814058458039003,-0.0173208340566837));
#2792=CARTESIAN_POINT('',(0.0749396994149859,0.0831378966114692,-0.0174250007233504));
#2793=CARTESIAN_POINT('',(0.0749396993872913,0.084869947419038,-0.0175291673900171));
#2794=CARTESIAN_POINT('',(0.076439699373444,0.0857359728468067,-0.0176333340566838));
#2795=CARTESIAN_POINT('',(0.0779396993595967,0.0866019982745753,-0.0177375007233504));
#2796=CARTESIAN_POINT('',(0.079439699373444,0.0857359728947752,-0.0178416673900171));
#2797=CARTESIAN_POINT('',(0.0809396993872912,0.084869947514975,-0.0179458340566838));
#2798=CARTESIAN_POINT('',(0.0809396994149859,0.0831378967074061,-0.0180500007233504));
#2799=CARTESIAN_POINT('',(0.0809396994426805,0.0814058458998373,-0.0181541673900171));
#2800=CARTESIAN_POINT('',(0.0794396994565278,0.0805398204720686,-0.0182583340566838));
#2801=CARTESIAN_POINT('',(0.0779396994703752,0.0796737950442998,-0.0183625007233504));
#2802=CARTESIAN_POINT('',(0.0764396994565278,0.0805398204241001,-0.0184666673900171));
#2803=CARTESIAN_POINT('',(0.0749396994426805,0.0814058458039003,-0.0185708340566837));
#2804=CARTESIAN_POINT('',(0.0749396994149859,0.0831378966114692,-0.0186750007233504));
#2805=CARTESIAN_POINT('',(0.0749396993872913,0.084869947419038,-0.0187791673900171));
#2806=CARTESIAN_POINT('',(0.076439699373444,0.0857359728468067,-0.0188833340566837));
#2807=CARTESIAN_POINT('',(0.0779396993595967,0.0866019982745753,-0.0189875007233504));
#2808=CARTESIAN_POINT('',(0.079439699373444,0.0857359728947752,-0.0190916673900171));
#2809=CARTESIAN_POINT('',(0.0809396993872912,0.084869947514975,-0.0191958340566838));
#2810=CARTESIAN_POINT('',(0.0809396994149859,0.0831378967074061,-0.0193000007233504));
#2811=CARTESIAN_POINT('',(0.0809396994426805,0.0814058458998373,-0.0194041673900171));
#2812=CARTESIAN_POINT('',(0.0794396994565279,0.0805398204720686,-0.0195083340566838));
#2813=CARTESIAN_POINT('',(0.0779396994703752,0.0796737950442998,-0.0196125007233504));
#2814=CARTESIAN_POINT('',(0.0764396994565278,0.0805398204241001,-0.0197166673900171));
#2815=CARTESIAN_POINT('',(0.0749396994426805,0.0814058458039003,-0.0198208340566837));
#2816=CARTESIAN_POINT('',(0.0749396994149859,0.0831378966114692,-0.0199250007233504));
#2817=CARTESIAN_POINT('',(0.0749396993872913,0.084869947419038,-0.0200291673900171));
#2818=CARTESIAN_POINT('',(0.076439699373444,0.0857359728468067,-0.0201333340566838));
#2819=CARTESIAN_POINT('',(0.0779396993595967,0.0866019982745753,-0.0202375007233504));
#2820=CARTESIAN_POINT('',(0.079439699373444,0.0857359728947752,-0.0203416673900171));
#2821=CARTESIAN_POINT('',(0.0809396993872912,0.084869947514975,-0.0204458340566837));
#2822=CARTESIAN_POINT('',(0.0809396994149859,0.0831378967074061,-0.0205500007233504));
#2823=CARTESIAN_POINT('',(0.0809396994426805,0.0814058458998373,-0.0206541673900171));
#2824=CARTESIAN_POINT('',(0.0794396994565279,0.0805398204720686,-0.0207583340566838));
#2825=CARTESIAN_POINT('',(0.0779396994703752,0.0796737950442998,-0.0208625007233504));
#2826=CARTESIAN_POINT('',(0.0764396994565278,0.0805398204241001,-0.0209666673900171));
#2827=CARTESIAN_POINT('',(0.0749396994426805,0.0814058458039003,-0.0210708340566838));
#2828=CARTESIAN_POINT('',(0.0749396994149859,0.0831378966114692,-0.0211750007233504));
#2829=CARTESIAN_POINT('',(0.0749396993872913,0.084869947419038,-0.0212791673900171));
#2830=CARTESIAN_POINT('',(0.076439699373444,0.0857359728468067,-0.0213833340566838));
#2831=CARTESIAN_POINT('',(0.0779396993595967,0.0866019982745753,-0.0214875007233504));
#2832=CARTESIAN_POINT('',(0.079439699373444,0.0857359728947752,-0.0215916673900171));
#2833=CARTESIAN_POINT('',(0.0809396993872912,0.084869947514975,-0.0216958340566837));
#2834=CARTESIAN_POINT('',(0.0809396994149859,0.0831378967074061,-0.0218000007233504));
#2835=CARTESIAN_POINT('',(0.0805127712875272,0.0812811389422123,-0.0141578171656831));
#2836=CARTESIAN_POINT('',(0.0802670533701086,0.0809406260923,-0.014184457539225));
#2837=CARTESIAN_POINT('',(0.0799412201278326,0.0806757506609671,-0.0142083340566838));
#2838=CARTESIAN_POINT('',(0.0785196994728315,0.0795201721386165,-0.0143125007233504));
#2839=CARTESIAN_POINT('',(0.0768081787889076,0.0801734558766764,-0.0144166673900171));
#2840=CARTESIAN_POINT('',(0.0750966581049836,0.0808267396147363,-0.0145208340566838));
#2841=CARTESIAN_POINT('',(0.0748066580760609,0.082635601875147,-0.0146250007233504));
#2842=CARTESIAN_POINT('',(0.0745166580471381,0.0844444641355575,-0.0147291673900171));
#2843=CARTESIAN_POINT('',(0.0759381787021392,0.0856000426579082,-0.0148333340566838));
#2844=CARTESIAN_POINT('',(0.0773596993571404,0.0867556211802589,-0.0149375007233504));
#2845=CARTESIAN_POINT('',(0.0790712200410643,0.0861023374421989,-0.0150416673900171));
#2846=CARTESIAN_POINT('',(0.0807827407249882,0.0854490537041389,-0.0151458340566838));
#2847=CARTESIAN_POINT('',(0.081072740753911,0.0836401914437284,-0.0152500007233505));
#2848=CARTESIAN_POINT('',(0.0813627407828337,0.0818313291833178,-0.0153541673900171));
#2849=CARTESIAN_POINT('',(0.0799412201278326,0.0806757506609671,-0.0154583340566838));
#2850=CARTESIAN_POINT('',(0.0785196994728315,0.0795201721386165,-0.0155625007233504));
#2851=CARTESIAN_POINT('',(0.0768081787889076,0.0801734558766764,-0.0156666673900171));
#2852=CARTESIAN_POINT('',(0.0750966581049836,0.0808267396147363,-0.0157708340566838));
#2853=CARTESIAN_POINT('',(0.0748066580760609,0.082635601875147,-0.0158750007233504));
#2854=CARTESIAN_POINT('',(0.0745166580471381,0.0844444641355575,-0.0159791673900171));
#2855=CARTESIAN_POINT('',(0.0759381787021392,0.0856000426579082,-0.0160833340566837));
#2856=CARTESIAN_POINT('',(0.0773596993571404,0.0867556211802589,-0.0161875007233504));
#2857=CARTESIAN_POINT('',(0.0790712200410643,0.0861023374421989,-0.0162916673900171));
#2858=CARTESIAN_POINT('',(0.0807827407249882,0.0854490537041389,-0.0163958340566837));
#2859=CARTESIAN_POINT('',(0.081072740753911,0.0836401914437284,-0.0165000007233504));
#2860=CARTESIAN_POINT('',(0.0813627407828337,0.0818313291833178,-0.0166041673900171));
#2861=CARTESIAN_POINT('',(0.0799412201278326,0.0806757506609671,-0.0167083340566837));
#2862=CARTESIAN_POINT('',(0.0785196994728315,0.0795201721386165,-0.0168125007233504));
#2863=CARTESIAN_POINT('',(0.0768081787889076,0.0801734558766764,-0.0169166673900171));
#2864=CARTESIAN_POINT('',(0.0750966581049836,0.0808267396147363,-0.0170208340566838));
#2865=CARTESIAN_POINT('',(0.0748066580760609,0.082635601875147,-0.0171250007233504));
#2866=CARTESIAN_POINT('',(0.0745166580471381,0.0844444641355575,-0.0172291673900171));
#2867=CARTESIAN_POINT('',(0.0759381787021392,0.0856000426579082,-0.0173333340566838));
#2868=CARTESIAN_POINT('',(0.0773596993571404,0.0867556211802589,-0.0174375007233504));
#2869=CARTESIAN_POINT('',(0.0790712200410643,0.0861023374421989,-0.0175416673900171));
#2870=CARTESIAN_POINT('',(0.0807827407249882,0.0854490537041389,-0.0176458340566838));
#2871=CARTESIAN_POINT('',(0.081072740753911,0.0836401914437284,-0.0177500007233504));
#2872=CARTESIAN_POINT('',(0.0813627407828337,0.0818313291833178,-0.0178541673900171));
#2873=CARTESIAN_POINT('',(0.0799412201278326,0.0806757506609671,-0.0179583340566838));
#2874=CARTESIAN_POINT('',(0.0785196994728315,0.0795201721386165,-0.0180625007233504));
#2875=CARTESIAN_POINT('',(0.0768081787889076,0.0801734558766764,-0.0181666673900171));
#2876=CARTESIAN_POINT('',(0.0750966581049836,0.0808267396147363,-0.0182708340566838));
#2877=CARTESIAN_POINT('',(0.0748066580760609,0.082635601875147,-0.0183750007233504));
#2878=CARTESIAN_POINT('',(0.0745166580471381,0.0844444641355575,-0.0184791673900171));
#2879=CARTESIAN_POINT('',(0.0759381787021392,0.0856000426579082,-0.0185833340566838));
#2880=CARTESIAN_POINT('',(0.0773596993571404,0.0867556211802589,-0.0186875007233504));
#2881=CARTESIAN_POINT('',(0.0790712200410643,0.0861023374421989,-0.0187916673900171));
#2882=CARTESIAN_POINT('',(0.0807827407249882,0.0854490537041389,-0.0188958340566838));
#2883=CARTESIAN_POINT('',(0.081072740753911,0.0836401914437284,-0.0190000007233504));
#2884=CARTESIAN_POINT('',(0.0813627407828337,0.0818313291833178,-0.0191041673900171));
#2885=CARTESIAN_POINT('',(0.0799412201278326,0.0806757506609671,-0.0192083340566838));
#2886=CARTESIAN_POINT('',(0.0785196994728315,0.0795201721386165,-0.0193125007233504));
#2887=CARTESIAN_POINT('',(0.0768081787889076,0.0801734558766764,-0.0194166673900171));
#2888=CARTESIAN_POINT('',(0.0750966581049836,0.0808267396147363,-0.0195208340566838));
#2889=CARTESIAN_POINT('',(0.0748066580760609,0.082635601875147,-0.0196250007233504));
#2890=CARTESIAN_POINT('',(0.0745166580471381,0.0844444641355575,-0.0197291673900171));
#2891=CARTESIAN_POINT('',(0.0759381787021392,0.0856000426579082,-0.0198333340566837));
#2892=CARTESIAN_POINT('',(0.0773596993571404,0.0867556211802589,-0.0199375007233504));
#2893=CARTESIAN_POINT('',(0.0790712200410643,0.0861023374421989,-0.0200416673900171));
#2894=CARTESIAN_POINT('',(0.0807827407249882,0.0854490537041389,-0.0201458340566838));
#2895=CARTESIAN_POINT('',(0.081072740753911,0.0836401914437284,-0.0202500007233504));
#2896=CARTESIAN_POINT('',(0.0813627407828337,0.0818313291833178,-0.0203541673900171));
#2897=CARTESIAN_POINT('',(0.0799412201278326,0.0806757506609671,-0.0204583340566837));
#2898=CARTESIAN_POINT('',(0.0785196994728315,0.0795201721386165,-0.0205625007233504));
#2899=CARTESIAN_POINT('',(0.0768081787889076,0.0801734558766764,-0.0206666673900171));
#2900=CARTESIAN_POINT('',(0.0750966581049836,0.0808267396147363,-0.0207708340566838));
#2901=CARTESIAN_POINT('',(0.0748066580760609,0.082635601875147,-0.0208750007233504));
#2902=CARTESIAN_POINT('',(0.0745166580471381,0.0844444641355575,-0.0209791673900171));
#2903=CARTESIAN_POINT('',(0.0759381787021392,0.0856000426579082,-0.0210833340566838));
#2904=CARTESIAN_POINT('',(0.0773596993571404,0.0867556211802589,-0.0211875007233504));
#2905=CARTESIAN_POINT('',(0.0790712200410643,0.0861023374421989,-0.0212916673900171));
#2906=CARTESIAN_POINT('',(0.0807827407249882,0.0854490537041389,-0.0213958340566838));
#2907=CARTESIAN_POINT('',(0.081072740753911,0.0836401914437284,-0.0215000007233505));
#2908=CARTESIAN_POINT('',(0.0800638726227123,0.0810194330218982,-0.0138578171656831));
#2909=CARTESIAN_POINT('',(0.0797835213047596,0.0807383261160285,-0.013884457539225));
#2910=CARTESIAN_POINT('',(0.0794396994565278,0.0805398204720686,-0.0139083340566838));
#2911=CARTESIAN_POINT('',(0.0779396994703751,0.0796737950442998,-0.0140125007233504));
#2912=CARTESIAN_POINT('',(0.0764396994565278,0.0805398204241001,-0.0141166673900171));
#2913=CARTESIAN_POINT('',(0.0749396994426805,0.0814058458039003,-0.0142208340566837));
#2914=CARTESIAN_POINT('',(0.0749396994149859,0.0831378966114692,-0.0143250007233504));
#2915=CARTESIAN_POINT('',(0.0749396993872913,0.084869947419038,-0.0144291673900171));
#2916=CARTESIAN_POINT('',(0.076439699373444,0.0857359728468067,-0.0145333340566838));
#2917=CARTESIAN_POINT('',(0.0779396993595967,0.0866019982745753,-0.0146375007233504));
#2918=CARTESIAN_POINT('',(0.079439699373444,0.0857359728947752,-0.0147416673900171));
#2919=CARTESIAN_POINT('',(0.0809396993872912,0.0848699475149749,-0.0148458340566838));
#2920=CARTESIAN_POINT('',(0.0809396994149859,0.0831378967074061,-0.0149500007233504));
#2921=CARTESIAN_POINT('',(0.0809396994426805,0.0814058458998373,-0.0150541673900171));
#2922=CARTESIAN_POINT('',(0.0794396994565278,0.0805398204720686,-0.0151583340566838));
#2923=CARTESIAN_POINT('',(0.0779396994703751,0.0796737950442998,-0.0152625007233504));
#2924=CARTESIAN_POINT('',(0.0764396994565278,0.0805398204241001,-0.0153666673900171));
#2925=CARTESIAN_POINT('',(0.0749396994426805,0.0814058458039003,-0.0154708340566838));
#2926=CARTESIAN_POINT('',(0.0749396994149859,0.0831378966114692,-0.0155750007233504));
#2927=CARTESIAN_POINT('',(0.0749396993872913,0.084869947419038,-0.0156791673900171));
#2928=CARTESIAN_POINT('',(0.076439699373444,0.0857359728468067,-0.0157833340566838));
#2929=CARTESIAN_POINT('',(0.0779396993595967,0.0866019982745753,-0.0158875007233504));
#2930=CARTESIAN_POINT('',(0.079439699373444,0.0857359728947752,-0.0159916673900171));
#2931=CARTESIAN_POINT('',(0.0809396993872912,0.0848699475149749,-0.0160958340566838));
#2932=CARTESIAN_POINT('',(0.0809396994149859,0.0831378967074061,-0.0162000007233504));
#2933=CARTESIAN_POINT('',(0.0809396994426805,0.0814058458998373,-0.0163041673900171));
#2934=CARTESIAN_POINT('',(0.0794396994565278,0.0805398204720686,-0.0164083340566838));
#2935=CARTESIAN_POINT('',(0.0779396994703751,0.0796737950442998,-0.0165125007233504));
#2936=CARTESIAN_POINT('',(0.0764396994565278,0.0805398204241001,-0.0166166673900171));
#2937=CARTESIAN_POINT('',(0.0749396994426805,0.0814058458039003,-0.0167208340566837));
#2938=CARTESIAN_POINT('',(0.0749396994149859,0.0831378966114692,-0.0168250007233504));
#2939=CARTESIAN_POINT('',(0.0749396993872913,0.084869947419038,-0.0169291673900171));
#2940=CARTESIAN_POINT('',(0.076439699373444,0.0857359728468067,-0.0170333340566838));
#2941=CARTESIAN_POINT('',(0.0779396993595967,0.0866019982745753,-0.0171375007233504));
#2942=CARTESIAN_POINT('',(0.079439699373444,0.0857359728947752,-0.0172416673900171));
#2943=CARTESIAN_POINT('',(0.0809396993872912,0.0848699475149749,-0.0173458340566838));
#2944=CARTESIAN_POINT('',(0.0809396994149859,0.0831378967074061,-0.0174500007233504));
#2945=CARTESIAN_POINT('',(0.0809396994426805,0.0814058458998373,-0.0175541673900171));
#2946=CARTESIAN_POINT('',(0.0794396994565278,0.0805398204720686,-0.0176583340566837));
#2947=CARTESIAN_POINT('',(0.0779396994703751,0.0796737950442998,-0.0177625007233504));
#2948=CARTESIAN_POINT('',(0.0764396994565278,0.0805398204241001,-0.0178666673900171));
#2949=CARTESIAN_POINT('',(0.0749396994426805,0.0814058458039003,-0.0179708340566838));
#2950=CARTESIAN_POINT('',(0.0749396994149859,0.0831378966114692,-0.0180750007233504));
#2951=CARTESIAN_POINT('',(0.0749396993872913,0.084869947419038,-0.0181791673900171));
#2952=CARTESIAN_POINT('',(0.076439699373444,0.0857359728468067,-0.0182833340566837));
#2953=CARTESIAN_POINT('',(0.0779396993595967,0.0866019982745753,-0.0183875007233504));
#2954=CARTESIAN_POINT('',(0.079439699373444,0.0857359728947752,-0.0184916673900171));
#2955=CARTESIAN_POINT('',(0.0809396993872912,0.0848699475149749,-0.0185958340566837));
#2956=CARTESIAN_POINT('',(0.0809396994149859,0.0831378967074061,-0.0187000007233504));
#2957=CARTESIAN_POINT('',(0.0809396994426805,0.0814058458998373,-0.0188041673900171));
#2958=CARTESIAN_POINT('',(0.0794396994565278,0.0805398204720686,-0.0189083340566838));
#2959=CARTESIAN_POINT('',(0.0779396994703751,0.0796737950442998,-0.0190125007233504));
#2960=CARTESIAN_POINT('',(0.0764396994565278,0.0805398204241001,-0.0191166673900171));
#2961=CARTESIAN_POINT('',(0.0749396994426805,0.0814058458039003,-0.0192208340566838));
#2962=CARTESIAN_POINT('',(0.0749396994149859,0.0831378966114692,-0.0193250007233504));
#2963=CARTESIAN_POINT('',(0.0749396993872913,0.084869947419038,-0.0194291673900171));
#2964=CARTESIAN_POINT('',(0.076439699373444,0.0857359728468067,-0.0195333340566838));
#2965=CARTESIAN_POINT('',(0.0779396993595967,0.0866019982745753,-0.0196375007233504));
#2966=CARTESIAN_POINT('',(0.079439699373444,0.0857359728947752,-0.0197416673900171));
#2967=CARTESIAN_POINT('',(0.0809396993872912,0.0848699475149749,-0.0198458340566837));
#2968=CARTESIAN_POINT('',(0.0809396994149859,0.0831378967074061,-0.0199500007233504));
#2969=CARTESIAN_POINT('',(0.0809396994426805,0.0814058458998373,-0.0200541673900171));
#2970=CARTESIAN_POINT('',(0.0794396994565278,0.0805398204720686,-0.0201583340566838));
#2971=CARTESIAN_POINT('',(0.0779396994703751,0.0796737950442998,-0.0202625007233504));
#2972=CARTESIAN_POINT('',(0.0764396994565278,0.0805398204241001,-0.0203666673900171));
#2973=CARTESIAN_POINT('',(0.0749396994426805,0.0814058458039003,-0.0204708340566838));
#2974=CARTESIAN_POINT('',(0.0749396994149859,0.0831378966114692,-0.0205750007233504));
#2975=CARTESIAN_POINT('',(0.0749396993872913,0.084869947419038,-0.0206791673900171));
#2976=CARTESIAN_POINT('',(0.076439699373444,0.0857359728468067,-0.0207833340566838));
#2977=CARTESIAN_POINT('',(0.0779396993595967,0.0866019982745753,-0.0208875007233504));
#2978=CARTESIAN_POINT('',(0.079439699373444,0.0857359728947752,-0.0209916673900171));
#2979=CARTESIAN_POINT('',(0.0809396993872912,0.0848699475149749,-0.0210958340566837));
#2980=CARTESIAN_POINT('',(0.0809396994149859,0.0831378967074061,-0.0212000007233504));
#2981=CARTESIAN_POINT('',(0.0800573870372622,0.0810156519544947,-0.0138534828341567));
#2982=CARTESIAN_POINT('',(0.0797765353438434,0.0807354033321454,-0.0138801232076986));
#2983=CARTESIAN_POINT('',(0.0794324536003386,0.0805378565837248,-0.0139039997251574));
#2984=CARTESIAN_POINT('',(0.0779313197627219,0.0796760145529774,-0.014008166391824));
#2985=CARTESIAN_POINT('',(0.0764343757512373,0.0805451135754603,-0.0141123330584907));
#2986=CARTESIAN_POINT('',(0.0749374317397527,0.081414212597943,-0.0142164997251574));
#2987=CARTESIAN_POINT('',(0.0749416215658846,0.0831451536511731,-0.014320666391824));
#2988=CARTESIAN_POINT('',(0.0749458113920166,0.0848760947044031,-0.0144248330584907));
#2989=CARTESIAN_POINT('',(0.0764469452296332,0.0857379367351505,-0.0145289997251574));
#2990=CARTESIAN_POINT('',(0.0779480790672499,0.0865997787658978,-0.014633166391824));
#2991=CARTESIAN_POINT('',(0.0794450230787345,0.085730679743415,-0.0147373330584907));
#2992=CARTESIAN_POINT('',(0.0809419670902191,0.0848615807209322,-0.0148414997251574));
#2993=CARTESIAN_POINT('',(0.0809377772640872,0.0831306396677022,-0.014945666391824));
#2994=CARTESIAN_POINT('',(0.0809335874379552,0.0813996986144722,-0.0150498330584907));
#2995=CARTESIAN_POINT('',(0.0794324536003386,0.0805378565837248,-0.0151539997251574));
#2996=CARTESIAN_POINT('',(0.0779313197627219,0.0796760145529774,-0.015258166391824));
#2997=CARTESIAN_POINT('',(0.0764343757512373,0.0805451135754603,-0.0153623330584907));
#2998=CARTESIAN_POINT('',(0.0749374317397527,0.081414212597943,-0.0154664997251574));
#2999=CARTESIAN_POINT('',(0.0749416215658846,0.0831451536511731,-0.0155706663918241));
#3000=CARTESIAN_POINT('',(0.0749458113920166,0.0848760947044031,-0.0156748330584907));
#3001=CARTESIAN_POINT('',(0.0764469452296332,0.0857379367351505,-0.0157789997251574));
#3002=CARTESIAN_POINT('',(0.0779480790672499,0.0865997787658978,-0.015883166391824));
#3003=CARTESIAN_POINT('',(0.0794450230787345,0.085730679743415,-0.0159873330584907));
#3004=CARTESIAN_POINT('',(0.0809419670902191,0.0848615807209322,-0.0160914997251574));
#3005=CARTESIAN_POINT('',(0.0809377772640872,0.0831306396677022,-0.0161956663918241));
#3006=CARTESIAN_POINT('',(0.0809335874379552,0.0813996986144722,-0.0162998330584907));
#3007=CARTESIAN_POINT('',(0.0794324536003386,0.0805378565837248,-0.0164039997251574));
#3008=CARTESIAN_POINT('',(0.0779313197627219,0.0796760145529774,-0.0165081663918241));
#3009=CARTESIAN_POINT('',(0.0764343757512373,0.0805451135754603,-0.0166123330584907));
#3010=CARTESIAN_POINT('',(0.0749374317397527,0.081414212597943,-0.0167164997251574));
#3011=CARTESIAN_POINT('',(0.0749416215658846,0.0831451536511731,-0.0168206663918241));
#3012=CARTESIAN_POINT('',(0.0749458113920166,0.0848760947044031,-0.0169248330584907));
#3013=CARTESIAN_POINT('',(0.0764469452296332,0.0857379367351505,-0.0170289997251574));
#3014=CARTESIAN_POINT('',(0.0779480790672499,0.0865997787658978,-0.017133166391824));
#3015=CARTESIAN_POINT('',(0.0794450230787345,0.085730679743415,-0.0172373330584907));
#3016=CARTESIAN_POINT('',(0.0809419670902191,0.0848615807209322,-0.0173414997251574));
#3017=CARTESIAN_POINT('',(0.0809377772640872,0.0831306396677022,-0.0174456663918241));
#3018=CARTESIAN_POINT('',(0.0809335874379552,0.0813996986144722,-0.0175498330584907));
#3019=CARTESIAN_POINT('',(0.0794324536003386,0.0805378565837248,-0.0176539997251574));
#3020=CARTESIAN_POINT('',(0.0779313197627219,0.0796760145529774,-0.0177581663918241));
#3021=CARTESIAN_POINT('',(0.0764343757512373,0.0805451135754603,-0.0178623330584907));
#3022=CARTESIAN_POINT('',(0.0749374317397527,0.081414212597943,-0.0179664997251574));
#3023=CARTESIAN_POINT('',(0.0749416215658846,0.0831451536511731,-0.0180706663918241));
#3024=CARTESIAN_POINT('',(0.0749458113920166,0.0848760947044031,-0.0181748330584907));
#3025=CARTESIAN_POINT('',(0.0764469452296332,0.0857379367351505,-0.0182789997251574));
#3026=CARTESIAN_POINT('',(0.0779480790672499,0.0865997787658978,-0.018383166391824));
#3027=CARTESIAN_POINT('',(0.0794450230787345,0.085730679743415,-0.0184873330584907));
#3028=CARTESIAN_POINT('',(0.0809419670902191,0.0848615807209322,-0.0185914997251573));
#3029=CARTESIAN_POINT('',(0.0809377772640872,0.0831306396677022,-0.0186956663918241));
#3030=CARTESIAN_POINT('',(0.0809335874379552,0.0813996986144722,-0.0187998330584907));
#3031=CARTESIAN_POINT('',(0.0794324536003386,0.0805378565837248,-0.0189039997251574));
#3032=CARTESIAN_POINT('',(0.0779313197627219,0.0796760145529774,-0.0190081663918241));
#3033=CARTESIAN_POINT('',(0.0764343757512373,0.0805451135754603,-0.0191123330584907));
#3034=CARTESIAN_POINT('',(0.0749374317397527,0.081414212597943,-0.0192164997251574));
#3035=CARTESIAN_POINT('',(0.0749416215658846,0.0831451536511731,-0.0193206663918241));
#3036=CARTESIAN_POINT('',(0.0749458113920166,0.0848760947044031,-0.0194248330584907));
#3037=CARTESIAN_POINT('',(0.0764469452296332,0.0857379367351505,-0.0195289997251574));
#3038=CARTESIAN_POINT('',(0.0779480790672499,0.0865997787658978,-0.019633166391824));
#3039=CARTESIAN_POINT('',(0.0794450230787345,0.085730679743415,-0.0197373330584907));
#3040=CARTESIAN_POINT('',(0.0809419670902191,0.0848615807209322,-0.0198414997251573));
#3041=CARTESIAN_POINT('',(0.0809377772640872,0.0831306396677022,-0.0199456663918241));
#3042=CARTESIAN_POINT('',(0.0809335874379552,0.0813996986144722,-0.0200498330584907));
#3043=CARTESIAN_POINT('',(0.0794324536003386,0.0805378565837248,-0.0201539997251574));
#3044=CARTESIAN_POINT('',(0.0779313197627219,0.0796760145529774,-0.0202581663918241));
#3045=CARTESIAN_POINT('',(0.0764343757512373,0.0805451135754603,-0.0203623330584907));
#3046=CARTESIAN_POINT('',(0.0749374317397527,0.081414212597943,-0.0204664997251574));
#3047=CARTESIAN_POINT('',(0.0749416215658846,0.0831451536511731,-0.0205706663918241));
#3048=CARTESIAN_POINT('',(0.0749458113920166,0.0848760947044031,-0.0206748330584907));
#3049=CARTESIAN_POINT('',(0.0764469452296332,0.0857379367351505,-0.0207789997251574));
#3050=CARTESIAN_POINT('',(0.0779480790672499,0.0865997787658978,-0.020883166391824));
#3051=CARTESIAN_POINT('',(0.0794450230787345,0.085730679743415,-0.0209873330584907));
#3052=CARTESIAN_POINT('',(0.0809419670902191,0.0848615807209322,-0.0210914997251573));
#3053=CARTESIAN_POINT('',(0.0809377772640872,0.0831306396677022,-0.0211956663918241));
#3054=CARTESIAN_POINT('',(0.075504685836248,0.0813855528371922,-0.0142009018841694));
#3055=CARTESIAN_POINT('',(0.0751835934130534,0.0818317349166352,-0.0142373555224994));
#3056=CARTESIAN_POINT('',(0.0747934997714151,0.0829042813867338,-0.0143102627991594));
#3057=CARTESIAN_POINT('',(0.0751349263864416,0.0845825560904789,-0.0144196237141494));
#3058=CARTESIAN_POINT('',(0.0763028870854947,0.0858350016506432,-0.0145289846291395));
#3059=CARTESIAN_POINT('',(0.0779530953845168,0.086292801452259,-0.0146383455441295));
#3060=CARTESIAN_POINT('',(0.0795993652199086,0.0858210101998539,-0.0147477064591195));
#3061=CARTESIAN_POINT('',(0.0807566193730089,0.0845586543072335,-0.0148570673741095));
#3062=CARTESIAN_POINT('',(0.0810838808165862,0.08287767743787,-0.0149664282890996));
#3063=CARTESIAN_POINT('',(0.0804847225935198,0.0812733732707411,-0.0150757892040896));
#3064=CARTESIAN_POINT('',(0.0791356843021658,0.0802184428239393,-0.0151851501190796));
#3065=CARTESIAN_POINT('',(0.0774342542056234,0.0800237168858598,-0.0152945110340696));
#3066=CARTESIAN_POINT('',(0.075881751365155,0.0807465705941196,-0.0154038719490596));
#3067=CARTESIAN_POINT('',(0.0749356140486735,0.0821740182240865,-0.0155132328640497));
#3068=CARTESIAN_POINT('',(0.0748746175404978,0.0838854684811983,-0.0156225937790397));
#3069=CARTESIAN_POINT('',(0.0757167341986278,0.0853766499225257,-0.0157319546940297));
#3070=CARTESIAN_POINT('',(0.0772138379786449,0.0862081923620239,-0.0158413156090197));
#3071=CARTESIAN_POINT('',(0.078924813703017,0.0861350854031795,-0.0159506765240098));
#3072=CARTESIAN_POINT('',(0.0803455297474442,0.085178869696378,-0.0160600374389998));
#3073=CARTESIAN_POINT('',(0.0810573782515381,0.083621290079137,-0.0161693983539898));
#3074=CARTESIAN_POINT('',(0.080850616121042,0.0819212806738047,-0.0162787592689798));
#3075=CARTESIAN_POINT('',(0.0797861649267338,0.0805797419260371,-0.0163881201839699));
#3076=CARTESIAN_POINT('',(0.0781776606261182,0.0799919524469491,-0.0164974810989599));
#3077=CARTESIAN_POINT('',(0.0764990420800571,0.0803311018736705,-0.0166068420139499));
#3078=CARTESIAN_POINT('',(0.0752449070096991,0.0814972612890696,-0.01671620292894));
#3079=CARTESIAN_POINT('',(0.0747847809092473,0.0831468268465752,-0.01682556384393));
#3080=CARTESIAN_POINT('',(0.0752542379514393,0.0847937611629224,-0.01693492475892));
#3081=CARTESIAN_POINT('',(0.0765149546417623,0.0859528021387151,-0.01704428567391));
#3082=CARTESIAN_POINT('',(0.0781954662400519,0.0862824433449379,-0.0171536465889));
#3083=CARTESIAN_POINT('',(0.0798006172454779,0.085685557420656,-0.0172630075038901));
#3084=CARTESIAN_POINT('',(0.0808574568311558,0.084338014231378,-0.0173723684188801));
#3085=CARTESIAN_POINT('',(0.0810545917672646,0.0826368615710353,-0.0174817293338701));
#3086=CARTESIAN_POINT('',(0.080333937094367,0.0810833367404462,-0.0175910902488601));
#3087=CARTESIAN_POINT('',(0.0789078306064108,0.0801351791365454,-0.0177004511638502));
#3088=CARTESIAN_POINT('',(0.0771964684347407,0.0800717593115523,-0.0178098120788402));
#3089=CARTESIAN_POINT('',(0.0757040960686931,0.0809117636436144,-0.0179191729938302));
#3090=CARTESIAN_POINT('',(0.0748704345950416,0.0824076884760091,-0.0180285339088202));
#3091=CARTESIAN_POINT('',(0.0749411187746107,0.0841187660030617,-0.0181378948238103));
#3092=CARTESIAN_POINT('',(0.0758953218184804,0.0855408346047456,-0.0182472557388003));
#3093=CARTESIAN_POINT('',(0.0774518919115951,0.0862548878955065,-0.0183566166537903));
#3094=CARTESIAN_POINT('',(0.0791521923835398,0.0860505331501969,-0.0184659775687803));
#3095=CARTESIAN_POINT('',(0.0804952370271352,0.0849879826139232,-0.0185753384837704));
#3096=CARTESIAN_POINT('',(0.0810853035255502,0.0833803122234906,-0.0186846993987604));
#3097=CARTESIAN_POINT('',(0.0807485313277223,0.081701215131719,-0.0187940603137504));
#3098=CARTESIAN_POINT('',(0.0795841489105335,0.0804454300611885,-0.0189034212287404));
#3099=CARTESIAN_POINT('',(0.0779352365356897,0.0799829686715428,-0.0190127821437305));
#3100=CARTESIAN_POINT('',(0.0762876391289994,0.0804500932184175,-0.0191221430587205));
#3101=CARTESIAN_POINT('',(0.0751268141665706,0.0817091674669937,-0.0192315039737105));
#3102=CARTESIAN_POINT('',(0.0747947937213939,0.0833892106154902,-0.0193408648887005));
#3103=CARTESIAN_POINT('',(0.075389406186909,0.0849952051897903,-0.0194502258036906));
#3104=CARTESIAN_POINT('',(0.0767354515624363,0.0860539518090733,-0.0195595867186806));
#3105=CARTESIAN_POINT('',(0.0784363233784121,0.0862534953442936,-0.0196689476336706));
#3106=CARTESIAN_POINT('',(0.0799908670835998,0.0855350411526293,-0.0197783085486606));
#3107=CARTESIAN_POINT('',(0.0809410430740555,0.0841102786658479,-0.0198876694636507));
#3108=CARTESIAN_POINT('',(0.0810068860886586,0.0823990080106433,-0.0199970303786407));
#3109=CARTESIAN_POINT('',(0.0801689957668849,0.0809054477132714,-0.0201063912936307));
#3110=CARTESIAN_POINT('',(0.0786742528814354,0.0800696688724414,-0.0202157522086207));
#3111=CARTESIAN_POINT('',(0.0769630769824104,0.080137930147881,-0.0203251131236107));
#3112=CARTESIAN_POINT('',(0.0755396586747143,0.081090118552689,-0.0204344740386008));
#3113=CARTESIAN_POINT('',(0.0748234020289615,0.082645676235709,-0.0205438349535908));
#3114=CARTESIAN_POINT('',(0.0750253489793551,0.0843462634883156,-0.0206531958685808));
#3115=CARTESIAN_POINT('',(0.0760859967271779,0.0856908146073905,-0.0207625567835709));
#3116=CARTESIAN_POINT('',(0.0776928299840687,0.086283144729088,-0.0208719176985609));
#3117=CARTESIAN_POINT('',(0.0793724022549003,0.0859487960147771,-0.0209812786135509));
#3118=CARTESIAN_POINT('',(0.0806298348079961,0.0847860228257611,-0.0210906395285409));
#3119=CARTESIAN_POINT('',(0.0809396986418044,0.0836876087944117,-0.0211635468052009));
#3120=CARTESIAN_POINT('',(0.0809396994149829,0.0831379008790162,-0.0212000004435309));
#3121=CARTESIAN_POINT('',(0.0779396994149859,0.0831378966594377,-0.0212));
#3122=CARTESIAN_POINT('',(-0.107060300585014,0.0181378966594376,-0.0182));
#3123=CARTESIAN_POINT('',(-0.107060300585014,-0.0538621033405624,-0.0182));
#3124=CARTESIAN_POINT('',(-0.107060300585014,0.0901378966594377,-0.0182));
#3125=CARTESIAN_POINT('',(-0.0110603005850141,0.0901378966594377,-0.0182));
#3126=CARTESIAN_POINT('',(0.0849396994149859,0.0901378966594377,-0.0182));
#3127=CARTESIAN_POINT('',(-0.0110603005850141,-0.0538621033405624,-0.0182));
#3128=CARTESIAN_POINT('',(0.0849396994149859,-0.0538621033405624,-0.0182));
#3129=CARTESIAN_POINT('',(0.0849396994149859,0.0282624670875389,-0.0182));
#3130=CARTESIAN_POINT('',(-0.0110603005850141,0.0931378966594377,-0.0152));
#3131=MECHANICAL_DESIGN_GEOMETRIC_PRESENTATION_REPRESENTATION('',(#424),
#3132);
#3132=(
GEOMETRIC_REPRESENTATION_CONTEXT(3)
GLOBAL_UNCERTAINTY_ASSIGNED_CONTEXT((#3133))
GLOBAL_UNIT_ASSIGNED_CONTEXT((#3136,#3135,#3134))
REPRESENTATION_CONTEXT('Part 1','TOP_LEVEL_ASSEMBLY_PART')
);
#3133=UNCERTAINTY_MEASURE_WITH_UNIT(LENGTH_MEASURE(2.E-5),#3136,
'DISTANCE_ACCURACY_VALUE','Maximum Tolerance applied to model');
#3134=(
NAMED_UNIT(*)
SI_UNIT($,.STERADIAN.)
SOLID_ANGLE_UNIT()
);
#3135=(
NAMED_UNIT(*)
PLANE_ANGLE_UNIT()
SI_UNIT($,.RADIAN.)
);
#3136=(
LENGTH_UNIT()
NAMED_UNIT(*)
SI_UNIT($,.METRE.)
);
#3137=PRODUCT_DEFINITION_SHAPE('','',#3138);
#3138=PRODUCT_DEFINITION('','',#3140,#3139);
#3139=PRODUCT_DEFINITION_CONTEXT('',#3146,'design');
#3140=PRODUCT_DEFINITION_FORMATION_WITH_SPECIFIED_SOURCE('','',#3142,
 .NOT_KNOWN.);
#3141=PRODUCT_RELATED_PRODUCT_CATEGORY('','',(#3142));
#3142=PRODUCT('Part 1','Part 1','Part 1',(#3144));
#3143=PRODUCT_CATEGORY('','');
#3144=PRODUCT_CONTEXT('',#3146,'mechanical');
#3145=APPLICATION_PROTOCOL_DEFINITION('international standard',
'ap242_managed_model_based_3d_engineering',2020,#3146);
#3146=APPLICATION_CONTEXT('managed model based 3d engineering');
ENDSEC;
END-ISO-10303-21;
