ISO-10303-21;
HEADER;
/* Generated by software containing ST-Developer
 * from STEP Tools, Inc. (www.steptools.com) 
 */
/* OPTION: using custom renumber hook */

FILE_DESCRIPTION(
/* description */ ('STEP AP242 Edition 2',
'CAx-IF Rec.Pracs.---Representation and Presentation of Product Manufa
cturing Information (PMI)---4.0---2014-10-13',
'CAx-IF Rec.Pracs.---3D Tessellated Geometry---0.4---2014-09-14','2;1',
'CAx-IF Rec.Pracs.---User Defined Attributes---1.5---2016-08-15'),
/* implementation_level */ '2;1');

FILE_NAME(
/* name */ 'Part Studio 1 - Part 2',
/* time_stamp */ '2026-07-08T16:16:49Z',
/* author */ (''),
/* organization */ (''),
/* preprocessor_version */ 'ST-DEVELOPER v20',
/* originating_system */ 'ONSHAPE BY PTC INC, 1.217',
/* authorisation */ '  ');

FILE_SCHEMA (('AP242_MANAGED_MODEL_BASED_3D_ENGINEERING_MIM_LF { 1 0 10303 442 3 1 4 }'));
ENDSEC;

DATA;
#10=SHAPE_REPRESENTATION_RELATIONSHIP('','',#2350,#11);
#11=ADVANCED_BREP_SHAPE_REPRESENTATION('',(#2348),#5444);
#12=TOROIDAL_SURFACE('',#2499,0.004,0.001);
#13=TOROIDAL_SURFACE('',#2503,0.004,0.001);
#14=TOROIDAL_SURFACE('',#2507,0.004,0.001);
#15=CONICAL_SURFACE('',#2475,0.002,0.785398163397449);
#16=CONICAL_SURFACE('',#2492,0.002,0.785398163397449);
#17=CONICAL_SURFACE('',#2542,0.002,0.785398163397448);
#18=ELLIPSE('',#2439,0.005,0.003);
#19=ELLIPSE('',#2446,0.005,0.003);
#20=ELLIPSE('',#2463,0.00424264068711928,0.003);
#21=ELLIPSE('',#2465,0.00424264068711928,0.003);
#22=ELLIPSE('',#2468,0.00424264068711928,0.003);
#23=ELLIPSE('',#2470,0.00424264068711928,0.003);
#24=ELLIPSE('',#2474,0.00141421356237309,0.001);
#25=ELLIPSE('',#2479,0.00141421356237309,0.001);
#26=ELLIPSE('',#2481,0.00141421356237309,0.001);
#27=ELLIPSE('',#2484,0.00141421356237309,0.001);
#28=ELLIPSE('',#2486,0.00141421356237309,0.001);
#29=ELLIPSE('',#2489,0.00141421356237309,0.001);
#30=ELLIPSE('',#2491,0.0014142135623731,0.001);
#31=ELLIPSE('',#2509,0.00141421356237309,0.001);
#32=ELLIPSE('',#2511,0.00141421356237309,0.001);
#33=ELLIPSE('',#2514,0.00141421356237309,0.001);
#34=ELLIPSE('',#2516,0.00141421356237309,0.001);
#35=ELLIPSE('',#2518,0.00141421356237309,0.001);
#36=ELLIPSE('',#2520,0.00141421356237309,0.001);
#37=ELLIPSE('',#2523,0.00141421356237309,0.001);
#38=ELLIPSE('',#2524,0.00141421356237309,0.001);
#39=ELLIPSE('',#2526,0.00141421356237309,0.001);
#40=ELLIPSE('',#2528,0.00141421356237309,0.001);
#41=SPHERICAL_SURFACE('',#2434,0.003);
#42=SPHERICAL_SURFACE('',#2436,0.003);
#43=SPHERICAL_SURFACE('',#2450,0.003);
#44=SPHERICAL_SURFACE('',#2452,0.003);
#45=SPHERICAL_SURFACE('',#2458,0.003);
#46=(
BOUNDED_SURFACE()
B_SPLINE_SURFACE(1,2,((#3839,#3840,#3841,#3842,#3843,#3844,#3845,#3846,
#3847,#3848,#3849,#3850,#3851,#3852,#3853,#3854,#3855,#3856,#3857,#3858,
#3859,#3860,#3861,#3862,#3863,#3864,#3865,#3866,#3867),(#3868,#3869,#3870,
#3871,#3872,#3873,#3874,#3875,#3876,#3877,#3878,#3879,#3880,#3881,#3882,
#3883,#3884,#3885,#3886,#3887,#3888,#3889,#3890,#3891,#3892,#3893,#3894,
#3895,#3896)),.UNSPECIFIED.,.F.,.F.,.F.)
B_SPLINE_SURFACE_WITH_KNOTS((2,2),(3,2,2,2,2,2,2,2,2,2,2,2,2,2,3),(0.,1.),
(0.728491801250097,0.729166666666667,0.75,0.770833333333333,0.791666666666667,
0.8125,0.833333333333333,0.854166666666667,0.875,0.895833333333333,0.916666666666667,
0.9375,0.958333333333333,0.979166666666667,1.),.PIECEWISE_BEZIER_KNOTS.)
GEOMETRIC_REPRESENTATION_ITEM()
RATIONAL_B_SPLINE_SURFACE(((0.99160134730793,0.995660088559129,1.,0.866025403784439,
1.,0.866025403784439,1.,0.866025403784439,1.,0.866025403784439,1.,0.866025403784439,
1.,0.866025403784439,1.,0.866025403784439,1.,0.866025403784439,1.,0.866025403784439,
1.,0.866025403784439,1.,0.866025403784439,1.,0.866025403784439,1.,0.866025403784439,
1.),(0.99160134730793,0.995660088559129,1.,0.866025403784439,1.,0.866025403784439,
1.,0.866025403784439,1.,0.866025403784439,1.,0.866025403784439,1.,0.866025403784439,
1.,0.866025403784439,1.,0.866025403784439,1.,0.866025403784439,1.,0.866025403784439,
1.,0.866025403784439,1.,0.866025403784439,1.,0.866025403784439,1.)))
REPRESENTATION_ITEM('')
SURFACE()
);
#47=(
BOUNDED_SURFACE()
B_SPLINE_SURFACE(1,2,((#4002,#4003,#4004,#4005,#4006,#4007,#4008,#4009,
#4010,#4011,#4012,#4013,#4014,#4015,#4016,#4017,#4018,#4019,#4020,#4021,
#4022,#4023,#4024,#4025,#4026,#4027,#4028,#4029,#4030,#4031,#4032),(#4033,
#4034,#4035,#4036,#4037,#4038,#4039,#4040,#4041,#4042,#4043,#4044,#4045,
#4046,#4047,#4048,#4049,#4050,#4051,#4052,#4053,#4054,#4055,#4056,#4057,
#4058,#4059,#4060,#4061,#4062,#4063)),.UNSPECIFIED.,.F.,.F.,.F.)
B_SPLINE_SURFACE_WITH_KNOTS((2,2),(3,2,2,2,2,2,2,2,2,2,2,2,2,2,2,3),(0.,
1.),(0.69806451898233,0.708333333333333,0.729166666666667,0.75,0.770833333333333,
0.791666666666667,0.8125,0.833333333333333,0.854166666666667,0.875,0.895833333333333,
0.916666666666667,0.9375,0.958333333333333,0.979166666666667,1.),
 .PIECEWISE_BEZIER_KNOTS.)
GEOMETRIC_REPRESENTATION_ITEM()
RATIONAL_B_SPLINE_SURFACE(((0.933026197460874,0.933963507698165,1.,0.866025403784439,
1.,0.866025403784439,1.,0.866025403784439,1.,0.866025403784439,1.,0.866025403784439,
1.,0.866025403784439,1.,0.866025403784439,1.,0.866025403784439,1.,0.866025403784439,
1.,0.866025403784439,1.,0.866025403784439,1.,0.866025403784439,1.,0.866025403784439,
1.,0.866025403784439,1.),(0.933026197460874,0.933963507698165,1.,0.866025403784439,
1.,0.866025403784439,1.,0.866025403784439,1.,0.866025403784439,1.,0.866025403784439,
1.,0.866025403784439,1.,0.866025403784439,1.,0.866025403784439,1.,0.866025403784439,
1.,0.866025403784439,1.,0.866025403784439,1.,0.866025403784439,1.,0.866025403784439,
1.,0.866025403784439,1.)))
REPRESENTATION_ITEM('')
SURFACE()
);
#48=(
BOUNDED_SURFACE()
B_SPLINE_SURFACE(1,2,((#4070,#4071,#4072,#4073,#4074,#4075,#4076,#4077,
#4078,#4079,#4080,#4081,#4082,#4083,#4084,#4085,#4086,#4087,#4088,#4089,
#4090,#4091,#4092,#4093,#4094,#4095,#4096,#4097,#4098,#4099,#4100),(#4101,
#4102,#4103,#4104,#4105,#4106,#4107,#4108,#4109,#4110,#4111,#4112,#4113,
#4114,#4115,#4116,#4117,#4118,#4119,#4120,#4121,#4122,#4123,#4124,#4125,
#4126,#4127,#4128,#4129,#4130,#4131)),.UNSPECIFIED.,.F.,.F.,.F.)
B_SPLINE_SURFACE_WITH_KNOTS((2,2),(3,2,2,2,2,2,2,2,2,2,2,2,2,2,2,3),(0.,
1.),(0.698064518982329,0.708333333333333,0.729166666666667,0.75,0.770833333333333,
0.791666666666667,0.8125,0.833333333333333,0.854166666666667,0.875,0.895833333333333,
0.916666666666667,0.9375,0.958333333333333,0.979166666666667,1.),
 .PIECEWISE_BEZIER_KNOTS.)
GEOMETRIC_REPRESENTATION_ITEM()
RATIONAL_B_SPLINE_SURFACE(((0.933026197460874,0.933963507698162,1.,0.866025403784439,
1.,0.866025403784439,1.,0.866025403784439,1.,0.866025403784439,1.,0.866025403784439,
1.,0.866025403784439,1.,0.866025403784439,1.,0.866025403784439,1.,0.866025403784439,
1.,0.866025403784439,1.,0.866025403784439,1.,0.866025403784439,1.,0.866025403784439,
1.,0.866025403784439,1.),(0.933026197460874,0.933963507698162,1.,0.866025403784439,
1.,0.866025403784439,1.,0.866025403784439,1.,0.866025403784439,1.,0.866025403784439,
1.,0.866025403784439,1.,0.866025403784439,1.,0.866025403784439,1.,0.866025403784439,
1.,0.866025403784439,1.,0.866025403784439,1.,0.866025403784439,1.,0.866025403784439,
1.,0.866025403784439,1.)))
REPRESENTATION_ITEM('')
SURFACE()
);
#49=(
BOUNDED_SURFACE()
B_SPLINE_SURFACE(1,2,((#4237,#4238,#4239,#4240,#4241,#4242,#4243,#4244,
#4245,#4246,#4247,#4248,#4249,#4250,#4251,#4252,#4253,#4254,#4255,#4256,
#4257,#4258,#4259,#4260,#4261,#4262,#4263,#4264,#4265),(#4266,#4267,#4268,
#4269,#4270,#4271,#4272,#4273,#4274,#4275,#4276,#4277,#4278,#4279,#4280,
#4281,#4282,#4283,#4284,#4285,#4286,#4287,#4288,#4289,#4290,#4291,#4292,
#4293,#4294)),.UNSPECIFIED.,.F.,.F.,.F.)
B_SPLINE_SURFACE_WITH_KNOTS((2,2),(3,2,2,2,2,2,2,2,2,2,2,2,2,2,3),(0.,1.),
(0.728491801250109,0.729166666666667,0.75,0.770833333333333,0.791666666666667,
0.8125,0.833333333333333,0.854166666666667,0.875,0.895833333333333,0.916666666666667,
0.9375,0.958333333333333,0.979166666666667,1.),.PIECEWISE_BEZIER_KNOTS.)
GEOMETRIC_REPRESENTATION_ITEM()
RATIONAL_B_SPLINE_SURFACE(((0.991601347308072,0.995660088559205,1.,0.866025403784439,
1.,0.866025403784439,1.,0.866025403784439,1.,0.866025403784439,1.,0.866025403784439,
1.,0.866025403784439,1.,0.866025403784439,1.,0.866025403784439,1.,0.866025403784439,
1.,0.866025403784439,1.,0.866025403784439,1.,0.866025403784439,1.,0.866025403784439,
1.),(0.991601347308072,0.995660088559205,1.,0.866025403784439,1.,0.866025403784439,
1.,0.866025403784439,1.,0.866025403784439,1.,0.866025403784439,1.,0.866025403784439,
1.,0.866025403784439,1.,0.866025403784439,1.,0.866025403784439,1.,0.866025403784439,
1.,0.866025403784439,1.,0.866025403784439,1.,0.866025403784439,1.)))
REPRESENTATION_ITEM('')
SURFACE()
);
#50=(
BOUNDED_SURFACE()
B_SPLINE_SURFACE(1,2,((#4301,#4302,#4303,#4304,#4305,#4306,#4307,#4308,
#4309,#4310,#4311,#4312,#4313,#4314,#4315,#4316,#4317,#4318,#4319,#4320,
#4321,#4322,#4323,#4324,#4325,#4326,#4327,#4328,#4329),(#4330,#4331,#4332,
#4333,#4334,#4335,#4336,#4337,#4338,#4339,#4340,#4341,#4342,#4343,#4344,
#4345,#4346,#4347,#4348,#4349,#4350,#4351,#4352,#4353,#4354,#4355,#4356,
#4357,#4358)),.UNSPECIFIED.,.F.,.F.,.F.)
B_SPLINE_SURFACE_WITH_KNOTS((2,2),(3,2,2,2,2,2,2,2,2,2,2,2,2,2,3),(0.,1.),
(0.,0.0208333333333333,0.0416666666666667,0.0625,0.0833333333333333,0.104166666666667,
0.125,0.145833333333333,0.166666666666667,0.1875,0.208333333333334,0.229166666666666,
0.25,0.270833333333334,0.271508117745808),.PIECEWISE_BEZIER_KNOTS.)
GEOMETRIC_REPRESENTATION_ITEM()
RATIONAL_B_SPLINE_SURFACE(((1.,0.866025403784439,1.,0.866025403784439,1.,
0.866025403784439,1.,0.866025403784439,1.,0.866025403784439,1.,0.866025403784439,
1.,0.866025403784439,1.,0.866025403784439,1.,0.866025403784439,1.,0.866025403784439,
1.,0.866025403784439,1.,0.866025403784439,1.,0.866025403784439,1.,0.995660609478698,
0.991602321653404),(1.,0.866025403784439,1.,0.866025403784439,1.,0.866025403784439,
1.,0.866025403784439,1.,0.866025403784439,1.,0.866025403784439,1.,0.866025403784439,
1.,0.866025403784439,1.,0.866025403784439,1.,0.866025403784439,1.,0.866025403784439,
1.,0.866025403784439,1.,0.866025403784439,1.,0.995660609478698,0.991602321653404)))
REPRESENTATION_ITEM('')
SURFACE()
);
#51=(
BOUNDED_SURFACE()
B_SPLINE_SURFACE(1,2,((#4464,#4465,#4466,#4467,#4468,#4469,#4470,#4471,
#4472,#4473,#4474,#4475,#4476,#4477,#4478,#4479,#4480,#4481,#4482,#4483,
#4484,#4485,#4486,#4487,#4488,#4489,#4490,#4491,#4492,#4493,#4494),(#4495,
#4496,#4497,#4498,#4499,#4500,#4501,#4502,#4503,#4504,#4505,#4506,#4507,
#4508,#4509,#4510,#4511,#4512,#4513,#4514,#4515,#4516,#4517,#4518,#4519,
#4520,#4521,#4522,#4523,#4524,#4525),(#4526,#4527,#4528,#4529,#4530,#4531,
#4532,#4533,#4534,#4535,#4536,#4537,#4538,#4539,#4540,#4541,#4542,#4543,
#4544,#4545,#4546,#4547,#4548,#4549,#4550,#4551,#4552,#4553,#4554,#4555,
#4556)),.RULED_SURF.,.F.,.F.,.F.)
B_SPLINE_SURFACE_WITH_KNOTS((2,1,2),(3,2,2,2,2,2,2,2,2,2,2,2,2,2,2,3),(0.,
1.,1.01398112802498),(0.,0.0208333333333333,0.0416666666666667,0.0625,0.0833333333333333,
0.104166666666667,0.125,0.145833333333333,0.166666666666667,0.1875,0.208333333333334,
0.229166666666666,0.25,0.270833333333334,0.291666666666667,0.301855107642321),
 .PIECEWISE_BEZIER_KNOTS.)
GEOMETRIC_REPRESENTATION_ITEM()
RATIONAL_B_SPLINE_SURFACE(((1.,0.866025403784439,1.,0.866025403784439,1.,
0.866025403784439,1.,0.866025403784439,1.,0.866025403784439,1.,0.866025403784439,
1.,0.866025403784439,1.,0.866025403784439,1.,0.866025403784439,1.,0.866025403784439,
1.,0.866025403784439,1.,0.866025403784439,1.,0.866025403784439,1.,0.866025403784439,
1.,0.934480371242592,0.93304485803798),(1.,0.866025403784439,1.,0.866025403784439,
1.,0.866025403784439,1.,0.866025403784439,1.,0.866025403784439,1.,0.866025403784439,
1.,0.866025403784439,1.,0.866025403784439,1.,0.866025403784439,1.,0.866025403784439,
1.,0.866025403784439,1.,0.866025403784439,1.,0.866025403784439,1.,0.866025403784439,
1.,0.934480371242592,0.93304485803798),(1.,0.866025403784439,1.,0.866025403784439,
1.,0.866025403784439,1.,0.866025403784439,1.,0.866025403784439,1.,0.866025403784439,
1.,0.866025403784439,1.,0.866025403784439,1.,0.866025403784439,1.,0.866025403784439,
1.,0.866025403784439,1.,0.866025403784439,1.,0.866025403784439,1.,0.866025403784439,
1.,0.934480371242592,0.93304485803798)))
REPRESENTATION_ITEM('')
SURFACE()
);
#52=(
BOUNDED_SURFACE()
B_SPLINE_SURFACE(1,2,((#4563,#4564,#4565,#4566,#4567,#4568,#4569,#4570,
#4571,#4572,#4573,#4574,#4575,#4576,#4577,#4578,#4579,#4580,#4581,#4582,
#4583,#4584,#4585,#4586,#4587,#4588,#4589,#4590,#4591,#4592,#4593),(#4594,
#4595,#4596,#4597,#4598,#4599,#4600,#4601,#4602,#4603,#4604,#4605,#4606,
#4607,#4608,#4609,#4610,#4611,#4612,#4613,#4614,#4615,#4616,#4617,#4618,
#4619,#4620,#4621,#4622,#4623,#4624),(#4625,#4626,#4627,#4628,#4629,#4630,
#4631,#4632,#4633,#4634,#4635,#4636,#4637,#4638,#4639,#4640,#4641,#4642,
#4643,#4644,#4645,#4646,#4647,#4648,#4649,#4650,#4651,#4652,#4653,#4654,
#4655)),.RULED_SURF.,.F.,.F.,.F.)
B_SPLINE_SURFACE_WITH_KNOTS((2,1,2),(3,2,2,2,2,2,2,2,2,2,2,2,2,2,2,3),(0.,
1.,1.01398112792218),(0.,0.0208333333333333,0.0416666666666667,0.0625,0.0833333333333333,
0.104166666666667,0.125,0.145833333333333,0.166666666666667,0.1875,0.208333333333334,
0.229166666666666,0.25,0.270833333333334,0.291666666666667,0.301855107642321),
 .PIECEWISE_BEZIER_KNOTS.)
GEOMETRIC_REPRESENTATION_ITEM()
RATIONAL_B_SPLINE_SURFACE(((1.,0.866025403784439,1.,0.866025403784439,1.,
0.866025403784439,1.,0.866025403784439,1.,0.866025403784439,1.,0.866025403784439,
1.,0.866025403784439,1.,0.866025403784439,1.,0.866025403784439,1.,0.866025403784439,
1.,0.866025403784439,1.,0.866025403784439,1.,0.866025403784439,1.,0.866025403784439,
1.,0.934480371242591,0.93304485803798),(1.,0.866025403784439,1.,0.866025403784439,
1.,0.866025403784439,1.,0.866025403784439,1.,0.866025403784439,1.,0.866025403784439,
1.,0.866025403784439,1.,0.866025403784439,1.,0.866025403784439,1.,0.866025403784439,
1.,0.866025403784439,1.,0.866025403784439,1.,0.866025403784439,1.,0.866025403784439,
1.,0.934480371242591,0.93304485803798),(1.,0.866025403784439,1.,0.866025403784439,
1.,0.866025403784439,1.,0.866025403784439,1.,0.866025403784439,1.,0.866025403784439,
1.,0.866025403784439,1.,0.866025403784439,1.,0.866025403784439,1.,0.866025403784439,
1.,0.866025403784439,1.,0.866025403784439,1.,0.866025403784439,1.,0.866025403784439,
1.,0.934480371242591,0.93304485803798)))
REPRESENTATION_ITEM('')
SURFACE()
);
#53=(
BOUNDED_SURFACE()
B_SPLINE_SURFACE(1,2,((#4761,#4762,#4763,#4764,#4765,#4766,#4767,#4768,
#4769,#4770,#4771,#4772,#4773,#4774,#4775,#4776,#4777,#4778,#4779,#4780,
#4781,#4782,#4783,#4784,#4785,#4786,#4787,#4788,#4789),(#4790,#4791,#4792,
#4793,#4794,#4795,#4796,#4797,#4798,#4799,#4800,#4801,#4802,#4803,#4804,
#4805,#4806,#4807,#4808,#4809,#4810,#4811,#4812,#4813,#4814,#4815,#4816,
#4817,#4818)),.UNSPECIFIED.,.F.,.F.,.F.)
B_SPLINE_SURFACE_WITH_KNOTS((2,2),(3,2,2,2,2,2,2,2,2,2,2,2,2,2,3),(0.,1.),
(0.,0.0208333333333333,0.0416666666666667,0.0625,0.0833333333333333,0.104166666666667,
0.125,0.145833333333333,0.166666666666667,0.1875,0.208333333333334,0.229166666666666,
0.25,0.270833333333334,0.271508117745796),.PIECEWISE_BEZIER_KNOTS.)
GEOMETRIC_REPRESENTATION_ITEM()
RATIONAL_B_SPLINE_SURFACE(((1.,0.866025403784439,1.,0.866025403784439,1.,
0.866025403784439,1.,0.866025403784439,1.,0.866025403784439,1.,0.866025403784439,
1.,0.866025403784439,1.,0.866025403784439,1.,0.866025403784439,1.,0.866025403784439,
1.,0.866025403784439,1.,0.866025403784439,1.,0.866025403784439,1.,0.995660609478776,
0.991602321653549),(1.,0.866025403784439,1.,0.866025403784439,1.,0.866025403784439,
1.,0.866025403784439,1.,0.866025403784439,1.,0.866025403784439,1.,0.866025403784439,
1.,0.866025403784439,1.,0.866025403784439,1.,0.866025403784439,1.,0.866025403784439,
1.,0.866025403784439,1.,0.866025403784439,1.,0.995660609478776,0.991602321653549)))
REPRESENTATION_ITEM('')
SURFACE()
);
#54=(
BOUNDED_SURFACE()
B_SPLINE_SURFACE(3,2,((#5366,#5367,#5368),(#5369,#5370,#5371),(#5372,#5373,
#5374),(#5375,#5376,#5377),(#5378,#5379,#5380),(#5381,#5382,#5383),(#5384,
#5385,#5386)),.UNSPECIFIED.,.F.,.F.,.F.)
B_SPLINE_SURFACE_WITH_KNOTS((4,1,1,1,4),(3,3),(6.28318530717959,6.67588438887831,
7.06858347057703,7.46128255227576,7.85398163397448),(0.,1.),
 .UNSPECIFIED.)
GEOMETRIC_REPRESENTATION_ITEM()
RATIONAL_B_SPLINE_SURFACE(((1.,0.707106781186548,1.),(1.,0.707106781189018,
1.),(1.,0.746571860829028,1.),(1.,0.869029034406479,1.),(1.,0.973464424251684,
1.),(1.,0.999999999999712,1.),(1.,1.,1.)))
REPRESENTATION_ITEM('')
SURFACE()
);
#55=PLANE('',#2358);
#56=PLANE('',#2365);
#57=PLANE('',#2366);
#58=PLANE('',#2367);
#59=PLANE('',#2368);
#60=PLANE('',#2369);
#61=PLANE('',#2370);
#62=PLANE('',#2371);
#63=PLANE('',#2372);
#64=PLANE('',#2374);
#65=PLANE('',#2377);
#66=PLANE('',#2378);
#67=PLANE('',#2379);
#68=PLANE('',#2380);
#69=PLANE('',#2381);
#70=PLANE('',#2382);
#71=PLANE('',#2383);
#72=PLANE('',#2384);
#73=PLANE('',#2387);
#74=PLANE('',#2388);
#75=PLANE('',#2389);
#76=PLANE('',#2390);
#77=PLANE('',#2391);
#78=PLANE('',#2392);
#79=PLANE('',#2393);
#80=PLANE('',#2394);
#81=PLANE('',#2395);
#82=PLANE('',#2396);
#83=PLANE('',#2397);
#84=PLANE('',#2399);
#85=PLANE('',#2400);
#86=PLANE('',#2401);
#87=PLANE('',#2403);
#88=PLANE('',#2404);
#89=PLANE('',#2405);
#90=PLANE('',#2406);
#91=PLANE('',#2408);
#92=PLANE('',#2409);
#93=PLANE('',#2410);
#94=PLANE('',#2411);
#95=PLANE('',#2412);
#96=PLANE('',#2416);
#97=PLANE('',#2417);
#98=PLANE('',#2418);
#99=PLANE('',#2419);
#100=PLANE('',#2420);
#101=PLANE('',#2421);
#102=PLANE('',#2422);
#103=PLANE('',#2423);
#104=PLANE('',#2424);
#105=PLANE('',#2473);
#106=PLANE('',#2476);
#107=PLANE('',#2477);
#108=PLANE('',#2478);
#109=PLANE('',#2480);
#110=PLANE('',#2482);
#111=PLANE('',#2483);
#112=PLANE('',#2485);
#113=PLANE('',#2487);
#114=PLANE('',#2488);
#115=PLANE('',#2490);
#116=PLANE('',#2530);
#117=PLANE('',#2531);
#118=PLANE('',#2532);
#119=PLANE('',#2533);
#120=PLANE('',#2534);
#121=PLANE('',#2535);
#122=PLANE('',#2536);
#123=PLANE('',#2537);
#124=PLANE('',#2538);
#125=PLANE('',#2539);
#126=PLANE('',#2540);
#127=PLANE('',#2541);
#128=B_SPLINE_CURVE_WITH_KNOTS('',3,(#3273,#3274,#3275,#3276,#3277,#3278,
#3279,#3280,#3281,#3282,#3283,#3284,#3285,#3286,#3287,#3288,#3289,#3290,
#3291),.UNSPECIFIED.,.F.,.F.,(4,1,1,1,1,1,1,1,1,1,1,1,1,1,1,1,4),(0.,0.0187499850122597,
0.0374999700245194,0.0562499550367792,0.0749999400490389,0.0937499250612986,
0.112499910073558,0.131249895085818,0.149999880098078,0.168749865110338,
0.187499850122597,0.206249835134857,0.224999820147117,0.243749805159376,
0.262499790171636,0.281249775183896,0.299999760196156),.UNSPECIFIED.);
#129=B_SPLINE_CURVE_WITH_KNOTS('',3,(#3293,#3294,#3295,#3296),
 .UNSPECIFIED.,.F.,.F.,(4,4),(0.0020063523132866,0.999783767666909),
 .UNSPECIFIED.);
#130=B_SPLINE_CURVE_WITH_KNOTS('',3,(#3402,#3403,#3404,#3405,#3406,#3407,
#3408,#3409,#3410,#3411,#3412,#3413,#3414,#3415,#3416,#3417,#3418,#3419,
#3420),.UNSPECIFIED.,.F.,.F.,(4,1,1,1,1,1,1,1,1,1,1,1,1,1,1,1,4),(0.,0.0187499850122598,
0.0374999700245195,0.0562499550367793,0.074999940049039,0.0937499250612988,
0.112499910073559,0.131249895085818,0.149999880098078,0.168749865110338,
0.187499850122598,0.206249835134857,0.224999820147117,0.243749805159377,
0.262499790171637,0.281249775183896,0.299999760196156),.UNSPECIFIED.);
#131=B_SPLINE_CURVE_WITH_KNOTS('',3,(#3422,#3423,#3424,#3425),
 .UNSPECIFIED.,.F.,.F.,(4,4),(0.0019972598788531,0.995259693228538),
 .UNSPECIFIED.);
#132=B_SPLINE_CURVE_WITH_KNOTS('',3,(#3897,#3898,#3899,#3900,#3901),
 .UNSPECIFIED.,.F.,.F.,(4,1,4),(6.93889390390723E-18,0.00200030407418212,
0.00400060814836423),.UNSPECIFIED.);
#133=B_SPLINE_CURVE_WITH_KNOTS('',3,(#4064,#4065,#4066,#4067,#4068),
 .UNSPECIFIED.,.F.,.F.,(4,1,4),(0.,0.00253203792022844,0.00506407584045688),
 .UNSPECIFIED.);
#134=B_SPLINE_CURVE_WITH_KNOTS('',3,(#4132,#4133,#4134,#4135,#4136),
 .UNSPECIFIED.,.F.,.F.,(4,1,4),(0.,0.00253203792022938,0.00506407584045877),
 .UNSPECIFIED.);
#135=B_SPLINE_CURVE_WITH_KNOTS('',3,(#4295,#4296,#4297,#4298,#4299),
 .UNSPECIFIED.,.F.,.F.,(4,1,4),(1.96261557335472E-17,0.0020003040741813,
0.00400060814836258),.UNSPECIFIED.);
#136=B_SPLINE_CURVE_WITH_KNOTS('',3,(#4359,#4360,#4361,#4362,#4363),
 .UNSPECIFIED.,.F.,.F.,(4,1,4),(1.96261557335472E-17,0.00206474027353828,
0.00412948054707654),.UNSPECIFIED.);
#137=B_SPLINE_CURVE_WITH_KNOTS('',3,(#4557,#4558,#4559,#4560,#4561),
 .UNSPECIFIED.,.F.,.F.,(4,1,4),(0.,0.0025623345316741,0.00512466906334819),
 .UNSPECIFIED.);
#138=B_SPLINE_CURVE_WITH_KNOTS('',3,(#4656,#4657,#4658,#4659,#4660),
 .UNSPECIFIED.,.F.,.F.,(4,1,4),(0.,0.00256233453167508,0.00512466906335016),
 .UNSPECIFIED.);
#139=B_SPLINE_CURVE_WITH_KNOTS('',3,(#4819,#4820,#4821,#4822,#4823),
 .UNSPECIFIED.,.F.,.F.,(4,1,4),(1.96261557335472E-17,0.00206474027353731,
0.0041294805470746),.UNSPECIFIED.);
#140=B_SPLINE_CURVE_WITH_KNOTS('',3,(#4940,#4941,#4942,#4943,#4944),
 .UNSPECIFIED.,.F.,.F.,(4,1,4),(0.,0.0014290604417497,0.0028581208834994),
 .UNSPECIFIED.);
#141=B_SPLINE_CURVE_WITH_KNOTS('',3,(#4952,#4953,#4954,#4955,#4956),
 .UNSPECIFIED.,.F.,.F.,(4,1,4),(0.,0.0010187698662782,0.00203753973255639),
 .UNSPECIFIED.);
#142=B_SPLINE_CURVE_WITH_KNOTS('',3,(#5296,#5297,#5298,#5299,#5300),
 .UNSPECIFIED.,.F.,.F.,(4,1,4),(0.,0.00137419355518472,0.00274838711036943),
 .UNSPECIFIED.);
#143=B_SPLINE_CURVE_WITH_KNOTS('',3,(#5313,#5314,#5315,#5316,#5317),
 .UNSPECIFIED.,.F.,.F.,(4,1,4),(0.,0.00137419355518473,0.00274838711036946),
 .UNSPECIFIED.);
#144=LINE('',#3270,#384);
#145=LINE('',#3399,#385);
#146=LINE('',#3427,#386);
#147=LINE('',#3430,#387);
#148=LINE('',#3432,#388);
#149=LINE('',#3434,#389);
#150=LINE('',#3537,#390);
#151=LINE('',#3739,#391);
#152=LINE('',#4001,#392);
#153=LINE('',#4069,#393);
#154=LINE('',#4138,#394);
#155=LINE('',#4300,#395);
#156=LINE('',#4463,#396);
#157=LINE('',#4562,#397);
#158=LINE('',#4662,#398);
#159=LINE('',#4824,#399);
#160=LINE('',#4826,#400);
#161=LINE('',#4829,#401);
#162=LINE('',#4831,#402);
#163=LINE('',#4833,#403);
#164=LINE('',#4835,#404);
#165=LINE('',#4838,#405);
#166=LINE('',#4840,#406);
#167=LINE('',#4842,#407);
#168=LINE('',#4844,#408);
#169=LINE('',#4846,#409);
#170=LINE('',#4848,#410);
#171=LINE('',#4850,#411);
#172=LINE('',#4852,#412);
#173=LINE('',#4854,#413);
#174=LINE('',#4856,#414);
#175=LINE('',#4858,#415);
#176=LINE('',#4860,#416);
#177=LINE('',#4862,#417);
#178=LINE('',#4864,#418);
#179=LINE('',#4866,#419);
#180=LINE('',#4869,#420);
#181=LINE('',#4871,#421);
#182=LINE('',#4873,#422);
#183=LINE('',#4875,#423);
#184=LINE('',#4878,#424);
#185=LINE('',#4880,#425);
#186=LINE('',#4882,#426);
#187=LINE('',#4884,#427);
#188=LINE('',#4887,#428);
#189=LINE('',#4889,#429);
#190=LINE('',#4891,#430);
#191=LINE('',#4893,#431);
#192=LINE('',#4895,#432);
#193=LINE('',#4897,#433);
#194=LINE('',#4899,#434);
#195=LINE('',#4901,#435);
#196=LINE('',#4903,#436);
#197=LINE('',#4905,#437);
#198=LINE('',#4907,#438);
#199=LINE('',#4909,#439);
#200=LINE('',#4911,#440);
#201=LINE('',#4913,#441);
#202=LINE('',#4915,#442);
#203=LINE('',#4917,#443);
#204=LINE('',#4919,#444);
#205=LINE('',#4921,#445);
#206=LINE('',#4923,#446);
#207=LINE('',#4925,#447);
#208=LINE('',#4927,#448);
#209=LINE('',#4930,#449);
#210=LINE('',#4932,#450);
#211=LINE('',#4934,#451);
#212=LINE('',#4938,#452);
#213=LINE('',#4946,#453);
#214=LINE('',#4948,#454);
#215=LINE('',#4950,#455);
#216=LINE('',#4958,#456);
#217=LINE('',#4960,#457);
#218=LINE('',#4961,#458);
#219=LINE('',#4963,#459);
#220=LINE('',#4965,#460);
#221=LINE('',#4967,#461);
#222=LINE('',#4970,#462);
#223=LINE('',#4972,#463);
#224=LINE('',#4974,#464);
#225=LINE('',#4976,#465);
#226=LINE('',#4978,#466);
#227=LINE('',#4980,#467);
#228=LINE('',#4983,#468);
#229=LINE('',#4987,#469);
#230=LINE('',#4990,#470);
#231=LINE('',#4992,#471);
#232=LINE('',#4994,#472);
#233=LINE('',#4996,#473);
#234=LINE('',#4999,#474);
#235=LINE('',#5001,#475);
#236=LINE('',#5003,#476);
#237=LINE('',#5005,#477);
#238=LINE('',#5007,#478);
#239=LINE('',#5008,#479);
#240=LINE('',#5010,#480);
#241=LINE('',#5013,#481);
#242=LINE('',#5015,#482);
#243=LINE('',#5017,#483);
#244=LINE('',#5019,#484);
#245=LINE('',#5021,#485);
#246=LINE('',#5023,#486);
#247=LINE('',#5025,#487);
#248=LINE('',#5027,#488);
#249=LINE('',#5029,#489);
#250=LINE('',#5031,#490);
#251=LINE('',#5033,#491);
#252=LINE('',#5035,#492);
#253=LINE('',#5037,#493);
#254=LINE('',#5039,#494);
#255=LINE('',#5041,#495);
#256=LINE('',#5043,#496);
#257=LINE('',#5045,#497);
#258=LINE('',#5047,#498);
#259=LINE('',#5049,#499);
#260=LINE('',#5051,#500);
#261=LINE('',#5053,#501);
#262=LINE('',#5056,#502);
#263=LINE('',#5057,#503);
#264=LINE('',#5059,#504);
#265=LINE('',#5060,#505);
#266=LINE('',#5062,#506);
#267=LINE('',#5063,#507);
#268=LINE('',#5065,#508);
#269=LINE('',#5068,#509);
#270=LINE('',#5070,#510);
#271=LINE('',#5072,#511);
#272=LINE('',#5073,#512);
#273=LINE('',#5076,#513);
#274=LINE('',#5080,#514);
#275=LINE('',#5084,#515);
#276=LINE('',#5086,#516);
#277=LINE('',#5088,#517);
#278=LINE('',#5090,#518);
#279=LINE('',#5093,#519);
#280=LINE('',#5094,#520);
#281=LINE('',#5096,#521);
#282=LINE('',#5099,#522);
#283=LINE('',#5101,#523);
#284=LINE('',#5103,#524);
#285=LINE('',#5105,#525);
#286=LINE('',#5107,#526);
#287=LINE('',#5109,#527);
#288=LINE('',#5112,#528);
#289=LINE('',#5114,#529);
#290=LINE('',#5115,#530);
#291=LINE('',#5116,#531);
#292=LINE('',#5118,#532);
#293=LINE('',#5119,#533);
#294=LINE('',#5121,#534);
#295=LINE('',#5124,#535);
#296=LINE('',#5125,#536);
#297=LINE('',#5126,#537);
#298=LINE('',#5128,#538);
#299=LINE('',#5129,#539);
#300=LINE('',#5131,#540);
#301=LINE('',#5132,#541);
#302=LINE('',#5134,#542);
#303=LINE('',#5137,#543);
#304=LINE('',#5139,#544);
#305=LINE('',#5141,#545);
#306=LINE('',#5143,#546);
#307=LINE('',#5147,#547);
#308=LINE('',#5149,#548);
#309=LINE('',#5151,#549);
#310=LINE('',#5153,#550);
#311=LINE('',#5155,#551);
#312=LINE('',#5157,#552);
#313=LINE('',#5159,#553);
#314=LINE('',#5160,#554);
#315=LINE('',#5162,#555);
#316=LINE('',#5166,#556);
#317=LINE('',#5168,#557);
#318=LINE('',#5170,#558);
#319=LINE('',#5172,#559);
#320=LINE('',#5174,#560);
#321=LINE('',#5176,#561);
#322=LINE('',#5178,#562);
#323=LINE('',#5179,#563);
#324=LINE('',#5181,#564);
#325=LINE('',#5182,#565);
#326=LINE('',#5184,#566);
#327=LINE('',#5188,#567);
#328=LINE('',#5190,#568);
#329=LINE('',#5192,#569);
#330=LINE('',#5194,#570);
#331=LINE('',#5197,#571);
#332=LINE('',#5198,#572);
#333=LINE('',#5200,#573);
#334=LINE('',#5201,#574);
#335=LINE('',#5203,#575);
#336=LINE('',#5204,#576);
#337=LINE('',#5207,#577);
#338=LINE('',#5211,#578);
#339=LINE('',#5213,#579);
#340=LINE('',#5215,#580);
#341=LINE('',#5217,#581);
#342=LINE('',#5219,#582);
#343=LINE('',#5223,#583);
#344=LINE('',#5227,#584);
#345=LINE('',#5229,#585);
#346=LINE('',#5231,#586);
#347=LINE('',#5233,#587);
#348=LINE('',#5235,#588);
#349=LINE('',#5237,#589);
#350=LINE('',#5239,#590);
#351=LINE('',#5241,#591);
#352=LINE('',#5244,#592);
#353=LINE('',#5246,#593);
#354=LINE('',#5248,#594);
#355=LINE('',#5254,#595);
#356=LINE('',#5256,#596);
#357=LINE('',#5258,#597);
#358=LINE('',#5260,#598);
#359=LINE('',#5261,#599);
#360=LINE('',#5263,#600);
#361=LINE('',#5264,#601);
#362=LINE('',#5266,#602);
#363=LINE('',#5268,#603);
#364=LINE('',#5270,#604);
#365=LINE('',#5332,#605);
#366=LINE('',#5336,#606);
#367=LINE('',#5338,#607);
#368=LINE('',#5342,#608);
#369=LINE('',#5345,#609);
#370=LINE('',#5347,#610);
#371=LINE('',#5351,#611);
#372=LINE('',#5354,#612);
#373=LINE('',#5356,#613);
#374=LINE('',#5360,#614);
#375=LINE('',#5422,#615);
#376=LINE('',#5425,#616);
#377=LINE('',#5427,#617);
#378=LINE('',#5430,#618);
#379=LINE('',#5432,#619);
#380=LINE('',#5434,#620);
#381=LINE('',#5437,#621);
#382=LINE('',#5439,#622);
#383=LINE('',#5441,#623);
#384=VECTOR('',#2549,1.);
#385=VECTOR('',#2556,1.);
#386=VECTOR('',#2561,1.);
#387=VECTOR('',#2562,1.);
#388=VECTOR('',#2563,1.);
#389=VECTOR('',#2564,1.);
#390=VECTOR('',#2569,1.);
#391=VECTOR('',#2576,1.);
#392=VECTOR('',#2579,1.);
#393=VECTOR('',#2580,1.);
#394=VECTOR('',#2581,1.);
#395=VECTOR('',#2582,1.);
#396=VECTOR('',#2583,1.);
#397=VECTOR('',#2584,1.);
#398=VECTOR('',#2585,1.);
#399=VECTOR('',#2586,1.);
#400=VECTOR('',#2589,1.);
#401=VECTOR('',#2590,1.);
#402=VECTOR('',#2591,1.);
#403=VECTOR('',#2592,1.);
#404=VECTOR('',#2595,1.);
#405=VECTOR('',#2596,1.);
#406=VECTOR('',#2597,1.);
#407=VECTOR('',#2598,1.);
#408=VECTOR('',#2599,1.);
#409=VECTOR('',#2600,1.);
#410=VECTOR('',#2601,1.);
#411=VECTOR('',#2602,1.);
#412=VECTOR('',#2603,1.);
#413=VECTOR('',#2604,1.);
#414=VECTOR('',#2605,1.);
#415=VECTOR('',#2606,1.);
#416=VECTOR('',#2607,1.);
#417=VECTOR('',#2608,1.);
#418=VECTOR('',#2609,1.);
#419=VECTOR('',#2612,1.);
#420=VECTOR('',#2613,1.);
#421=VECTOR('',#2614,1.);
#422=VECTOR('',#2615,1.);
#423=VECTOR('',#2618,1.);
#424=VECTOR('',#2619,1.);
#425=VECTOR('',#2620,1.);
#426=VECTOR('',#2621,1.);
#427=VECTOR('',#2624,1.);
#428=VECTOR('',#2625,1.);
#429=VECTOR('',#2626,1.);
#430=VECTOR('',#2627,1.);
#431=VECTOR('',#2630,1.);
#432=VECTOR('',#2631,1.);
#433=VECTOR('',#2632,1.);
#434=VECTOR('',#2633,1.);
#435=VECTOR('',#2634,1.);
#436=VECTOR('',#2635,1.);
#437=VECTOR('',#2636,1.);
#438=VECTOR('',#2637,1.);
#439=VECTOR('',#2638,1.);
#440=VECTOR('',#2639,1.);
#441=VECTOR('',#2642,1.);
#442=VECTOR('',#2643,1.);
#443=VECTOR('',#2644,1.);
#444=VECTOR('',#2645,1.);
#445=VECTOR('',#2646,1.);
#446=VECTOR('',#2647,1.);
#447=VECTOR('',#2648,1.);
#448=VECTOR('',#2651,1.);
#449=VECTOR('',#2652,1.);
#450=VECTOR('',#2653,1.);
#451=VECTOR('',#2654,1.);
#452=VECTOR('',#2657,1.);
#453=VECTOR('',#2658,1.);
#454=VECTOR('',#2659,1.);
#455=VECTOR('',#2660,1.);
#456=VECTOR('',#2661,1.);
#457=VECTOR('',#2662,1.);
#458=VECTOR('',#2663,1.);
#459=VECTOR('',#2664,1.);
#460=VECTOR('',#2665,1.);
#461=VECTOR('',#2668,1.);
#462=VECTOR('',#2669,1.);
#463=VECTOR('',#2670,1.);
#464=VECTOR('',#2671,1.);
#465=VECTOR('',#2672,1.);
#466=VECTOR('',#2673,1.);
#467=VECTOR('',#2674,1.);
#468=VECTOR('',#2677,1.);
#469=VECTOR('',#2682,1.);
#470=VECTOR('',#2683,1.);
#471=VECTOR('',#2684,1.);
#472=VECTOR('',#2685,1.);
#473=VECTOR('',#2688,1.);
#474=VECTOR('',#2689,1.);
#475=VECTOR('',#2690,1.);
#476=VECTOR('',#2691,1.);
#477=VECTOR('',#2692,1.);
#478=VECTOR('',#2693,1.);
#479=VECTOR('',#2694,1.);
#480=VECTOR('',#2697,1.);
#481=VECTOR('',#2698,1.);
#482=VECTOR('',#2699,1.);
#483=VECTOR('',#2700,1.);
#484=VECTOR('',#2701,1.);
#485=VECTOR('',#2702,1.);
#486=VECTOR('',#2703,1.);
#487=VECTOR('',#2704,1.);
#488=VECTOR('',#2705,1.);
#489=VECTOR('',#2706,1.);
#490=VECTOR('',#2707,1.);
#491=VECTOR('',#2708,1.);
#492=VECTOR('',#2709,1.);
#493=VECTOR('',#2710,1.);
#494=VECTOR('',#2711,1.);
#495=VECTOR('',#2712,1.);
#496=VECTOR('',#2715,1.);
#497=VECTOR('',#2716,1.);
#498=VECTOR('',#2717,1.);
#499=VECTOR('',#2718,1.);
#500=VECTOR('',#2719,1.);
#501=VECTOR('',#2722,1.);
#502=VECTOR('',#2723,1.);
#503=VECTOR('',#2724,1.);
#504=VECTOR('',#2727,1.);
#505=VECTOR('',#2728,1.);
#506=VECTOR('',#2731,1.);
#507=VECTOR('',#2732,1.);
#508=VECTOR('',#2735,1.);
#509=VECTOR('',#2736,1.);
#510=VECTOR('',#2737,1.);
#511=VECTOR('',#2738,1.);
#512=VECTOR('',#2739,1.);
#513=VECTOR('',#2740,1.);
#514=VECTOR('',#2743,1.);
#515=VECTOR('',#2746,1.);
#516=VECTOR('',#2747,1.);
#517=VECTOR('',#2748,1.);
#518=VECTOR('',#2751,1.);
#519=VECTOR('',#2752,1.);
#520=VECTOR('',#2753,1.);
#521=VECTOR('',#2756,1.);
#522=VECTOR('',#2757,1.);
#523=VECTOR('',#2758,1.);
#524=VECTOR('',#2759,1.);
#525=VECTOR('',#2760,1.);
#526=VECTOR('',#2761,1.);
#527=VECTOR('',#2764,1.);
#528=VECTOR('',#2765,1.);
#529=VECTOR('',#2766,1.);
#530=VECTOR('',#2767,1.);
#531=VECTOR('',#2768,1.);
#532=VECTOR('',#2771,1.);
#533=VECTOR('',#2772,1.);
#534=VECTOR('',#2775,1.);
#535=VECTOR('',#2776,1.);
#536=VECTOR('',#2777,1.);
#537=VECTOR('',#2778,1.);
#538=VECTOR('',#2781,1.);
#539=VECTOR('',#2782,1.);
#540=VECTOR('',#2785,1.);
#541=VECTOR('',#2786,1.);
#542=VECTOR('',#2789,1.);
#543=VECTOR('',#2794,1.);
#544=VECTOR('',#2795,1.);
#545=VECTOR('',#2796,1.);
#546=VECTOR('',#2799,1.);
#547=VECTOR('',#2802,1.);
#548=VECTOR('',#2803,1.);
#549=VECTOR('',#2804,1.);
#550=VECTOR('',#2807,1.);
#551=VECTOR('',#2808,1.);
#552=VECTOR('',#2811,1.);
#553=VECTOR('',#2812,1.);
#554=VECTOR('',#2813,1.);
#555=VECTOR('',#2816,1.);
#556=VECTOR('',#2819,1.);
#557=VECTOR('',#2820,1.);
#558=VECTOR('',#2821,1.);
#559=VECTOR('',#2822,1.);
#560=VECTOR('',#2825,1.);
#561=VECTOR('',#2826,1.);
#562=VECTOR('',#2827,1.);
#563=VECTOR('',#2828,1.);
#564=VECTOR('',#2831,1.);
#565=VECTOR('',#2832,1.);
#566=VECTOR('',#2835,1.);
#567=VECTOR('',#2840,1.);
#568=VECTOR('',#2841,1.);
#569=VECTOR('',#2842,1.);
#570=VECTOR('',#2845,1.);
#571=VECTOR('',#2846,1.);
#572=VECTOR('',#2847,1.);
#573=VECTOR('',#2850,1.);
#574=VECTOR('',#2851,1.);
#575=VECTOR('',#2854,1.);
#576=VECTOR('',#2855,1.);
#577=VECTOR('',#2860,1.);
#578=VECTOR('',#2863,1.);
#579=VECTOR('',#2864,1.);
#580=VECTOR('',#2865,1.);
#581=VECTOR('',#2866,1.);
#582=VECTOR('',#2867,1.);
#583=VECTOR('',#2870,1.);
#584=VECTOR('',#2875,1.);
#585=VECTOR('',#2876,1.);
#586=VECTOR('',#2877,1.);
#587=VECTOR('',#2878,1.);
#588=VECTOR('',#2879,1.);
#589=VECTOR('',#2880,1.);
#590=VECTOR('',#2881,1.);
#591=VECTOR('',#2884,1.);
#592=VECTOR('',#2885,1.);
#593=VECTOR('',#2886,1.);
#594=VECTOR('',#2887,1.);
#595=VECTOR('',#2898,1.);
#596=VECTOR('',#2899,1.);
#597=VECTOR('',#2900,1.);
#598=VECTOR('',#2901,1.);
#599=VECTOR('',#2902,1.);
#600=VECTOR('',#2905,1.);
#601=VECTOR('',#2906,1.);
#602=VECTOR('',#2907,1.);
#603=VECTOR('',#2908,1.);
#604=VECTOR('',#2909,1.);
#605=VECTOR('',#3012,1.);
#606=VECTOR('',#3019,1.);
#607=VECTOR('',#3022,1.);
#608=VECTOR('',#3027,1.);
#609=VECTOR('',#3032,1.);
#610=VECTOR('',#3035,1.);
#611=VECTOR('',#3040,1.);
#612=VECTOR('',#3045,1.);
#613=VECTOR('',#3048,1.);
#614=VECTOR('',#3053,1.);
#615=VECTOR('',#3134,1.);
#616=VECTOR('',#3139,1.);
#617=VECTOR('',#3142,1.);
#618=VECTOR('',#3147,1.);
#619=VECTOR('',#3150,1.);
#620=VECTOR('',#3153,1.);
#621=VECTOR('',#3158,1.);
#622=VECTOR('',#3161,1.);
#623=VECTOR('',#3164,1.);
#624=(
BOUNDED_CURVE()
B_SPLINE_CURVE(2,(#3172,#3173,#3174,#3175,#3176,#3177,#3178,#3179,#3180,
#3181,#3182,#3183,#3184,#3185,#3186,#3187,#3188,#3189,#3190,#3191,#3192,
#3193,#3194,#3195,#3196,#3197,#3198,#3199,#3200,#3201,#3202,#3203,#3204,
#3205,#3206,#3207,#3208,#3209,#3210,#3211,#3212,#3213,#3214,#3215,#3216,
#3217,#3218,#3219,#3220,#3221,#3222,#3223,#3224,#3225,#3226,#3227,#3228,
#3229,#3230,#3231,#3232,#3233,#3234,#3235,#3236,#3237,#3238,#3239,#3240,
#3241,#3242,#3243,#3244,#3245,#3246,#3247,#3248,#3249,#3250,#3251,#3252,
#3253,#3254,#3255,#3256,#3257,#3258,#3259,#3260,#3261,#3262,#3263,#3264,
#3265,#3266,#3267,#3268),.UNSPECIFIED.,.F.,.F.)
B_SPLINE_CURVE_WITH_KNOTS((3,2,2,2,2,2,2,2,2,2,2,2,2,2,2,2,2,2,2,2,2,2,
2,2,2,2,2,2,2,2,2,2,2,2,2,2,2,2,2,2,2,2,2,2,2,2,2,2,3),(0.,0.0208333333333333,
0.0416666666666667,0.0625,0.0833333333333333,0.104166666666667,0.125,0.145833333333333,
0.166666666666667,0.1875,0.208333333333334,0.229166666666666,0.25,0.270833333333334,
0.291666666666667,0.3125,0.333333333333334,0.354166666666667,0.375,0.395833333333334,
0.416666666666667,0.4375,0.458333333333333,0.479166666666667,0.5,0.520833333333333,
0.541666666666667,0.5625,0.583333333333333,0.604166666666667,0.625,0.645833333333333,
0.666666666666667,0.6875,0.708333333333333,0.729166666666667,0.75,0.770833333333333,
0.791666666666667,0.8125,0.833333333333333,0.854166666666667,0.875,0.895833333333333,
0.916666666666667,0.9375,0.958333333333333,0.979166666666667,1.),
 .UNSPECIFIED.)
CURVE()
GEOMETRIC_REPRESENTATION_ITEM()
RATIONAL_B_SPLINE_CURVE((1.,0.866025403784439,1.,0.866025403784439,1.,0.866025403784439,
1.,0.866025403784439,1.,0.866025403784439,1.,0.866025403784439,1.,0.866025403784439,
1.,0.866025403784439,1.,0.866025403784439,1.,0.866025403784439,1.,0.866025403784439,
1.,0.866025403784439,1.,0.866025403784439,1.,0.866025403784439,1.,0.866025403784439,
1.,0.866025403784439,1.,0.866025403784439,1.,0.866025403784439,1.,0.866025403784439,
1.,0.866025403784439,1.,0.866025403784439,1.,0.866025403784439,1.,0.866025403784439,
1.,0.866025403784439,1.,0.866025403784439,1.,0.866025403784439,1.,0.866025403784439,
1.,0.866025403784439,1.,0.866025403784439,1.,0.866025403784439,1.,0.866025403784439,
1.,0.866025403784439,1.,0.866025403784439,1.,0.866025403784439,1.,0.866025403784439,
1.,0.866025403784439,1.,0.866025403784439,1.,0.866025403784439,1.,0.866025403784439,
1.,0.866025403784439,1.,0.866025403784439,1.,0.866025403784439,1.,0.866025403784439,
1.,0.866025403784439,1.,0.866025403784439,1.,0.866025403784439,1.,0.866025403784439,
1.,0.866025403784439,1.))
REPRESENTATION_ITEM('')
);
#625=(
BOUNDED_CURVE()
B_SPLINE_CURVE(2,(#3301,#3302,#3303,#3304,#3305,#3306,#3307,#3308,#3309,
#3310,#3311,#3312,#3313,#3314,#3315,#3316,#3317,#3318,#3319,#3320,#3321,
#3322,#3323,#3324,#3325,#3326,#3327,#3328,#3329,#3330,#3331,#3332,#3333,
#3334,#3335,#3336,#3337,#3338,#3339,#3340,#3341,#3342,#3343,#3344,#3345,
#3346,#3347,#3348,#3349,#3350,#3351,#3352,#3353,#3354,#3355,#3356,#3357,
#3358,#3359,#3360,#3361,#3362,#3363,#3364,#3365,#3366,#3367,#3368,#3369,
#3370,#3371,#3372,#3373,#3374,#3375,#3376,#3377,#3378,#3379,#3380,#3381,
#3382,#3383,#3384,#3385,#3386,#3387,#3388,#3389,#3390,#3391,#3392,#3393,
#3394,#3395,#3396,#3397),.UNSPECIFIED.,.F.,.F.)
B_SPLINE_CURVE_WITH_KNOTS((3,2,2,2,2,2,2,2,2,2,2,2,2,2,2,2,2,2,2,2,2,2,
2,2,2,2,2,2,2,2,2,2,2,2,2,2,2,2,2,2,2,2,2,2,2,2,2,2,3),(0.,0.0208333333333333,
0.0416666666666667,0.0625,0.0833333333333333,0.104166666666667,0.125,0.145833333333333,
0.166666666666667,0.1875,0.208333333333334,0.229166666666666,0.25,0.270833333333334,
0.291666666666667,0.3125,0.333333333333334,0.354166666666667,0.375,0.395833333333334,
0.416666666666667,0.4375,0.458333333333333,0.479166666666667,0.5,0.520833333333333,
0.541666666666667,0.5625,0.583333333333333,0.604166666666667,0.625,0.645833333333333,
0.666666666666667,0.6875,0.708333333333333,0.729166666666667,0.75,0.770833333333333,
0.791666666666667,0.8125,0.833333333333333,0.854166666666667,0.875,0.895833333333333,
0.916666666666667,0.9375,0.958333333333333,0.979166666666667,1.),
 .UNSPECIFIED.)
CURVE()
GEOMETRIC_REPRESENTATION_ITEM()
RATIONAL_B_SPLINE_CURVE((1.,0.866025403784439,1.,0.866025403784439,1.,0.866025403784439,
1.,0.866025403784439,1.,0.866025403784439,1.,0.866025403784439,1.,0.866025403784439,
1.,0.866025403784439,1.,0.866025403784439,1.,0.866025403784439,1.,0.866025403784439,
1.,0.866025403784439,1.,0.866025403784439,1.,0.866025403784439,1.,0.866025403784439,
1.,0.866025403784439,1.,0.866025403784439,1.,0.866025403784439,1.,0.866025403784439,
1.,0.866025403784439,1.,0.866025403784439,1.,0.866025403784439,1.,0.866025403784439,
1.,0.866025403784439,1.,0.866025403784439,1.,0.866025403784439,1.,0.866025403784439,
1.,0.866025403784439,1.,0.866025403784439,1.,0.866025403784439,1.,0.866025403784439,
1.,0.866025403784439,1.,0.866025403784439,1.,0.866025403784439,1.,0.866025403784439,
1.,0.866025403784439,1.,0.866025403784439,1.,0.866025403784439,1.,0.866025403784439,
1.,0.866025403784439,1.,0.866025403784439,1.,0.866025403784439,1.,0.866025403784439,
1.,0.866025403784439,1.,0.866025403784439,1.,0.866025403784439,1.,0.866025403784439,
1.,0.866025403784439,1.))
REPRESENTATION_ITEM('')
);
#626=(
BOUNDED_CURVE()
B_SPLINE_CURVE(2,(#3439,#3440,#3441,#3442,#3443,#3444,#3445,#3446,#3447,
#3448,#3449,#3450,#3451,#3452,#3453,#3454,#3455,#3456,#3457,#3458,#3459,
#3460,#3461,#3462,#3463,#3464,#3465,#3466,#3467,#3468,#3469,#3470,#3471,
#3472,#3473,#3474,#3475,#3476,#3477,#3478,#3479,#3480,#3481,#3482,#3483,
#3484,#3485,#3486,#3487,#3488,#3489,#3490,#3491,#3492,#3493,#3494,#3495,
#3496,#3497,#3498,#3499,#3500,#3501,#3502,#3503,#3504,#3505,#3506,#3507,
#3508,#3509,#3510,#3511,#3512,#3513,#3514,#3515,#3516,#3517,#3518,#3519,
#3520,#3521,#3522,#3523,#3524,#3525,#3526,#3527,#3528,#3529,#3530,#3531,
#3532,#3533,#3534,#3535),.UNSPECIFIED.,.F.,.F.)
B_SPLINE_CURVE_WITH_KNOTS((3,2,2,2,2,2,2,2,2,2,2,2,2,2,2,2,2,2,2,2,2,2,
2,2,2,2,2,2,2,2,2,2,2,2,2,2,2,2,2,2,2,2,2,2,2,2,2,2,3),(0.,0.0208333333333333,
0.0416666666666667,0.0625,0.0833333333333333,0.104166666666667,0.125,0.145833333333333,
0.166666666666667,0.1875,0.208333333333334,0.229166666666666,0.25,0.270833333333334,
0.291666666666667,0.3125,0.333333333333334,0.354166666666667,0.375,0.395833333333334,
0.416666666666667,0.4375,0.458333333333333,0.479166666666667,0.5,0.520833333333333,
0.541666666666667,0.5625,0.583333333333333,0.604166666666667,0.625,0.645833333333333,
0.666666666666667,0.6875,0.708333333333333,0.729166666666667,0.75,0.770833333333333,
0.791666666666667,0.8125,0.833333333333333,0.854166666666667,0.875,0.895833333333333,
0.916666666666667,0.9375,0.958333333333333,0.979166666666667,1.),
 .UNSPECIFIED.)
CURVE()
GEOMETRIC_REPRESENTATION_ITEM()
RATIONAL_B_SPLINE_CURVE((1.,0.866025403784439,1.,0.866025403784439,1.,0.866025403784439,
1.,0.866025403784439,1.,0.866025403784439,1.,0.866025403784439,1.,0.866025403784439,
1.,0.866025403784439,1.,0.866025403784439,1.,0.866025403784439,1.,0.866025403784439,
1.,0.866025403784439,1.,0.866025403784439,1.,0.866025403784439,1.,0.866025403784439,
1.,0.866025403784439,1.,0.866025403784439,1.,0.866025403784439,1.,0.866025403784439,
1.,0.866025403784439,1.,0.866025403784439,1.,0.866025403784439,1.,0.866025403784439,
1.,0.866025403784439,1.,0.866025403784439,1.,0.866025403784439,1.,0.866025403784439,
1.,0.866025403784439,1.,0.866025403784439,1.,0.866025403784439,1.,0.866025403784439,
1.,0.866025403784439,1.,0.866025403784439,1.,0.866025403784439,1.,0.866025403784439,
1.,0.866025403784439,1.,0.866025403784439,1.,0.866025403784439,1.,0.866025403784439,
1.,0.866025403784439,1.,0.866025403784439,1.,0.866025403784439,1.,0.866025403784439,
1.,0.866025403784439,1.,0.866025403784439,1.,0.866025403784439,1.,0.866025403784439,
1.,0.866025403784439,1.))
REPRESENTATION_ITEM('')
);
#627=(
BOUNDED_CURVE()
B_SPLINE_CURVE(2,(#3540,#3541,#3542,#3543,#3544,#3545,#3546,#3547,#3548,
#3549,#3550,#3551,#3552,#3553,#3554,#3555,#3556,#3557,#3558,#3559,#3560,
#3561,#3562,#3563,#3564,#3565,#3566,#3567,#3568,#3569,#3570,#3571,#3572,
#3573,#3574,#3575,#3576,#3577,#3578,#3579,#3580,#3581,#3582,#3583,#3584,
#3585,#3586,#3587,#3588,#3589,#3590,#3591,#3592,#3593,#3594,#3595,#3596,
#3597,#3598,#3599,#3600,#3601,#3602,#3603,#3604,#3605,#3606,#3607,#3608,
#3609,#3610,#3611,#3612,#3613,#3614,#3615,#3616,#3617,#3618,#3619,#3620,
#3621,#3622,#3623,#3624,#3625,#3626,#3627,#3628,#3629,#3630,#3631,#3632,
#3633,#3634,#3635,#3636),.UNSPECIFIED.,.F.,.F.)
B_SPLINE_CURVE_WITH_KNOTS((3,2,2,2,2,2,2,2,2,2,2,2,2,2,2,2,2,2,2,2,2,2,
2,2,2,2,2,2,2,2,2,2,2,2,2,2,2,2,2,2,2,2,2,2,2,2,2,2,3),(0.,0.0208333333333333,
0.0416666666666667,0.0625,0.0833333333333333,0.104166666666667,0.125,0.145833333333333,
0.166666666666667,0.1875,0.208333333333334,0.229166666666666,0.25,0.270833333333334,
0.291666666666667,0.3125,0.333333333333334,0.354166666666667,0.375,0.395833333333334,
0.416666666666667,0.4375,0.458333333333333,0.479166666666667,0.5,0.520833333333333,
0.541666666666667,0.5625,0.583333333333333,0.604166666666667,0.625,0.645833333333333,
0.666666666666667,0.6875,0.708333333333333,0.729166666666667,0.75,0.770833333333333,
0.791666666666667,0.8125,0.833333333333333,0.854166666666667,0.875,0.895833333333333,
0.916666666666667,0.9375,0.958333333333333,0.979166666666667,1.),
 .UNSPECIFIED.)
CURVE()
GEOMETRIC_REPRESENTATION_ITEM()
RATIONAL_B_SPLINE_CURVE((1.,0.866025403784439,1.,0.866025403784439,1.,0.866025403784439,
1.,0.866025403784439,1.,0.866025403784439,1.,0.866025403784439,1.,0.866025403784439,
1.,0.866025403784439,1.,0.866025403784439,1.,0.866025403784439,1.,0.866025403784439,
1.,0.866025403784439,1.,0.866025403784439,1.,0.866025403784439,1.,0.866025403784439,
1.,0.866025403784439,1.,0.866025403784439,1.,0.866025403784439,1.,0.866025403784439,
1.,0.866025403784439,1.,0.866025403784439,1.,0.866025403784439,1.,0.866025403784439,
1.,0.866025403784439,1.,0.866025403784439,1.,0.866025403784439,1.,0.866025403784439,
1.,0.866025403784439,1.,0.866025403784439,1.,0.866025403784439,1.,0.866025403784439,
1.,0.866025403784439,1.,0.866025403784439,1.,0.866025403784439,1.,0.866025403784439,
1.,0.866025403784439,1.,0.866025403784439,1.,0.866025403784439,1.,0.866025403784439,
1.,0.866025403784439,1.,0.866025403784439,1.,0.866025403784439,1.,0.866025403784439,
1.,0.866025403784439,1.,0.866025403784439,1.,0.866025403784439,1.,0.866025403784439,
1.,0.866025403784439,1.))
REPRESENTATION_ITEM('')
);
#628=(
BOUNDED_CURVE()
B_SPLINE_CURVE(2,(#3641,#3642,#3643,#3644,#3645,#3646,#3647,#3648,#3649,
#3650,#3651,#3652,#3653,#3654,#3655,#3656,#3657,#3658,#3659,#3660,#3661,
#3662,#3663,#3664,#3665,#3666,#3667,#3668,#3669,#3670,#3671,#3672,#3673,
#3674,#3675,#3676,#3677,#3678,#3679,#3680,#3681,#3682,#3683,#3684,#3685,
#3686,#3687,#3688,#3689,#3690,#3691,#3692,#3693,#3694,#3695,#3696,#3697,
#3698,#3699,#3700,#3701,#3702,#3703,#3704,#3705,#3706,#3707,#3708,#3709,
#3710,#3711,#3712,#3713,#3714,#3715,#3716,#3717,#3718,#3719,#3720,#3721,
#3722,#3723,#3724,#3725,#3726,#3727,#3728,#3729,#3730,#3731,#3732,#3733,
#3734,#3735,#3736,#3737),.UNSPECIFIED.,.F.,.F.)
B_SPLINE_CURVE_WITH_KNOTS((3,2,2,2,2,2,2,2,2,2,2,2,2,2,2,2,2,2,2,2,2,2,
2,2,2,2,2,2,2,2,2,2,2,2,2,2,2,2,2,2,2,2,2,2,2,2,2,2,3),(0.,0.0208333333333333,
0.0416666666666667,0.0625,0.0833333333333333,0.104166666666667,0.125,0.145833333333333,
0.166666666666667,0.1875,0.208333333333334,0.229166666666666,0.25,0.270833333333334,
0.291666666666667,0.3125,0.333333333333334,0.354166666666667,0.375,0.395833333333334,
0.416666666666667,0.4375,0.458333333333333,0.479166666666667,0.5,0.520833333333333,
0.541666666666667,0.5625,0.583333333333333,0.604166666666667,0.625,0.645833333333333,
0.666666666666667,0.6875,0.708333333333333,0.729166666666667,0.75,0.770833333333333,
0.791666666666667,0.8125,0.833333333333333,0.854166666666667,0.875,0.895833333333333,
0.916666666666667,0.9375,0.958333333333333,0.979166666666667,1.),
 .UNSPECIFIED.)
CURVE()
GEOMETRIC_REPRESENTATION_ITEM()
RATIONAL_B_SPLINE_CURVE((1.,0.866025403784439,1.,0.866025403784439,1.,0.866025403784439,
1.,0.866025403784439,1.,0.866025403784439,1.,0.866025403784439,1.,0.866025403784439,
1.,0.866025403784439,1.,0.866025403784439,1.,0.866025403784439,1.,0.866025403784439,
1.,0.866025403784439,1.,0.866025403784439,1.,0.866025403784439,1.,0.866025403784439,
1.,0.866025403784439,1.,0.866025403784439,1.,0.866025403784439,1.,0.866025403784439,
1.,0.866025403784439,1.,0.866025403784439,1.,0.866025403784439,1.,0.866025403784439,
1.,0.866025403784439,1.,0.866025403784439,1.,0.866025403784439,1.,0.866025403784439,
1.,0.866025403784439,1.,0.866025403784439,1.,0.866025403784439,1.,0.866025403784439,
1.,0.866025403784439,1.,0.866025403784439,1.,0.866025403784439,1.,0.866025403784439,
1.,0.866025403784439,1.,0.866025403784439,1.,0.866025403784439,1.,0.866025403784439,
1.,0.866025403784439,1.,0.866025403784439,1.,0.866025403784439,1.,0.866025403784439,
1.,0.866025403784439,1.,0.866025403784439,1.,0.866025403784439,1.,0.866025403784439,
1.,0.866025403784439,1.))
REPRESENTATION_ITEM('')
);
#629=(
BOUNDED_CURVE()
B_SPLINE_CURVE(2,(#3742,#3743,#3744,#3745,#3746,#3747,#3748,#3749,#3750,
#3751,#3752,#3753,#3754,#3755,#3756,#3757,#3758,#3759,#3760,#3761,#3762,
#3763,#3764,#3765,#3766,#3767,#3768,#3769,#3770,#3771,#3772,#3773,#3774,
#3775,#3776,#3777,#3778,#3779,#3780,#3781,#3782,#3783,#3784,#3785,#3786,
#3787,#3788,#3789,#3790,#3791,#3792,#3793,#3794,#3795,#3796,#3797,#3798,
#3799,#3800,#3801,#3802,#3803,#3804,#3805,#3806,#3807,#3808,#3809,#3810,
#3811,#3812,#3813,#3814,#3815,#3816,#3817,#3818,#3819,#3820,#3821,#3822,
#3823,#3824,#3825,#3826,#3827,#3828,#3829,#3830,#3831,#3832,#3833,#3834,
#3835,#3836,#3837,#3838),.UNSPECIFIED.,.F.,.F.)
B_SPLINE_CURVE_WITH_KNOTS((3,2,2,2,2,2,2,2,2,2,2,2,2,2,2,2,2,2,2,2,2,2,
2,2,2,2,2,2,2,2,2,2,2,2,2,2,2,2,2,2,2,2,2,2,2,2,2,2,3),(0.,0.0208333333333333,
0.0416666666666667,0.0625,0.0833333333333333,0.104166666666667,0.125,0.145833333333333,
0.166666666666667,0.1875,0.208333333333334,0.229166666666666,0.25,0.270833333333334,
0.291666666666667,0.3125,0.333333333333334,0.354166666666667,0.375,0.395833333333334,
0.416666666666667,0.4375,0.458333333333333,0.479166666666667,0.5,0.520833333333333,
0.541666666666667,0.5625,0.583333333333333,0.604166666666667,0.625,0.645833333333333,
0.666666666666667,0.6875,0.708333333333333,0.729166666666667,0.75,0.770833333333333,
0.791666666666667,0.8125,0.833333333333333,0.854166666666667,0.875,0.895833333333333,
0.916666666666667,0.9375,0.958333333333333,0.979166666666667,1.),
 .UNSPECIFIED.)
CURVE()
GEOMETRIC_REPRESENTATION_ITEM()
RATIONAL_B_SPLINE_CURVE((1.,0.866025403784439,1.,0.866025403784439,1.,0.866025403784439,
1.,0.866025403784439,1.,0.866025403784439,1.,0.866025403784439,1.,0.866025403784439,
1.,0.866025403784439,1.,0.866025403784439,1.,0.866025403784439,1.,0.866025403784439,
1.,0.866025403784439,1.,0.866025403784439,1.,0.866025403784439,1.,0.866025403784439,
1.,0.866025403784439,1.,0.866025403784439,1.,0.866025403784439,1.,0.866025403784439,
1.,0.866025403784439,1.,0.866025403784439,1.,0.866025403784439,1.,0.866025403784439,
1.,0.866025403784439,1.,0.866025403784439,1.,0.866025403784439,1.,0.866025403784439,
1.,0.866025403784439,1.,0.866025403784439,1.,0.866025403784439,1.,0.866025403784439,
1.,0.866025403784439,1.,0.866025403784439,1.,0.866025403784439,1.,0.866025403784439,
1.,0.866025403784439,1.,0.866025403784439,1.,0.866025403784439,1.,0.866025403784439,
1.,0.866025403784439,1.,0.866025403784439,1.,0.866025403784439,1.,0.866025403784439,
1.,0.866025403784439,1.,0.866025403784439,1.,0.866025403784439,1.,0.866025403784439,
1.,0.866025403784439,1.))
REPRESENTATION_ITEM('')
);
#630=(
BOUNDED_CURVE()
B_SPLINE_CURVE(2,(#3903,#3904,#3905,#3906,#3907,#3908,#3909,#3910,#3911,
#3912,#3913,#3914,#3915,#3916,#3917,#3918,#3919,#3920,#3921,#3922,#3923,
#3924,#3925,#3926,#3927,#3928,#3929,#3930,#3931,#3932,#3933,#3934,#3935,
#3936,#3937,#3938,#3939,#3940,#3941,#3942,#3943,#3944,#3945,#3946,#3947,
#3948,#3949,#3950,#3951,#3952,#3953,#3954,#3955,#3956,#3957,#3958,#3959,
#3960,#3961,#3962,#3963,#3964,#3965,#3966,#3967,#3968,#3969,#3970,#3971,
#3972,#3973,#3974,#3975,#3976,#3977,#3978,#3979,#3980,#3981,#3982,#3983,
#3984,#3985,#3986,#3987,#3988,#3989,#3990,#3991,#3992,#3993,#3994,#3995,
#3996,#3997,#3998,#3999),.UNSPECIFIED.,.F.,.F.)
B_SPLINE_CURVE_WITH_KNOTS((3,2,2,2,2,2,2,2,2,2,2,2,2,2,2,2,2,2,2,2,2,2,
2,2,2,2,2,2,2,2,2,2,2,2,2,2,2,2,2,2,2,2,2,2,2,2,2,2,3),(0.,0.0208333333333333,
0.0416666666666667,0.0625,0.0833333333333333,0.104166666666667,0.125,0.145833333333333,
0.166666666666667,0.1875,0.208333333333334,0.229166666666666,0.25,0.270833333333334,
0.291666666666667,0.3125,0.333333333333334,0.354166666666667,0.375,0.395833333333334,
0.416666666666667,0.4375,0.458333333333333,0.479166666666667,0.5,0.520833333333333,
0.541666666666667,0.5625,0.583333333333333,0.604166666666667,0.625,0.645833333333333,
0.666666666666667,0.6875,0.708333333333333,0.729166666666667,0.75,0.770833333333333,
0.791666666666667,0.8125,0.833333333333333,0.854166666666667,0.875,0.895833333333333,
0.916666666666667,0.9375,0.958333333333333,0.979166666666667,1.),
 .UNSPECIFIED.)
CURVE()
GEOMETRIC_REPRESENTATION_ITEM()
RATIONAL_B_SPLINE_CURVE((1.,0.866025403784439,1.,0.866025403784439,1.,0.866025403784439,
1.,0.866025403784439,1.,0.866025403784439,1.,0.866025403784439,1.,0.866025403784439,
1.,0.866025403784439,1.,0.866025403784439,1.,0.866025403784439,1.,0.866025403784439,
1.,0.866025403784439,1.,0.866025403784439,1.,0.866025403784439,1.,0.866025403784439,
1.,0.866025403784439,1.,0.866025403784439,1.,0.866025403784439,1.,0.866025403784439,
1.,0.866025403784439,1.,0.866025403784439,1.,0.866025403784439,1.,0.866025403784439,
1.,0.866025403784439,1.,0.866025403784439,1.,0.866025403784439,1.,0.866025403784439,
1.,0.866025403784439,1.,0.866025403784439,1.,0.866025403784439,1.,0.866025403784439,
1.,0.866025403784439,1.,0.866025403784439,1.,0.866025403784439,1.,0.866025403784439,
1.,0.866025403784439,1.,0.866025403784439,1.,0.866025403784439,1.,0.866025403784439,
1.,0.866025403784439,1.,0.866025403784439,1.,0.866025403784439,1.,0.866025403784439,
1.,0.866025403784439,1.,0.866025403784439,1.,0.866025403784439,1.,0.866025403784439,
1.,0.866025403784439,1.))
REPRESENTATION_ITEM('')
);
#631=(
BOUNDED_CURVE()
B_SPLINE_CURVE(2,(#4140,#4141,#4142,#4143,#4144,#4145,#4146,#4147,#4148,
#4149,#4150,#4151,#4152,#4153,#4154,#4155,#4156,#4157,#4158,#4159,#4160,
#4161,#4162,#4163,#4164,#4165,#4166,#4167,#4168,#4169,#4170,#4171,#4172,
#4173,#4174,#4175,#4176,#4177,#4178,#4179,#4180,#4181,#4182,#4183,#4184,
#4185,#4186,#4187,#4188,#4189,#4190,#4191,#4192,#4193,#4194,#4195,#4196,
#4197,#4198,#4199,#4200,#4201,#4202,#4203,#4204,#4205,#4206,#4207,#4208,
#4209,#4210,#4211,#4212,#4213,#4214,#4215,#4216,#4217,#4218,#4219,#4220,
#4221,#4222,#4223,#4224,#4225,#4226,#4227,#4228,#4229,#4230,#4231,#4232,
#4233,#4234,#4235,#4236),.UNSPECIFIED.,.F.,.F.)
B_SPLINE_CURVE_WITH_KNOTS((3,2,2,2,2,2,2,2,2,2,2,2,2,2,2,2,2,2,2,2,2,2,
2,2,2,2,2,2,2,2,2,2,2,2,2,2,2,2,2,2,2,2,2,2,2,2,2,2,3),(0.,0.0208333333333333,
0.0416666666666667,0.0625,0.0833333333333333,0.104166666666667,0.125,0.145833333333333,
0.166666666666667,0.1875,0.208333333333334,0.229166666666666,0.25,0.270833333333334,
0.291666666666667,0.3125,0.333333333333334,0.354166666666667,0.375,0.395833333333334,
0.416666666666667,0.4375,0.458333333333333,0.479166666666667,0.5,0.520833333333333,
0.541666666666667,0.5625,0.583333333333333,0.604166666666667,0.625,0.645833333333333,
0.666666666666667,0.6875,0.708333333333333,0.729166666666667,0.75,0.770833333333333,
0.791666666666667,0.8125,0.833333333333333,0.854166666666667,0.875,0.895833333333333,
0.916666666666667,0.9375,0.958333333333333,0.979166666666667,1.),
 .UNSPECIFIED.)
CURVE()
GEOMETRIC_REPRESENTATION_ITEM()
RATIONAL_B_SPLINE_CURVE((1.,0.866025403784439,1.,0.866025403784439,1.,0.866025403784439,
1.,0.866025403784439,1.,0.866025403784439,1.,0.866025403784439,1.,0.866025403784439,
1.,0.866025403784439,1.,0.866025403784439,1.,0.866025403784439,1.,0.866025403784439,
1.,0.866025403784439,1.,0.866025403784439,1.,0.866025403784439,1.,0.866025403784439,
1.,0.866025403784439,1.,0.866025403784439,1.,0.866025403784439,1.,0.866025403784439,
1.,0.866025403784439,1.,0.866025403784439,1.,0.866025403784439,1.,0.866025403784439,
1.,0.866025403784439,1.,0.866025403784439,1.,0.866025403784439,1.,0.866025403784439,
1.,0.866025403784439,1.,0.866025403784439,1.,0.866025403784439,1.,0.866025403784439,
1.,0.866025403784439,1.,0.866025403784439,1.,0.866025403784439,1.,0.866025403784439,
1.,0.866025403784439,1.,0.866025403784439,1.,0.866025403784439,1.,0.866025403784439,
1.,0.866025403784439,1.,0.866025403784439,1.,0.866025403784439,1.,0.866025403784439,
1.,0.866025403784439,1.,0.866025403784439,1.,0.866025403784439,1.,0.866025403784439,
1.,0.866025403784439,1.))
REPRESENTATION_ITEM('')
);
#632=(
BOUNDED_CURVE()
B_SPLINE_CURVE(2,(#4365,#4366,#4367,#4368,#4369,#4370,#4371,#4372,#4373,
#4374,#4375,#4376,#4377,#4378,#4379,#4380,#4381,#4382,#4383,#4384,#4385,
#4386,#4387,#4388,#4389,#4390,#4391,#4392,#4393,#4394,#4395,#4396,#4397,
#4398,#4399,#4400,#4401,#4402,#4403,#4404,#4405,#4406,#4407,#4408,#4409,
#4410,#4411,#4412,#4413,#4414,#4415,#4416,#4417,#4418,#4419,#4420,#4421,
#4422,#4423,#4424,#4425,#4426,#4427,#4428,#4429,#4430,#4431,#4432,#4433,
#4434,#4435,#4436,#4437,#4438,#4439,#4440,#4441,#4442,#4443,#4444,#4445,
#4446,#4447,#4448,#4449,#4450,#4451,#4452,#4453,#4454,#4455,#4456,#4457,
#4458,#4459,#4460,#4461),.UNSPECIFIED.,.F.,.F.)
B_SPLINE_CURVE_WITH_KNOTS((3,2,2,2,2,2,2,2,2,2,2,2,2,2,2,2,2,2,2,2,2,2,
2,2,2,2,2,2,2,2,2,2,2,2,2,2,2,2,2,2,2,2,2,2,2,2,2,2,3),(0.,0.0208333333333333,
0.0416666666666667,0.0625,0.0833333333333333,0.104166666666667,0.125,0.145833333333333,
0.166666666666667,0.1875,0.208333333333334,0.229166666666666,0.25,0.270833333333334,
0.291666666666667,0.3125,0.333333333333334,0.354166666666667,0.375,0.395833333333334,
0.416666666666667,0.4375,0.458333333333333,0.479166666666667,0.5,0.520833333333333,
0.541666666666667,0.5625,0.583333333333333,0.604166666666667,0.625,0.645833333333333,
0.666666666666667,0.6875,0.708333333333333,0.729166666666667,0.75,0.770833333333333,
0.791666666666667,0.8125,0.833333333333333,0.854166666666667,0.875,0.895833333333333,
0.916666666666667,0.9375,0.958333333333333,0.979166666666667,1.),
 .UNSPECIFIED.)
CURVE()
GEOMETRIC_REPRESENTATION_ITEM()
RATIONAL_B_SPLINE_CURVE((1.,0.866025403784439,1.,0.866025403784439,1.,0.866025403784439,
1.,0.866025403784439,1.,0.866025403784439,1.,0.866025403784439,1.,0.866025403784439,
1.,0.866025403784439,1.,0.866025403784439,1.,0.866025403784439,1.,0.866025403784439,
1.,0.866025403784439,1.,0.866025403784439,1.,0.866025403784439,1.,0.866025403784439,
1.,0.866025403784439,1.,0.866025403784439,1.,0.866025403784439,1.,0.866025403784439,
1.,0.866025403784439,1.,0.866025403784439,1.,0.866025403784439,1.,0.866025403784439,
1.,0.866025403784439,1.,0.866025403784439,1.,0.866025403784439,1.,0.866025403784439,
1.,0.866025403784439,1.,0.866025403784439,1.,0.866025403784439,1.,0.866025403784439,
1.,0.866025403784439,1.,0.866025403784439,1.,0.866025403784439,1.,0.866025403784439,
1.,0.866025403784439,1.,0.866025403784439,1.,0.866025403784439,1.,0.866025403784439,
1.,0.866025403784439,1.,0.866025403784439,1.,0.866025403784439,1.,0.866025403784439,
1.,0.866025403784439,1.,0.866025403784439,1.,0.866025403784439,1.,0.866025403784439,
1.,0.866025403784439,1.))
REPRESENTATION_ITEM('')
);
#633=(
BOUNDED_CURVE()
B_SPLINE_CURVE(2,(#4664,#4665,#4666,#4667,#4668,#4669,#4670,#4671,#4672,
#4673,#4674,#4675,#4676,#4677,#4678,#4679,#4680,#4681,#4682,#4683,#4684,
#4685,#4686,#4687,#4688,#4689,#4690,#4691,#4692,#4693,#4694,#4695,#4696,
#4697,#4698,#4699,#4700,#4701,#4702,#4703,#4704,#4705,#4706,#4707,#4708,
#4709,#4710,#4711,#4712,#4713,#4714,#4715,#4716,#4717,#4718,#4719,#4720,
#4721,#4722,#4723,#4724,#4725,#4726,#4727,#4728,#4729,#4730,#4731,#4732,
#4733,#4734,#4735,#4736,#4737,#4738,#4739,#4740,#4741,#4742,#4743,#4744,
#4745,#4746,#4747,#4748,#4749,#4750,#4751,#4752,#4753,#4754,#4755,#4756,
#4757,#4758,#4759,#4760),.UNSPECIFIED.,.F.,.F.)
B_SPLINE_CURVE_WITH_KNOTS((3,2,2,2,2,2,2,2,2,2,2,2,2,2,2,2,2,2,2,2,2,2,
2,2,2,2,2,2,2,2,2,2,2,2,2,2,2,2,2,2,2,2,2,2,2,2,2,2,3),(0.,0.0208333333333333,
0.0416666666666667,0.0625,0.0833333333333333,0.104166666666667,0.125,0.145833333333333,
0.166666666666667,0.1875,0.208333333333334,0.229166666666666,0.25,0.270833333333334,
0.291666666666667,0.3125,0.333333333333334,0.354166666666667,0.375,0.395833333333334,
0.416666666666667,0.4375,0.458333333333333,0.479166666666667,0.5,0.520833333333333,
0.541666666666667,0.5625,0.583333333333333,0.604166666666667,0.625,0.645833333333333,
0.666666666666667,0.6875,0.708333333333333,0.729166666666667,0.75,0.770833333333333,
0.791666666666667,0.8125,0.833333333333333,0.854166666666667,0.875,0.895833333333333,
0.916666666666667,0.9375,0.958333333333333,0.979166666666667,1.),
 .UNSPECIFIED.)
CURVE()
GEOMETRIC_REPRESENTATION_ITEM()
RATIONAL_B_SPLINE_CURVE((1.,0.866025403784439,1.,0.866025403784439,1.,0.866025403784439,
1.,0.866025403784439,1.,0.866025403784439,1.,0.866025403784439,1.,0.866025403784439,
1.,0.866025403784439,1.,0.866025403784439,1.,0.866025403784439,1.,0.866025403784439,
1.,0.866025403784439,1.,0.866025403784439,1.,0.866025403784439,1.,0.866025403784439,
1.,0.866025403784439,1.,0.866025403784439,1.,0.866025403784439,1.,0.866025403784439,
1.,0.866025403784439,1.,0.866025403784439,1.,0.866025403784439,1.,0.866025403784439,
1.,0.866025403784439,1.,0.866025403784439,1.,0.866025403784439,1.,0.866025403784439,
1.,0.866025403784439,1.,0.866025403784439,1.,0.866025403784439,1.,0.866025403784439,
1.,0.866025403784439,1.,0.866025403784439,1.,0.866025403784439,1.,0.866025403784439,
1.,0.866025403784439,1.,0.866025403784439,1.,0.866025403784439,1.,0.866025403784439,
1.,0.866025403784439,1.,0.866025403784439,1.,0.866025403784439,1.,0.866025403784439,
1.,0.866025403784439,1.,0.866025403784439,1.,0.866025403784439,1.,0.866025403784439,
1.,0.866025403784439,1.))
REPRESENTATION_ITEM('')
);
#634=ORIENTED_EDGE('',*,*,#1304,.F.);
#635=ORIENTED_EDGE('',*,*,#1305,.F.);
#636=ORIENTED_EDGE('',*,*,#1306,.F.);
#637=ORIENTED_EDGE('',*,*,#1307,.T.);
#638=ORIENTED_EDGE('',*,*,#1308,.T.);
#639=ORIENTED_EDGE('',*,*,#1309,.F.);
#640=ORIENTED_EDGE('',*,*,#1310,.F.);
#641=ORIENTED_EDGE('',*,*,#1311,.F.);
#642=ORIENTED_EDGE('',*,*,#1312,.F.);
#643=ORIENTED_EDGE('',*,*,#1313,.T.);
#644=ORIENTED_EDGE('',*,*,#1314,.T.);
#645=ORIENTED_EDGE('',*,*,#1315,.F.);
#646=ORIENTED_EDGE('',*,*,#1316,.T.);
#647=ORIENTED_EDGE('',*,*,#1317,.T.);
#648=ORIENTED_EDGE('',*,*,#1318,.T.);
#649=ORIENTED_EDGE('',*,*,#1319,.T.);
#650=ORIENTED_EDGE('',*,*,#1320,.F.);
#651=ORIENTED_EDGE('',*,*,#1321,.T.);
#652=ORIENTED_EDGE('',*,*,#1322,.T.);
#653=ORIENTED_EDGE('',*,*,#1323,.T.);
#654=ORIENTED_EDGE('',*,*,#1324,.F.);
#655=ORIENTED_EDGE('',*,*,#1325,.F.);
#656=ORIENTED_EDGE('',*,*,#1326,.T.);
#657=ORIENTED_EDGE('',*,*,#1327,.T.);
#658=ORIENTED_EDGE('',*,*,#1328,.T.);
#659=ORIENTED_EDGE('',*,*,#1329,.F.);
#660=ORIENTED_EDGE('',*,*,#1330,.F.);
#661=ORIENTED_EDGE('',*,*,#1331,.T.);
#662=ORIENTED_EDGE('',*,*,#1332,.T.);
#663=ORIENTED_EDGE('',*,*,#1326,.F.);
#664=ORIENTED_EDGE('',*,*,#1333,.F.);
#665=ORIENTED_EDGE('',*,*,#1329,.T.);
#666=ORIENTED_EDGE('',*,*,#1334,.T.);
#667=ORIENTED_EDGE('',*,*,#1331,.F.);
#668=ORIENTED_EDGE('',*,*,#1335,.F.);
#669=ORIENTED_EDGE('',*,*,#1324,.T.);
#670=ORIENTED_EDGE('',*,*,#1336,.T.);
#671=ORIENTED_EDGE('',*,*,#1337,.F.);
#672=ORIENTED_EDGE('',*,*,#1338,.F.);
#673=ORIENTED_EDGE('',*,*,#1337,.T.);
#674=ORIENTED_EDGE('',*,*,#1339,.T.);
#675=ORIENTED_EDGE('',*,*,#1321,.F.);
#676=ORIENTED_EDGE('',*,*,#1340,.F.);
#677=ORIENTED_EDGE('',*,*,#1341,.F.);
#678=ORIENTED_EDGE('',*,*,#1342,.F.);
#679=ORIENTED_EDGE('',*,*,#1311,.T.);
#680=ORIENTED_EDGE('',*,*,#1343,.F.);
#681=ORIENTED_EDGE('',*,*,#1314,.F.);
#682=ORIENTED_EDGE('',*,*,#1344,.F.);
#683=ORIENTED_EDGE('',*,*,#1341,.T.);
#684=ORIENTED_EDGE('',*,*,#1345,.F.);
#685=ORIENTED_EDGE('',*,*,#1308,.F.);
#686=ORIENTED_EDGE('',*,*,#1346,.F.);
#687=ORIENTED_EDGE('',*,*,#1347,.T.);
#688=ORIENTED_EDGE('',*,*,#1348,.F.);
#689=ORIENTED_EDGE('',*,*,#1347,.F.);
#690=ORIENTED_EDGE('',*,*,#1349,.F.);
#691=ORIENTED_EDGE('',*,*,#1305,.T.);
#692=ORIENTED_EDGE('',*,*,#1350,.T.);
#693=ORIENTED_EDGE('',*,*,#1351,.T.);
#694=ORIENTED_EDGE('',*,*,#1352,.T.);
#695=ORIENTED_EDGE('',*,*,#1353,.T.);
#696=ORIENTED_EDGE('',*,*,#1354,.T.);
#697=ORIENTED_EDGE('',*,*,#1355,.T.);
#698=ORIENTED_EDGE('',*,*,#1356,.T.);
#699=ORIENTED_EDGE('',*,*,#1357,.T.);
#700=ORIENTED_EDGE('',*,*,#1358,.T.);
#701=ORIENTED_EDGE('',*,*,#1359,.T.);
#702=ORIENTED_EDGE('',*,*,#1360,.F.);
#703=ORIENTED_EDGE('',*,*,#1361,.T.);
#704=ORIENTED_EDGE('',*,*,#1362,.T.);
#705=ORIENTED_EDGE('',*,*,#1363,.T.);
#706=ORIENTED_EDGE('',*,*,#1364,.T.);
#707=ORIENTED_EDGE('',*,*,#1365,.T.);
#708=ORIENTED_EDGE('',*,*,#1366,.T.);
#709=ORIENTED_EDGE('',*,*,#1367,.T.);
#710=ORIENTED_EDGE('',*,*,#1368,.T.);
#711=ORIENTED_EDGE('',*,*,#1369,.T.);
#712=ORIENTED_EDGE('',*,*,#1370,.T.);
#713=ORIENTED_EDGE('',*,*,#1371,.F.);
#714=ORIENTED_EDGE('',*,*,#1372,.T.);
#715=ORIENTED_EDGE('',*,*,#1373,.T.);
#716=ORIENTED_EDGE('',*,*,#1374,.T.);
#717=ORIENTED_EDGE('',*,*,#1375,.T.);
#718=ORIENTED_EDGE('',*,*,#1376,.T.);
#719=ORIENTED_EDGE('',*,*,#1377,.T.);
#720=ORIENTED_EDGE('',*,*,#1378,.T.);
#721=ORIENTED_EDGE('',*,*,#1379,.T.);
#722=ORIENTED_EDGE('',*,*,#1380,.T.);
#723=ORIENTED_EDGE('',*,*,#1380,.F.);
#724=ORIENTED_EDGE('',*,*,#1381,.T.);
#725=ORIENTED_EDGE('',*,*,#1382,.T.);
#726=ORIENTED_EDGE('',*,*,#1383,.T.);
#727=ORIENTED_EDGE('',*,*,#1384,.T.);
#728=ORIENTED_EDGE('',*,*,#1385,.T.);
#729=ORIENTED_EDGE('',*,*,#1386,.F.);
#730=ORIENTED_EDGE('',*,*,#1387,.T.);
#731=ORIENTED_EDGE('',*,*,#1388,.F.);
#732=ORIENTED_EDGE('',*,*,#1389,.T.);
#733=ORIENTED_EDGE('',*,*,#1390,.T.);
#734=ORIENTED_EDGE('',*,*,#1388,.T.);
#735=ORIENTED_EDGE('',*,*,#1391,.T.);
#736=ORIENTED_EDGE('',*,*,#1392,.T.);
#737=ORIENTED_EDGE('',*,*,#1393,.T.);
#738=ORIENTED_EDGE('',*,*,#1394,.T.);
#739=ORIENTED_EDGE('',*,*,#1395,.T.);
#740=ORIENTED_EDGE('',*,*,#1396,.F.);
#741=ORIENTED_EDGE('',*,*,#1397,.T.);
#742=ORIENTED_EDGE('',*,*,#1398,.T.);
#743=ORIENTED_EDGE('',*,*,#1399,.T.);
#744=ORIENTED_EDGE('',*,*,#1400,.T.);
#745=ORIENTED_EDGE('',*,*,#1401,.T.);
#746=ORIENTED_EDGE('',*,*,#1402,.T.);
#747=ORIENTED_EDGE('',*,*,#1403,.T.);
#748=ORIENTED_EDGE('',*,*,#1404,.T.);
#749=ORIENTED_EDGE('',*,*,#1405,.T.);
#750=ORIENTED_EDGE('',*,*,#1406,.T.);
#751=ORIENTED_EDGE('',*,*,#1407,.T.);
#752=ORIENTED_EDGE('',*,*,#1408,.T.);
#753=ORIENTED_EDGE('',*,*,#1409,.F.);
#754=ORIENTED_EDGE('',*,*,#1410,.T.);
#755=ORIENTED_EDGE('',*,*,#1392,.F.);
#756=ORIENTED_EDGE('',*,*,#1411,.T.);
#757=ORIENTED_EDGE('',*,*,#1412,.T.);
#758=ORIENTED_EDGE('',*,*,#1413,.T.);
#759=ORIENTED_EDGE('',*,*,#1414,.F.);
#760=ORIENTED_EDGE('',*,*,#1415,.T.);
#761=ORIENTED_EDGE('',*,*,#1416,.T.);
#762=ORIENTED_EDGE('',*,*,#1417,.T.);
#763=ORIENTED_EDGE('',*,*,#1418,.T.);
#764=ORIENTED_EDGE('',*,*,#1419,.F.);
#765=ORIENTED_EDGE('',*,*,#1420,.T.);
#766=ORIENTED_EDGE('',*,*,#1371,.T.);
#767=ORIENTED_EDGE('',*,*,#1421,.T.);
#768=ORIENTED_EDGE('',*,*,#1422,.F.);
#769=ORIENTED_EDGE('',*,*,#1423,.T.);
#770=ORIENTED_EDGE('',*,*,#1424,.T.);
#771=ORIENTED_EDGE('',*,*,#1425,.T.);
#772=ORIENTED_EDGE('',*,*,#1426,.F.);
#773=ORIENTED_EDGE('',*,*,#1427,.F.);
#774=ORIENTED_EDGE('',*,*,#1428,.T.);
#775=ORIENTED_EDGE('',*,*,#1429,.T.);
#776=ORIENTED_EDGE('',*,*,#1430,.T.);
#777=ORIENTED_EDGE('',*,*,#1431,.T.);
#778=ORIENTED_EDGE('',*,*,#1432,.T.);
#779=ORIENTED_EDGE('',*,*,#1433,.T.);
#780=ORIENTED_EDGE('',*,*,#1419,.T.);
#781=ORIENTED_EDGE('',*,*,#1434,.T.);
#782=ORIENTED_EDGE('',*,*,#1435,.F.);
#783=ORIENTED_EDGE('',*,*,#1436,.T.);
#784=ORIENTED_EDGE('',*,*,#1437,.T.);
#785=ORIENTED_EDGE('',*,*,#1438,.T.);
#786=ORIENTED_EDGE('',*,*,#1439,.F.);
#787=ORIENTED_EDGE('',*,*,#1440,.F.);
#788=ORIENTED_EDGE('',*,*,#1441,.F.);
#789=ORIENTED_EDGE('',*,*,#1442,.T.);
#790=ORIENTED_EDGE('',*,*,#1443,.F.);
#791=ORIENTED_EDGE('',*,*,#1444,.F.);
#792=ORIENTED_EDGE('',*,*,#1445,.T.);
#793=ORIENTED_EDGE('',*,*,#1446,.T.);
#794=ORIENTED_EDGE('',*,*,#1447,.F.);
#795=ORIENTED_EDGE('',*,*,#1448,.F.);
#796=ORIENTED_EDGE('',*,*,#1449,.T.);
#797=ORIENTED_EDGE('',*,*,#1450,.F.);
#798=ORIENTED_EDGE('',*,*,#1437,.F.);
#799=ORIENTED_EDGE('',*,*,#1451,.T.);
#800=ORIENTED_EDGE('',*,*,#1452,.T.);
#801=ORIENTED_EDGE('',*,*,#1453,.T.);
#802=ORIENTED_EDGE('',*,*,#1454,.T.);
#803=ORIENTED_EDGE('',*,*,#1455,.F.);
#804=ORIENTED_EDGE('',*,*,#1456,.F.);
#805=ORIENTED_EDGE('',*,*,#1457,.T.);
#806=ORIENTED_EDGE('',*,*,#1435,.T.);
#807=ORIENTED_EDGE('',*,*,#1458,.T.);
#808=ORIENTED_EDGE('',*,*,#1360,.T.);
#809=ORIENTED_EDGE('',*,*,#1459,.T.);
#810=ORIENTED_EDGE('',*,*,#1369,.F.);
#811=ORIENTED_EDGE('',*,*,#1460,.T.);
#812=ORIENTED_EDGE('',*,*,#1452,.F.);
#813=ORIENTED_EDGE('',*,*,#1461,.T.);
#814=ORIENTED_EDGE('',*,*,#1456,.T.);
#815=ORIENTED_EDGE('',*,*,#1462,.F.);
#816=ORIENTED_EDGE('',*,*,#1463,.T.);
#817=ORIENTED_EDGE('',*,*,#1464,.T.);
#818=ORIENTED_EDGE('',*,*,#1465,.T.);
#819=ORIENTED_EDGE('',*,*,#1466,.T.);
#820=ORIENTED_EDGE('',*,*,#1467,.T.);
#821=ORIENTED_EDGE('',*,*,#1468,.T.);
#822=ORIENTED_EDGE('',*,*,#1469,.T.);
#823=ORIENTED_EDGE('',*,*,#1470,.F.);
#824=ORIENTED_EDGE('',*,*,#1471,.T.);
#825=ORIENTED_EDGE('',*,*,#1472,.T.);
#826=ORIENTED_EDGE('',*,*,#1473,.T.);
#827=ORIENTED_EDGE('',*,*,#1474,.T.);
#828=ORIENTED_EDGE('',*,*,#1475,.T.);
#829=ORIENTED_EDGE('',*,*,#1476,.T.);
#830=ORIENTED_EDGE('',*,*,#1470,.T.);
#831=ORIENTED_EDGE('',*,*,#1477,.T.);
#832=ORIENTED_EDGE('',*,*,#1478,.T.);
#833=ORIENTED_EDGE('',*,*,#1479,.T.);
#834=ORIENTED_EDGE('',*,*,#1480,.T.);
#835=ORIENTED_EDGE('',*,*,#1481,.T.);
#836=ORIENTED_EDGE('',*,*,#1482,.T.);
#837=ORIENTED_EDGE('',*,*,#1483,.T.);
#838=ORIENTED_EDGE('',*,*,#1484,.T.);
#839=ORIENTED_EDGE('',*,*,#1485,.T.);
#840=ORIENTED_EDGE('',*,*,#1486,.F.);
#841=ORIENTED_EDGE('',*,*,#1454,.F.);
#842=ORIENTED_EDGE('',*,*,#1487,.T.);
#843=ORIENTED_EDGE('',*,*,#1426,.T.);
#844=ORIENTED_EDGE('',*,*,#1488,.T.);
#845=ORIENTED_EDGE('',*,*,#1417,.F.);
#846=ORIENTED_EDGE('',*,*,#1489,.T.);
#847=ORIENTED_EDGE('',*,*,#1424,.F.);
#848=ORIENTED_EDGE('',*,*,#1490,.T.);
#849=ORIENTED_EDGE('',*,*,#1491,.T.);
#850=ORIENTED_EDGE('',*,*,#1492,.T.);
#851=ORIENTED_EDGE('',*,*,#1400,.F.);
#852=ORIENTED_EDGE('',*,*,#1493,.T.);
#853=ORIENTED_EDGE('',*,*,#1377,.F.);
#854=ORIENTED_EDGE('',*,*,#1390,.F.);
#855=ORIENTED_EDGE('',*,*,#1494,.T.);
#856=ORIENTED_EDGE('',*,*,#1447,.T.);
#857=ORIENTED_EDGE('',*,*,#1495,.T.);
#858=ORIENTED_EDGE('',*,*,#1491,.F.);
#859=ORIENTED_EDGE('',*,*,#1496,.F.);
#860=ORIENTED_EDGE('',*,*,#1462,.T.);
#861=ORIENTED_EDGE('',*,*,#1458,.F.);
#862=ORIENTED_EDGE('',*,*,#1450,.T.);
#863=ORIENTED_EDGE('',*,*,#1497,.T.);
#864=ORIENTED_EDGE('',*,*,#1395,.F.);
#865=ORIENTED_EDGE('',*,*,#1498,.T.);
#866=ORIENTED_EDGE('',*,*,#1434,.F.);
#867=ORIENTED_EDGE('',*,*,#1418,.F.);
#868=ORIENTED_EDGE('',*,*,#1490,.F.);
#869=ORIENTED_EDGE('',*,*,#1427,.T.);
#870=ORIENTED_EDGE('',*,*,#1487,.F.);
#871=ORIENTED_EDGE('',*,*,#1453,.F.);
#872=ORIENTED_EDGE('',*,*,#1497,.F.);
#873=ORIENTED_EDGE('',*,*,#1449,.F.);
#874=ORIENTED_EDGE('',*,*,#1499,.T.);
#875=ORIENTED_EDGE('',*,*,#1396,.T.);
#876=ORIENTED_EDGE('',*,*,#1448,.T.);
#877=ORIENTED_EDGE('',*,*,#1496,.T.);
#878=ORIENTED_EDGE('',*,*,#1494,.F.);
#879=ORIENTED_EDGE('',*,*,#1389,.F.);
#880=ORIENTED_EDGE('',*,*,#1397,.F.);
#881=ORIENTED_EDGE('',*,*,#1499,.F.);
#882=ORIENTED_EDGE('',*,*,#1386,.T.);
#883=ORIENTED_EDGE('',*,*,#1500,.T.);
#884=ORIENTED_EDGE('',*,*,#1501,.T.);
#885=ORIENTED_EDGE('',*,*,#1502,.T.);
#886=ORIENTED_EDGE('',*,*,#1503,.F.);
#887=ORIENTED_EDGE('',*,*,#1504,.T.);
#888=ORIENTED_EDGE('',*,*,#1505,.T.);
#889=ORIENTED_EDGE('',*,*,#1506,.T.);
#890=ORIENTED_EDGE('',*,*,#1507,.F.);
#891=ORIENTED_EDGE('',*,*,#1439,.T.);
#892=ORIENTED_EDGE('',*,*,#1507,.T.);
#893=ORIENTED_EDGE('',*,*,#1508,.T.);
#894=ORIENTED_EDGE('',*,*,#1509,.F.);
#895=ORIENTED_EDGE('',*,*,#1440,.T.);
#896=ORIENTED_EDGE('',*,*,#1509,.T.);
#897=ORIENTED_EDGE('',*,*,#1510,.T.);
#898=ORIENTED_EDGE('',*,*,#1511,.T.);
#899=ORIENTED_EDGE('',*,*,#1316,.F.);
#900=ORIENTED_EDGE('',*,*,#1512,.F.);
#901=ORIENTED_EDGE('',*,*,#1441,.T.);
#902=ORIENTED_EDGE('',*,*,#1513,.T.);
#903=ORIENTED_EDGE('',*,*,#1514,.T.);
#904=ORIENTED_EDGE('',*,*,#1515,.F.);
#905=ORIENTED_EDGE('',*,*,#1516,.T.);
#906=ORIENTED_EDGE('',*,*,#1517,.T.);
#907=ORIENTED_EDGE('',*,*,#1518,.T.);
#908=ORIENTED_EDGE('',*,*,#1367,.F.);
#909=ORIENTED_EDGE('',*,*,#1318,.F.);
#910=ORIENTED_EDGE('',*,*,#1519,.T.);
#911=ORIENTED_EDGE('',*,*,#1520,.T.);
#912=ORIENTED_EDGE('',*,*,#1521,.F.);
#913=ORIENTED_EDGE('',*,*,#1443,.T.);
#914=ORIENTED_EDGE('',*,*,#1522,.F.);
#915=ORIENTED_EDGE('',*,*,#1521,.T.);
#916=ORIENTED_EDGE('',*,*,#1523,.T.);
#917=ORIENTED_EDGE('',*,*,#1517,.F.);
#918=ORIENTED_EDGE('',*,*,#1524,.T.);
#919=ORIENTED_EDGE('',*,*,#1444,.T.);
#920=ORIENTED_EDGE('',*,*,#1394,.F.);
#921=ORIENTED_EDGE('',*,*,#1525,.T.);
#922=ORIENTED_EDGE('',*,*,#1428,.F.);
#923=ORIENTED_EDGE('',*,*,#1498,.F.);
#924=ORIENTED_EDGE('',*,*,#1409,.T.);
#925=ORIENTED_EDGE('',*,*,#1526,.T.);
#926=ORIENTED_EDGE('',*,*,#1527,.T.);
#927=ORIENTED_EDGE('',*,*,#1528,.T.);
#928=ORIENTED_EDGE('',*,*,#1529,.T.);
#929=ORIENTED_EDGE('',*,*,#1530,.T.);
#930=ORIENTED_EDGE('',*,*,#1531,.T.);
#931=ORIENTED_EDGE('',*,*,#1484,.F.);
#932=ORIENTED_EDGE('',*,*,#1532,.T.);
#933=ORIENTED_EDGE('',*,*,#1412,.F.);
#934=ORIENTED_EDGE('',*,*,#1533,.T.);
#935=ORIENTED_EDGE('',*,*,#1384,.F.);
#936=ORIENTED_EDGE('',*,*,#1534,.T.);
#937=ORIENTED_EDGE('',*,*,#1382,.F.);
#938=ORIENTED_EDGE('',*,*,#1535,.T.);
#939=ORIENTED_EDGE('',*,*,#1398,.F.);
#940=ORIENTED_EDGE('',*,*,#1536,.F.);
#941=ORIENTED_EDGE('',*,*,#1536,.T.);
#942=ORIENTED_EDGE('',*,*,#1413,.F.);
#943=ORIENTED_EDGE('',*,*,#1534,.F.);
#944=ORIENTED_EDGE('',*,*,#1383,.F.);
#945=ORIENTED_EDGE('',*,*,#1313,.F.);
#946=ORIENTED_EDGE('',*,*,#1307,.F.);
#947=ORIENTED_EDGE('',*,*,#1537,.T.);
#948=ORIENTED_EDGE('',*,*,#1538,.T.);
#949=ORIENTED_EDGE('',*,*,#1403,.F.);
#950=ORIENTED_EDGE('',*,*,#1539,.T.);
#951=ORIENTED_EDGE('',*,*,#1540,.T.);
#952=ORIENTED_EDGE('',*,*,#1541,.T.);
#953=ORIENTED_EDGE('',*,*,#1542,.T.);
#954=ORIENTED_EDGE('',*,*,#1543,.T.);
#955=ORIENTED_EDGE('',*,*,#1544,.T.);
#956=ORIENTED_EDGE('',*,*,#1545,.T.);
#957=ORIENTED_EDGE('',*,*,#1546,.T.);
#958=ORIENTED_EDGE('',*,*,#1328,.F.);
#959=ORIENTED_EDGE('',*,*,#1323,.F.);
#960=ORIENTED_EDGE('',*,*,#1422,.T.);
#961=ORIENTED_EDGE('',*,*,#1547,.T.);
#962=ORIENTED_EDGE('',*,*,#1548,.T.);
#963=ORIENTED_EDGE('',*,*,#1549,.T.);
#964=ORIENTED_EDGE('',*,*,#1550,.T.);
#965=ORIENTED_EDGE('',*,*,#1551,.T.);
#966=ORIENTED_EDGE('',*,*,#1552,.T.);
#967=ORIENTED_EDGE('',*,*,#1553,.T.);
#968=ORIENTED_EDGE('',*,*,#1554,.T.);
#969=ORIENTED_EDGE('',*,*,#1555,.T.);
#970=ORIENTED_EDGE('',*,*,#1556,.T.);
#971=ORIENTED_EDGE('',*,*,#1557,.T.);
#972=ORIENTED_EDGE('',*,*,#1327,.F.);
#973=ORIENTED_EDGE('',*,*,#1332,.F.);
#974=ORIENTED_EDGE('',*,*,#1334,.F.);
#975=ORIENTED_EDGE('',*,*,#1336,.F.);
#976=ORIENTED_EDGE('',*,*,#1322,.F.);
#977=ORIENTED_EDGE('',*,*,#1339,.F.);
#978=ORIENTED_EDGE('',*,*,#1312,.T.);
#979=ORIENTED_EDGE('',*,*,#1342,.T.);
#980=ORIENTED_EDGE('',*,*,#1344,.T.);
#981=ORIENTED_EDGE('',*,*,#1346,.T.);
#982=ORIENTED_EDGE('',*,*,#1306,.T.);
#983=ORIENTED_EDGE('',*,*,#1349,.T.);
#984=ORIENTED_EDGE('',*,*,#1515,.T.);
#985=ORIENTED_EDGE('',*,*,#1558,.T.);
#986=ORIENTED_EDGE('',*,*,#1559,.F.);
#987=ORIENTED_EDGE('',*,*,#1560,.F.);
#988=ORIENTED_EDGE('',*,*,#1561,.F.);
#989=ORIENTED_EDGE('',*,*,#1401,.F.);
#990=ORIENTED_EDGE('',*,*,#1492,.F.);
#991=ORIENTED_EDGE('',*,*,#1495,.F.);
#992=ORIENTED_EDGE('',*,*,#1446,.F.);
#993=ORIENTED_EDGE('',*,*,#1562,.T.);
#994=ORIENTED_EDGE('',*,*,#1304,.T.);
#995=ORIENTED_EDGE('',*,*,#1309,.T.);
#996=ORIENTED_EDGE('',*,*,#1345,.T.);
#997=ORIENTED_EDGE('',*,*,#1348,.T.);
#998=ORIENTED_EDGE('',*,*,#1340,.T.);
#999=ORIENTED_EDGE('',*,*,#1310,.T.);
#1000=ORIENTED_EDGE('',*,*,#1315,.T.);
#1001=ORIENTED_EDGE('',*,*,#1343,.T.);
#1002=ORIENTED_EDGE('',*,*,#1330,.T.);
#1003=ORIENTED_EDGE('',*,*,#1325,.T.);
#1004=ORIENTED_EDGE('',*,*,#1333,.T.);
#1005=ORIENTED_EDGE('',*,*,#1338,.T.);
#1006=ORIENTED_EDGE('',*,*,#1320,.T.);
#1007=ORIENTED_EDGE('',*,*,#1335,.T.);
#1008=ORIENTED_EDGE('',*,*,#1486,.T.);
#1009=ORIENTED_EDGE('',*,*,#1563,.T.);
#1010=ORIENTED_EDGE('',*,*,#1414,.T.);
#1011=ORIENTED_EDGE('',*,*,#1564,.F.);
#1012=ORIENTED_EDGE('',*,*,#1565,.F.);
#1013=ORIENTED_EDGE('',*,*,#1566,.F.);
#1014=ORIENTED_EDGE('',*,*,#1567,.T.);
#1015=ORIENTED_EDGE('',*,*,#1503,.T.);
#1016=ORIENTED_EDGE('',*,*,#1438,.F.);
#1017=ORIENTED_EDGE('',*,*,#1455,.T.);
#1018=ORIENTED_EDGE('',*,*,#1319,.F.);
#1019=ORIENTED_EDGE('',*,*,#1522,.T.);
#1020=ORIENTED_EDGE('',*,*,#1442,.F.);
#1021=ORIENTED_EDGE('',*,*,#1512,.T.);
#1022=ORIENTED_EDGE('',*,*,#1405,.F.);
#1023=ORIENTED_EDGE('',*,*,#1568,.T.);
#1024=ORIENTED_EDGE('',*,*,#1373,.F.);
#1025=ORIENTED_EDGE('',*,*,#1569,.F.);
#1026=ORIENTED_EDGE('',*,*,#1375,.F.);
#1027=ORIENTED_EDGE('',*,*,#1570,.T.);
#1028=ORIENTED_EDGE('',*,*,#1350,.F.);
#1029=ORIENTED_EDGE('',*,*,#1571,.F.);
#1030=ORIENTED_EDGE('',*,*,#1572,.F.);
#1031=ORIENTED_EDGE('',*,*,#1376,.F.);
#1032=ORIENTED_EDGE('',*,*,#1573,.F.);
#1033=ORIENTED_EDGE('',*,*,#1479,.F.);
#1034=ORIENTED_EDGE('',*,*,#1569,.T.);
#1035=ORIENTED_EDGE('',*,*,#1572,.T.);
#1036=ORIENTED_EDGE('',*,*,#1574,.F.);
#1037=ORIENTED_EDGE('',*,*,#1573,.T.);
#1038=ORIENTED_EDGE('',*,*,#1571,.T.);
#1039=ORIENTED_EDGE('',*,*,#1575,.F.);
#1040=ORIENTED_EDGE('',*,*,#1478,.F.);
#1041=ORIENTED_EDGE('',*,*,#1576,.T.);
#1042=ORIENTED_EDGE('',*,*,#1406,.F.);
#1043=ORIENTED_EDGE('',*,*,#1574,.T.);
#1044=ORIENTED_EDGE('',*,*,#1352,.F.);
#1045=ORIENTED_EDGE('',*,*,#1577,.T.);
#1046=ORIENTED_EDGE('',*,*,#1364,.F.);
#1047=ORIENTED_EDGE('',*,*,#1578,.F.);
#1048=ORIENTED_EDGE('',*,*,#1575,.T.);
#1049=ORIENTED_EDGE('',*,*,#1353,.F.);
#1050=ORIENTED_EDGE('',*,*,#1579,.F.);
#1051=ORIENTED_EDGE('',*,*,#1480,.F.);
#1052=ORIENTED_EDGE('',*,*,#1431,.F.);
#1053=ORIENTED_EDGE('',*,*,#1580,.T.);
#1054=ORIENTED_EDGE('',*,*,#1483,.F.);
#1055=ORIENTED_EDGE('',*,*,#1581,.F.);
#1056=ORIENTED_EDGE('',*,*,#1469,.F.);
#1057=ORIENTED_EDGE('',*,*,#1582,.T.);
#1058=ORIENTED_EDGE('',*,*,#1432,.F.);
#1059=ORIENTED_EDGE('',*,*,#1583,.F.);
#1060=ORIENTED_EDGE('',*,*,#1477,.F.);
#1061=ORIENTED_EDGE('',*,*,#1579,.T.);
#1062=ORIENTED_EDGE('',*,*,#1578,.T.);
#1063=ORIENTED_EDGE('',*,*,#1584,.F.);
#1064=ORIENTED_EDGE('',*,*,#1583,.T.);
#1065=ORIENTED_EDGE('',*,*,#1581,.T.);
#1066=ORIENTED_EDGE('',*,*,#1585,.F.);
#1067=ORIENTED_EDGE('',*,*,#1584,.T.);
#1068=ORIENTED_EDGE('',*,*,#1363,.F.);
#1069=ORIENTED_EDGE('',*,*,#1586,.F.);
#1070=ORIENTED_EDGE('',*,*,#1481,.F.);
#1071=ORIENTED_EDGE('',*,*,#1585,.T.);
#1072=ORIENTED_EDGE('',*,*,#1482,.F.);
#1073=ORIENTED_EDGE('',*,*,#1587,.F.);
#1074=ORIENTED_EDGE('',*,*,#1475,.F.);
#1075=ORIENTED_EDGE('',*,*,#1587,.T.);
#1076=ORIENTED_EDGE('',*,*,#1586,.T.);
#1077=ORIENTED_EDGE('',*,*,#1588,.F.);
#1078=ORIENTED_EDGE('',*,*,#1588,.T.);
#1079=ORIENTED_EDGE('',*,*,#1362,.F.);
#1080=ORIENTED_EDGE('',*,*,#1589,.T.);
#1081=ORIENTED_EDGE('',*,*,#1471,.F.);
#1082=ORIENTED_EDGE('',*,*,#1476,.F.);
#1083=ORIENTED_EDGE('',*,*,#1551,.F.);
#1084=ORIENTED_EDGE('',*,*,#1590,.T.);
#1085=ORIENTED_EDGE('',*,*,#1566,.T.);
#1086=ORIENTED_EDGE('',*,*,#1591,.F.);
#1087=ORIENTED_EDGE('',*,*,#1423,.F.);
#1088=ORIENTED_EDGE('',*,*,#1553,.F.);
#1089=ORIENTED_EDGE('',*,*,#1592,.F.);
#1090=ORIENTED_EDGE('',*,*,#1564,.T.);
#1091=ORIENTED_EDGE('',*,*,#1591,.T.);
#1092=ORIENTED_EDGE('',*,*,#1565,.T.);
#1093=ORIENTED_EDGE('',*,*,#1592,.T.);
#1094=ORIENTED_EDGE('',*,*,#1552,.F.);
#1095=ORIENTED_EDGE('',*,*,#1402,.F.);
#1096=ORIENTED_EDGE('',*,*,#1561,.T.);
#1097=ORIENTED_EDGE('',*,*,#1593,.F.);
#1098=ORIENTED_EDGE('',*,*,#1539,.F.);
#1099=ORIENTED_EDGE('',*,*,#1593,.T.);
#1100=ORIENTED_EDGE('',*,*,#1560,.T.);
#1101=ORIENTED_EDGE('',*,*,#1594,.F.);
#1102=ORIENTED_EDGE('',*,*,#1540,.F.);
#1103=ORIENTED_EDGE('',*,*,#1559,.T.);
#1104=ORIENTED_EDGE('',*,*,#1595,.T.);
#1105=ORIENTED_EDGE('',*,*,#1541,.F.);
#1106=ORIENTED_EDGE('',*,*,#1594,.T.);
#1107=ORIENTED_EDGE('',*,*,#1366,.F.);
#1108=ORIENTED_EDGE('',*,*,#1596,.T.);
#1109=ORIENTED_EDGE('',*,*,#1542,.F.);
#1110=ORIENTED_EDGE('',*,*,#1597,.F.);
#1111=ORIENTED_EDGE('',*,*,#1513,.F.);
#1112=ORIENTED_EDGE('',*,*,#1597,.T.);
#1113=ORIENTED_EDGE('',*,*,#1595,.F.);
#1114=ORIENTED_EDGE('',*,*,#1558,.F.);
#1115=ORIENTED_EDGE('',*,*,#1514,.F.);
#1116=ORIENTED_EDGE('',*,*,#1562,.F.);
#1117=ORIENTED_EDGE('',*,*,#1445,.F.);
#1118=ORIENTED_EDGE('',*,*,#1524,.F.);
#1119=ORIENTED_EDGE('',*,*,#1516,.F.);
#1120=ORIENTED_EDGE('',*,*,#1518,.F.);
#1121=ORIENTED_EDGE('',*,*,#1523,.F.);
#1122=ORIENTED_EDGE('',*,*,#1598,.F.);
#1123=ORIENTED_EDGE('',*,*,#1368,.F.);
#1124=ORIENTED_EDGE('',*,*,#1598,.T.);
#1125=ORIENTED_EDGE('',*,*,#1520,.F.);
#1126=ORIENTED_EDGE('',*,*,#1599,.F.);
#1127=ORIENTED_EDGE('',*,*,#1600,.T.);
#1128=ORIENTED_EDGE('',*,*,#1354,.F.);
#1129=ORIENTED_EDGE('',*,*,#1599,.T.);
#1130=ORIENTED_EDGE('',*,*,#1519,.F.);
#1131=ORIENTED_EDGE('',*,*,#1601,.F.);
#1132=ORIENTED_EDGE('',*,*,#1556,.F.);
#1133=ORIENTED_EDGE('',*,*,#1602,.T.);
#1134=ORIENTED_EDGE('',*,*,#1601,.T.);
#1135=ORIENTED_EDGE('',*,*,#1317,.F.);
#1136=ORIENTED_EDGE('',*,*,#1603,.F.);
#1137=ORIENTED_EDGE('',*,*,#1557,.F.);
#1138=ORIENTED_EDGE('',*,*,#1603,.T.);
#1139=ORIENTED_EDGE('',*,*,#1511,.F.);
#1140=ORIENTED_EDGE('',*,*,#1604,.F.);
#1141=ORIENTED_EDGE('',*,*,#1605,.T.);
#1142=ORIENTED_EDGE('',*,*,#1554,.F.);
#1143=ORIENTED_EDGE('',*,*,#1604,.T.);
#1144=ORIENTED_EDGE('',*,*,#1510,.F.);
#1145=ORIENTED_EDGE('',*,*,#1606,.F.);
#1146=ORIENTED_EDGE('',*,*,#1356,.F.);
#1147=ORIENTED_EDGE('',*,*,#1607,.T.);
#1148=ORIENTED_EDGE('',*,*,#1606,.T.);
#1149=ORIENTED_EDGE('',*,*,#1508,.F.);
#1150=ORIENTED_EDGE('',*,*,#1608,.F.);
#1151=ORIENTED_EDGE('',*,*,#1357,.F.);
#1152=ORIENTED_EDGE('',*,*,#1608,.T.);
#1153=ORIENTED_EDGE('',*,*,#1506,.F.);
#1154=ORIENTED_EDGE('',*,*,#1609,.F.);
#1155=ORIENTED_EDGE('',*,*,#1610,.T.);
#1156=ORIENTED_EDGE('',*,*,#1358,.F.);
#1157=ORIENTED_EDGE('',*,*,#1609,.T.);
#1158=ORIENTED_EDGE('',*,*,#1505,.F.);
#1159=ORIENTED_EDGE('',*,*,#1611,.F.);
#1160=ORIENTED_EDGE('',*,*,#1550,.F.);
#1161=ORIENTED_EDGE('',*,*,#1612,.T.);
#1162=ORIENTED_EDGE('',*,*,#1567,.F.);
#1163=ORIENTED_EDGE('',*,*,#1590,.F.);
#1164=ORIENTED_EDGE('',*,*,#1611,.T.);
#1165=ORIENTED_EDGE('',*,*,#1504,.F.);
#1166=ORIENTED_EDGE('',*,*,#1430,.F.);
#1167=ORIENTED_EDGE('',*,*,#1613,.T.);
#1168=ORIENTED_EDGE('',*,*,#1407,.F.);
#1169=ORIENTED_EDGE('',*,*,#1614,.F.);
#1170=ORIENTED_EDGE('',*,*,#1614,.T.);
#1171=ORIENTED_EDGE('',*,*,#1576,.F.);
#1172=ORIENTED_EDGE('',*,*,#1580,.F.);
#1173=ORIENTED_EDGE('',*,*,#1602,.F.);
#1174=ORIENTED_EDGE('',*,*,#1555,.F.);
#1175=ORIENTED_EDGE('',*,*,#1605,.F.);
#1176=ORIENTED_EDGE('',*,*,#1607,.F.);
#1177=ORIENTED_EDGE('',*,*,#1355,.F.);
#1178=ORIENTED_EDGE('',*,*,#1600,.F.);
#1179=ORIENTED_EDGE('',*,*,#1596,.F.);
#1180=ORIENTED_EDGE('',*,*,#1365,.F.);
#1181=ORIENTED_EDGE('',*,*,#1615,.F.);
#1182=ORIENTED_EDGE('',*,*,#1543,.F.);
#1183=ORIENTED_EDGE('',*,*,#1615,.T.);
#1184=ORIENTED_EDGE('',*,*,#1577,.F.);
#1185=ORIENTED_EDGE('',*,*,#1616,.F.);
#1186=ORIENTED_EDGE('',*,*,#1544,.F.);
#1187=ORIENTED_EDGE('',*,*,#1616,.T.);
#1188=ORIENTED_EDGE('',*,*,#1351,.F.);
#1189=ORIENTED_EDGE('',*,*,#1617,.F.);
#1190=ORIENTED_EDGE('',*,*,#1545,.F.);
#1191=ORIENTED_EDGE('',*,*,#1617,.T.);
#1192=ORIENTED_EDGE('',*,*,#1570,.F.);
#1193=ORIENTED_EDGE('',*,*,#1618,.F.);
#1194=ORIENTED_EDGE('',*,*,#1546,.F.);
#1195=ORIENTED_EDGE('',*,*,#1618,.T.);
#1196=ORIENTED_EDGE('',*,*,#1374,.F.);
#1197=ORIENTED_EDGE('',*,*,#1619,.F.);
#1198=ORIENTED_EDGE('',*,*,#1537,.F.);
#1199=ORIENTED_EDGE('',*,*,#1619,.T.);
#1200=ORIENTED_EDGE('',*,*,#1568,.F.);
#1201=ORIENTED_EDGE('',*,*,#1404,.F.);
#1202=ORIENTED_EDGE('',*,*,#1538,.F.);
#1203=ORIENTED_EDGE('',*,*,#1612,.F.);
#1204=ORIENTED_EDGE('',*,*,#1549,.F.);
#1205=ORIENTED_EDGE('',*,*,#1620,.F.);
#1206=ORIENTED_EDGE('',*,*,#1359,.F.);
#1207=ORIENTED_EDGE('',*,*,#1610,.F.);
#1208=ORIENTED_EDGE('',*,*,#1620,.T.);
#1209=ORIENTED_EDGE('',*,*,#1548,.F.);
#1210=ORIENTED_EDGE('',*,*,#1621,.F.);
#1211=ORIENTED_EDGE('',*,*,#1459,.F.);
#1212=ORIENTED_EDGE('',*,*,#1621,.T.);
#1213=ORIENTED_EDGE('',*,*,#1547,.F.);
#1214=ORIENTED_EDGE('',*,*,#1421,.F.);
#1215=ORIENTED_EDGE('',*,*,#1370,.F.);
#1216=ORIENTED_EDGE('',*,*,#1582,.F.);
#1217=ORIENTED_EDGE('',*,*,#1468,.F.);
#1218=ORIENTED_EDGE('',*,*,#1622,.F.);
#1219=ORIENTED_EDGE('',*,*,#1433,.F.);
#1220=ORIENTED_EDGE('',*,*,#1622,.T.);
#1221=ORIENTED_EDGE('',*,*,#1467,.F.);
#1222=ORIENTED_EDGE('',*,*,#1623,.F.);
#1223=ORIENTED_EDGE('',*,*,#1420,.F.);
#1224=ORIENTED_EDGE('',*,*,#1623,.T.);
#1225=ORIENTED_EDGE('',*,*,#1474,.F.);
#1226=ORIENTED_EDGE('',*,*,#1624,.F.);
#1227=ORIENTED_EDGE('',*,*,#1372,.F.);
#1228=ORIENTED_EDGE('',*,*,#1624,.T.);
#1229=ORIENTED_EDGE('',*,*,#1473,.F.);
#1230=ORIENTED_EDGE('',*,*,#1625,.F.);
#1231=ORIENTED_EDGE('',*,*,#1460,.F.);
#1232=ORIENTED_EDGE('',*,*,#1625,.T.);
#1233=ORIENTED_EDGE('',*,*,#1472,.F.);
#1234=ORIENTED_EDGE('',*,*,#1589,.F.);
#1235=ORIENTED_EDGE('',*,*,#1361,.F.);
#1236=ORIENTED_EDGE('',*,*,#1626,.F.);
#1237=ORIENTED_EDGE('',*,*,#1466,.F.);
#1238=ORIENTED_EDGE('',*,*,#1627,.F.);
#1239=ORIENTED_EDGE('',*,*,#1436,.F.);
#1240=ORIENTED_EDGE('',*,*,#1627,.T.);
#1241=ORIENTED_EDGE('',*,*,#1465,.F.);
#1242=ORIENTED_EDGE('',*,*,#1628,.F.);
#1243=ORIENTED_EDGE('',*,*,#1451,.F.);
#1244=ORIENTED_EDGE('',*,*,#1626,.T.);
#1245=ORIENTED_EDGE('',*,*,#1457,.F.);
#1246=ORIENTED_EDGE('',*,*,#1629,.F.);
#1247=ORIENTED_EDGE('',*,*,#1463,.F.);
#1248=ORIENTED_EDGE('',*,*,#1628,.T.);
#1249=ORIENTED_EDGE('',*,*,#1464,.F.);
#1250=ORIENTED_EDGE('',*,*,#1629,.T.);
#1251=ORIENTED_EDGE('',*,*,#1461,.F.);
#1252=ORIENTED_EDGE('',*,*,#1381,.F.);
#1253=ORIENTED_EDGE('',*,*,#1379,.F.);
#1254=ORIENTED_EDGE('',*,*,#1630,.F.);
#1255=ORIENTED_EDGE('',*,*,#1535,.F.);
#1256=ORIENTED_EDGE('',*,*,#1493,.F.);
#1257=ORIENTED_EDGE('',*,*,#1399,.F.);
#1258=ORIENTED_EDGE('',*,*,#1630,.T.);
#1259=ORIENTED_EDGE('',*,*,#1378,.F.);
#1260=ORIENTED_EDGE('',*,*,#1387,.F.);
#1261=ORIENTED_EDGE('',*,*,#1502,.F.);
#1262=ORIENTED_EDGE('',*,*,#1631,.F.);
#1263=ORIENTED_EDGE('',*,*,#1391,.F.);
#1264=ORIENTED_EDGE('',*,*,#1631,.T.);
#1265=ORIENTED_EDGE('',*,*,#1501,.F.);
#1266=ORIENTED_EDGE('',*,*,#1632,.F.);
#1267=ORIENTED_EDGE('',*,*,#1411,.F.);
#1268=ORIENTED_EDGE('',*,*,#1385,.F.);
#1269=ORIENTED_EDGE('',*,*,#1533,.F.);
#1270=ORIENTED_EDGE('',*,*,#1632,.T.);
#1271=ORIENTED_EDGE('',*,*,#1500,.F.);
#1272=ORIENTED_EDGE('',*,*,#1488,.F.);
#1273=ORIENTED_EDGE('',*,*,#1425,.F.);
#1274=ORIENTED_EDGE('',*,*,#1633,.F.);
#1275=ORIENTED_EDGE('',*,*,#1532,.F.);
#1276=ORIENTED_EDGE('',*,*,#1633,.T.);
#1277=ORIENTED_EDGE('',*,*,#1489,.F.);
#1278=ORIENTED_EDGE('',*,*,#1634,.F.);
#1279=ORIENTED_EDGE('',*,*,#1530,.F.);
#1280=ORIENTED_EDGE('',*,*,#1634,.T.);
#1281=ORIENTED_EDGE('',*,*,#1416,.F.);
#1282=ORIENTED_EDGE('',*,*,#1635,.F.);
#1283=ORIENTED_EDGE('',*,*,#1531,.F.);
#1284=ORIENTED_EDGE('',*,*,#1635,.T.);
#1285=ORIENTED_EDGE('',*,*,#1415,.F.);
#1286=ORIENTED_EDGE('',*,*,#1563,.F.);
#1287=ORIENTED_EDGE('',*,*,#1485,.F.);
#1288=ORIENTED_EDGE('',*,*,#1410,.F.);
#1289=ORIENTED_EDGE('',*,*,#1529,.F.);
#1290=ORIENTED_EDGE('',*,*,#1636,.F.);
#1291=ORIENTED_EDGE('',*,*,#1393,.F.);
#1292=ORIENTED_EDGE('',*,*,#1636,.T.);
#1293=ORIENTED_EDGE('',*,*,#1528,.F.);
#1294=ORIENTED_EDGE('',*,*,#1637,.F.);
#1295=ORIENTED_EDGE('',*,*,#1525,.F.);
#1296=ORIENTED_EDGE('',*,*,#1637,.T.);
#1297=ORIENTED_EDGE('',*,*,#1527,.F.);
#1298=ORIENTED_EDGE('',*,*,#1638,.F.);
#1299=ORIENTED_EDGE('',*,*,#1429,.F.);
#1300=ORIENTED_EDGE('',*,*,#1408,.F.);
#1301=ORIENTED_EDGE('',*,*,#1613,.F.);
#1302=ORIENTED_EDGE('',*,*,#1638,.T.);
#1303=ORIENTED_EDGE('',*,*,#1526,.F.);
#1304=EDGE_CURVE('',#1639,#1640,#1844,.F.);
#1305=EDGE_CURVE('',#1641,#1639,#624,.T.);
#1306=EDGE_CURVE('',#1642,#1641,#144,.T.);
#1307=EDGE_CURVE('',#1642,#1642,#1845,.T.);
#1308=EDGE_CURVE('',#1642,#1643,#128,.T.);
#1309=EDGE_CURVE('',#1640,#1643,#129,.T.);
#1310=EDGE_CURVE('',#1644,#1645,#1846,.F.);
#1311=EDGE_CURVE('',#1646,#1644,#625,.T.);
#1312=EDGE_CURVE('',#1647,#1646,#145,.F.);
#1313=EDGE_CURVE('',#1647,#1647,#1847,.T.);
#1314=EDGE_CURVE('',#1647,#1648,#130,.T.);
#1315=EDGE_CURVE('',#1645,#1648,#131,.T.);
#1316=EDGE_CURVE('',#1649,#1650,#146,.T.);
#1317=EDGE_CURVE('',#1650,#1651,#147,.T.);
#1318=EDGE_CURVE('',#1651,#1652,#148,.T.);
#1319=EDGE_CURVE('',#1652,#1649,#149,.T.);
#1320=EDGE_CURVE('',#1653,#1654,#1848,.F.);
#1321=EDGE_CURVE('',#1653,#1655,#626,.T.);
#1322=EDGE_CURVE('',#1655,#1656,#150,.F.);
#1323=EDGE_CURVE('',#1656,#1656,#1849,.T.);
#1324=EDGE_CURVE('',#1654,#1656,#627,.T.);
#1325=EDGE_CURVE('',#1657,#1658,#1850,.F.);
#1326=EDGE_CURVE('',#1657,#1659,#628,.T.);
#1327=EDGE_CURVE('',#1659,#1660,#151,.T.);
#1328=EDGE_CURVE('',#1660,#1660,#1851,.T.);
#1329=EDGE_CURVE('',#1658,#1660,#629,.T.);
#1330=EDGE_CURVE('',#1661,#1657,#132,.T.);
#1331=EDGE_CURVE('',#1661,#1662,#630,.T.);
#1332=EDGE_CURVE('',#1662,#1659,#152,.T.);
#1333=EDGE_CURVE('',#1658,#1661,#133,.T.);
#1334=EDGE_CURVE('',#1660,#1662,#153,.T.);
#1335=EDGE_CURVE('',#1654,#1663,#134,.T.);
#1336=EDGE_CURVE('',#1656,#1664,#154,.F.);
#1337=EDGE_CURVE('',#1663,#1664,#631,.T.);
#1338=EDGE_CURVE('',#1663,#1653,#135,.T.);
#1339=EDGE_CURVE('',#1664,#1655,#155,.F.);
#1340=EDGE_CURVE('',#1665,#1644,#136,.T.);
#1341=EDGE_CURVE('',#1666,#1665,#632,.T.);
#1342=EDGE_CURVE('',#1646,#1666,#156,.F.);
#1343=EDGE_CURVE('',#1648,#1665,#137,.T.);
#1344=EDGE_CURVE('',#1666,#1647,#157,.F.);
#1345=EDGE_CURVE('',#1643,#1667,#138,.T.);
#1346=EDGE_CURVE('',#1668,#1642,#158,.T.);
#1347=EDGE_CURVE('',#1668,#1667,#633,.T.);
#1348=EDGE_CURVE('',#1667,#1639,#139,.T.);
#1349=EDGE_CURVE('',#1641,#1668,#159,.T.);
#1350=EDGE_CURVE('',#1669,#1670,#160,.T.);
#1351=EDGE_CURVE('',#1670,#1671,#161,.T.);
#1352=EDGE_CURVE('',#1671,#1672,#162,.F.);
#1353=EDGE_CURVE('',#1672,#1669,#163,.T.);
#1354=EDGE_CURVE('',#1673,#1674,#164,.T.);
#1355=EDGE_CURVE('',#1674,#1675,#165,.T.);
#1356=EDGE_CURVE('',#1675,#1676,#166,.T.);
#1357=EDGE_CURVE('',#1676,#1677,#167,.T.);
#1358=EDGE_CURVE('',#1677,#1678,#168,.T.);
#1359=EDGE_CURVE('',#1678,#1679,#169,.T.);
#1360=EDGE_CURVE('',#1680,#1679,#170,.T.);
#1361=EDGE_CURVE('',#1680,#1681,#171,.T.);
#1362=EDGE_CURVE('',#1681,#1682,#172,.F.);
#1363=EDGE_CURVE('',#1682,#1683,#173,.T.);
#1364=EDGE_CURVE('',#1683,#1684,#174,.T.);
#1365=EDGE_CURVE('',#1684,#1685,#175,.T.);
#1366=EDGE_CURVE('',#1685,#1686,#176,.F.);
#1367=EDGE_CURVE('',#1686,#1687,#177,.T.);
#1368=EDGE_CURVE('',#1687,#1673,#178,.T.);
#1369=EDGE_CURVE('',#1688,#1689,#179,.T.);
#1370=EDGE_CURVE('',#1689,#1690,#180,.T.);
#1371=EDGE_CURVE('',#1691,#1690,#181,.T.);
#1372=EDGE_CURVE('',#1691,#1688,#182,.F.);
#1373=EDGE_CURVE('',#1692,#1693,#183,.T.);
#1374=EDGE_CURVE('',#1693,#1694,#184,.T.);
#1375=EDGE_CURVE('',#1694,#1695,#185,.F.);
#1376=EDGE_CURVE('',#1695,#1692,#186,.F.);
#1377=EDGE_CURVE('',#1696,#1697,#187,.T.);
#1378=EDGE_CURVE('',#1697,#1698,#188,.T.);
#1379=EDGE_CURVE('',#1698,#1699,#189,.T.);
#1380=EDGE_CURVE('',#1699,#1696,#190,.T.);
#1381=EDGE_CURVE('',#1699,#1700,#191,.T.);
#1382=EDGE_CURVE('',#1700,#1701,#192,.T.);
#1383=EDGE_CURVE('',#1701,#1702,#193,.T.);
#1384=EDGE_CURVE('',#1702,#1703,#194,.T.);
#1385=EDGE_CURVE('',#1703,#1704,#195,.T.);
#1386=EDGE_CURVE('',#1705,#1704,#196,.T.);
#1387=EDGE_CURVE('',#1705,#1706,#197,.T.);
#1388=EDGE_CURVE('',#1707,#1706,#198,.T.);
#1389=EDGE_CURVE('',#1707,#1708,#199,.T.);
#1390=EDGE_CURVE('',#1708,#1696,#200,.T.);
#1391=EDGE_CURVE('',#1706,#1709,#201,.T.);
#1392=EDGE_CURVE('',#1709,#1710,#202,.T.);
#1393=EDGE_CURVE('',#1710,#1711,#203,.T.);
#1394=EDGE_CURVE('',#1711,#1712,#204,.T.);
#1395=EDGE_CURVE('',#1712,#1713,#205,.T.);
#1396=EDGE_CURVE('',#1714,#1713,#206,.T.);
#1397=EDGE_CURVE('',#1714,#1707,#207,.T.);
#1398=EDGE_CURVE('',#1715,#1716,#208,.T.);
#1399=EDGE_CURVE('',#1716,#1717,#209,.T.);
#1400=EDGE_CURVE('',#1717,#1718,#210,.T.);
#1401=EDGE_CURVE('',#1718,#1719,#211,.T.);
#1402=EDGE_CURVE('',#1719,#1720,#1852,.F.);
#1403=EDGE_CURVE('',#1720,#1721,#212,.T.);
#1404=EDGE_CURVE('',#1721,#1722,#140,.T.);
#1405=EDGE_CURVE('',#1722,#1723,#213,.F.);
#1406=EDGE_CURVE('',#1723,#1724,#214,.F.);
#1407=EDGE_CURVE('',#1724,#1725,#215,.T.);
#1408=EDGE_CURVE('',#1725,#1726,#141,.T.);
#1409=EDGE_CURVE('',#1727,#1726,#216,.T.);
#1410=EDGE_CURVE('',#1727,#1710,#217,.F.);
#1411=EDGE_CURVE('',#1709,#1728,#218,.T.);
#1412=EDGE_CURVE('',#1728,#1729,#219,.T.);
#1413=EDGE_CURVE('',#1729,#1715,#220,.T.);
#1414=EDGE_CURVE('',#1730,#1731,#221,.T.);
#1415=EDGE_CURVE('',#1730,#1732,#222,.T.);
#1416=EDGE_CURVE('',#1732,#1733,#223,.T.);
#1417=EDGE_CURVE('',#1733,#1734,#224,.T.);
#1418=EDGE_CURVE('',#1734,#1735,#225,.T.);
#1419=EDGE_CURVE('',#1736,#1735,#226,.T.);
#1420=EDGE_CURVE('',#1736,#1691,#227,.T.);
#1421=EDGE_CURVE('',#1690,#1737,#1853,.F.);
#1422=EDGE_CURVE('',#1738,#1737,#228,.T.);
#1423=EDGE_CURVE('',#1738,#1731,#1854,.T.);
#1424=EDGE_CURVE('',#1739,#1740,#229,.T.);
#1425=EDGE_CURVE('',#1740,#1741,#230,.T.);
#1426=EDGE_CURVE('',#1742,#1741,#231,.T.);
#1427=EDGE_CURVE('',#1739,#1742,#232,.T.);
#1428=EDGE_CURVE('',#1743,#1744,#233,.T.);
#1429=EDGE_CURVE('',#1744,#1745,#234,.T.);
#1430=EDGE_CURVE('',#1745,#1746,#235,.F.);
#1431=EDGE_CURVE('',#1746,#1747,#236,.F.);
#1432=EDGE_CURVE('',#1747,#1748,#237,.T.);
#1433=EDGE_CURVE('',#1748,#1736,#238,.F.);
#1434=EDGE_CURVE('',#1735,#1743,#239,.T.);
#1435=EDGE_CURVE('',#1749,#1750,#240,.T.);
#1436=EDGE_CURVE('',#1749,#1751,#241,.F.);
#1437=EDGE_CURVE('',#1751,#1752,#242,.T.);
#1438=EDGE_CURVE('',#1752,#1753,#243,.T.);
#1439=EDGE_CURVE('',#1754,#1753,#244,.T.);
#1440=EDGE_CURVE('',#1755,#1754,#245,.T.);
#1441=EDGE_CURVE('',#1756,#1755,#246,.T.);
#1442=EDGE_CURVE('',#1756,#1757,#247,.T.);
#1443=EDGE_CURVE('',#1758,#1757,#248,.T.);
#1444=EDGE_CURVE('',#1759,#1758,#249,.T.);
#1445=EDGE_CURVE('',#1759,#1760,#250,.T.);
#1446=EDGE_CURVE('',#1760,#1761,#251,.T.);
#1447=EDGE_CURVE('',#1762,#1761,#252,.T.);
#1448=EDGE_CURVE('',#1763,#1762,#253,.T.);
#1449=EDGE_CURVE('',#1763,#1764,#254,.T.);
#1450=EDGE_CURVE('',#1750,#1764,#255,.T.);
#1451=EDGE_CURVE('',#1751,#1765,#256,.T.);
#1452=EDGE_CURVE('',#1765,#1766,#257,.T.);
#1453=EDGE_CURVE('',#1766,#1767,#258,.T.);
#1454=EDGE_CURVE('',#1767,#1768,#259,.T.);
#1455=EDGE_CURVE('',#1752,#1768,#260,.T.);
#1456=EDGE_CURVE('',#1769,#1770,#261,.T.);
#1457=EDGE_CURVE('',#1769,#1749,#262,.F.);
#1458=EDGE_CURVE('',#1750,#1770,#263,.T.);
#1459=EDGE_CURVE('',#1679,#1689,#264,.T.);
#1460=EDGE_CURVE('',#1688,#1680,#265,.F.);
#1461=EDGE_CURVE('',#1765,#1769,#266,.T.);
#1462=EDGE_CURVE('',#1766,#1770,#267,.T.);
#1463=EDGE_CURVE('',#1771,#1772,#268,.T.);
#1464=EDGE_CURVE('',#1772,#1773,#269,.F.);
#1465=EDGE_CURVE('',#1773,#1774,#270,.F.);
#1466=EDGE_CURVE('',#1774,#1771,#271,.T.);
#1467=EDGE_CURVE('',#1775,#1776,#272,.F.);
#1468=EDGE_CURVE('',#1776,#1777,#273,.T.);
#1469=EDGE_CURVE('',#1777,#1778,#1855,.F.);
#1470=EDGE_CURVE('',#1779,#1778,#274,.T.);
#1471=EDGE_CURVE('',#1779,#1780,#1856,.F.);
#1472=EDGE_CURVE('',#1780,#1781,#275,.F.);
#1473=EDGE_CURVE('',#1781,#1782,#276,.T.);
#1474=EDGE_CURVE('',#1782,#1775,#277,.T.);
#1475=EDGE_CURVE('',#1783,#1784,#278,.F.);
#1476=EDGE_CURVE('',#1784,#1779,#279,.T.);
#1477=EDGE_CURVE('',#1778,#1783,#280,.F.);
#1478=EDGE_CURVE('',#1785,#1786,#281,.T.);
#1479=EDGE_CURVE('',#1786,#1787,#282,.T.);
#1480=EDGE_CURVE('',#1787,#1788,#283,.F.);
#1481=EDGE_CURVE('',#1788,#1789,#284,.F.);
#1482=EDGE_CURVE('',#1789,#1790,#285,.T.);
#1483=EDGE_CURVE('',#1790,#1785,#286,.T.);
#1484=EDGE_CURVE('',#1791,#1792,#287,.T.);
#1485=EDGE_CURVE('',#1792,#1793,#288,.T.);
#1486=EDGE_CURVE('',#1768,#1793,#289,.T.);
#1487=EDGE_CURVE('',#1767,#1742,#290,.T.);
#1488=EDGE_CURVE('',#1741,#1791,#291,.T.);
#1489=EDGE_CURVE('',#1733,#1740,#292,.T.);
#1490=EDGE_CURVE('',#1739,#1734,#293,.T.);
#1491=EDGE_CURVE('',#1794,#1795,#294,.T.);
#1492=EDGE_CURVE('',#1795,#1718,#295,.T.);
#1493=EDGE_CURVE('',#1717,#1697,#296,.F.);
#1494=EDGE_CURVE('',#1708,#1794,#297,.T.);
#1495=EDGE_CURVE('',#1761,#1795,#298,.T.);
#1496=EDGE_CURVE('',#1762,#1794,#299,.T.);
#1497=EDGE_CURVE('',#1764,#1713,#300,.T.);
#1498=EDGE_CURVE('',#1712,#1743,#301,.T.);
#1499=EDGE_CURVE('',#1763,#1714,#302,.T.);
#1500=EDGE_CURVE('',#1704,#1796,#303,.T.);
#1501=EDGE_CURVE('',#1796,#1797,#304,.T.);
#1502=EDGE_CURVE('',#1797,#1705,#305,.T.);
#1503=EDGE_CURVE('',#1798,#1753,#306,.T.);
#1504=EDGE_CURVE('',#1798,#1799,#1857,.T.);
#1505=EDGE_CURVE('',#1799,#1800,#307,.T.);
#1506=EDGE_CURVE('',#1800,#1801,#308,.T.);
#1507=EDGE_CURVE('',#1754,#1801,#309,.T.);
#1508=EDGE_CURVE('',#1801,#1802,#310,.T.);
#1509=EDGE_CURVE('',#1755,#1802,#311,.T.);
#1510=EDGE_CURVE('',#1802,#1803,#312,.T.);
#1511=EDGE_CURVE('',#1803,#1650,#313,.T.);
#1512=EDGE_CURVE('',#1756,#1649,#314,.T.);
#1513=EDGE_CURVE('',#1686,#1804,#315,.T.);
#1514=EDGE_CURVE('',#1804,#1805,#1858,.T.);
#1515=EDGE_CURVE('',#1806,#1805,#316,.T.);
#1516=EDGE_CURVE('',#1806,#1807,#317,.T.);
#1517=EDGE_CURVE('',#1807,#1808,#318,.T.);
#1518=EDGE_CURVE('',#1808,#1687,#319,.F.);
#1519=EDGE_CURVE('',#1651,#1809,#320,.T.);
#1520=EDGE_CURVE('',#1809,#1810,#321,.T.);
#1521=EDGE_CURVE('',#1758,#1810,#322,.T.);
#1522=EDGE_CURVE('',#1652,#1757,#323,.T.);
#1523=EDGE_CURVE('',#1810,#1808,#324,.T.);
#1524=EDGE_CURVE('',#1807,#1759,#325,.T.);
#1525=EDGE_CURVE('',#1711,#1744,#326,.T.);
#1526=EDGE_CURVE('',#1726,#1811,#1859,.F.);
#1527=EDGE_CURVE('',#1811,#1812,#327,.T.);
#1528=EDGE_CURVE('',#1812,#1813,#328,.T.);
#1529=EDGE_CURVE('',#1813,#1727,#329,.T.);
#1530=EDGE_CURVE('',#1814,#1815,#330,.T.);
#1531=EDGE_CURVE('',#1815,#1792,#331,.T.);
#1532=EDGE_CURVE('',#1791,#1814,#332,.T.);
#1533=EDGE_CURVE('',#1728,#1703,#333,.T.);
#1534=EDGE_CURVE('',#1702,#1729,#334,.T.);
#1535=EDGE_CURVE('',#1700,#1716,#335,.T.);
#1536=EDGE_CURVE('',#1701,#1715,#336,.T.);
#1537=EDGE_CURVE('',#1816,#1817,#337,.F.);
#1538=EDGE_CURVE('',#1817,#1721,#1860,.F.);
#1539=EDGE_CURVE('',#1720,#1818,#338,.T.);
#1540=EDGE_CURVE('',#1818,#1819,#339,.T.);
#1541=EDGE_CURVE('',#1819,#1820,#340,.T.);
#1542=EDGE_CURVE('',#1820,#1821,#341,.T.);
#1543=EDGE_CURVE('',#1821,#1822,#342,.F.);
#1544=EDGE_CURVE('',#1822,#1823,#1861,.F.);
#1545=EDGE_CURVE('',#1823,#1824,#343,.F.);
#1546=EDGE_CURVE('',#1824,#1816,#1862,.F.);
#1547=EDGE_CURVE('',#1737,#1825,#344,.F.);
#1548=EDGE_CURVE('',#1825,#1826,#345,.F.);
#1549=EDGE_CURVE('',#1826,#1827,#346,.F.);
#1550=EDGE_CURVE('',#1827,#1828,#347,.T.);
#1551=EDGE_CURVE('',#1828,#1829,#348,.T.);
#1552=EDGE_CURVE('',#1829,#1830,#349,.T.);
#1553=EDGE_CURVE('',#1830,#1738,#350,.T.);
#1554=EDGE_CURVE('',#1831,#1832,#351,.T.);
#1555=EDGE_CURVE('',#1832,#1833,#352,.F.);
#1556=EDGE_CURVE('',#1833,#1834,#353,.T.);
#1557=EDGE_CURVE('',#1834,#1831,#354,.T.);
#1558=EDGE_CURVE('',#1805,#1835,#355,.T.);
#1559=EDGE_CURVE('',#1836,#1835,#356,.T.);
#1560=EDGE_CURVE('',#1837,#1836,#357,.T.);
#1561=EDGE_CURVE('',#1719,#1837,#358,.T.);
#1562=EDGE_CURVE('',#1760,#1806,#359,.T.);
#1563=EDGE_CURVE('',#1793,#1730,#360,.F.);
#1564=EDGE_CURVE('',#1838,#1731,#361,.T.);
#1565=EDGE_CURVE('',#1839,#1838,#362,.T.);
#1566=EDGE_CURVE('',#1840,#1839,#363,.T.);
#1567=EDGE_CURVE('',#1840,#1798,#364,.T.);
#1568=EDGE_CURVE('',#1722,#1693,#1863,.T.);
#1569=EDGE_CURVE('',#1723,#1692,#1864,.T.);
#1570=EDGE_CURVE('',#1694,#1670,#1865,.T.);
#1571=EDGE_CURVE('',#1695,#1669,#1866,.T.);
#1572=EDGE_CURVE('',#1692,#1786,#1867,.T.);
#1573=EDGE_CURVE('',#1787,#1695,#1868,.T.);
#1574=EDGE_CURVE('',#1723,#1786,#1869,.F.);
#1575=EDGE_CURVE('',#1787,#1669,#1870,.F.);
#1576=EDGE_CURVE('',#1785,#1724,#18,.T.);
#1577=EDGE_CURVE('',#1671,#1684,#1871,.T.);
#1578=EDGE_CURVE('',#1672,#1683,#1872,.T.);
#1579=EDGE_CURVE('',#1788,#1672,#1873,.T.);
#1580=EDGE_CURVE('',#1746,#1785,#19,.F.);
#1581=EDGE_CURVE('',#1747,#1790,#1874,.T.);
#1582=EDGE_CURVE('',#1777,#1748,#142,.T.);
#1583=EDGE_CURVE('',#1783,#1747,#1875,.T.);
#1584=EDGE_CURVE('',#1788,#1683,#1876,.F.);
#1585=EDGE_CURVE('',#1783,#1790,#1877,.F.);
#1586=EDGE_CURVE('',#1789,#1682,#1878,.T.);
#1587=EDGE_CURVE('',#1784,#1789,#1879,.T.);
#1588=EDGE_CURVE('',#1784,#1682,#1880,.F.);
#1589=EDGE_CURVE('',#1681,#1780,#143,.F.);
#1590=EDGE_CURVE('',#1828,#1840,#1881,.F.);
#1591=EDGE_CURVE('',#1829,#1839,#20,.T.);
#1592=EDGE_CURVE('',#1838,#1830,#21,.F.);
#1593=EDGE_CURVE('',#1818,#1837,#22,.T.);
#1594=EDGE_CURVE('',#1819,#1836,#23,.T.);
#1595=EDGE_CURVE('',#1835,#1820,#1882,.F.);
#1596=EDGE_CURVE('',#1685,#1821,#24,.T.);
#1597=EDGE_CURVE('',#1804,#1820,#365,.T.);
#1598=EDGE_CURVE('',#1673,#1810,#366,.F.);
#1599=EDGE_CURVE('',#1841,#1809,#367,.F.);
#1600=EDGE_CURVE('',#1841,#1674,#25,.T.);
#1601=EDGE_CURVE('',#1834,#1651,#368,.F.);
#1602=EDGE_CURVE('',#1833,#1841,#26,.T.);
#1603=EDGE_CURVE('',#1831,#1650,#369,.F.);
#1604=EDGE_CURVE('',#1842,#1803,#370,.F.);
#1605=EDGE_CURVE('',#1842,#1832,#27,.T.);
#1606=EDGE_CURVE('',#1676,#1802,#371,.F.);
#1607=EDGE_CURVE('',#1675,#1842,#28,.T.);
#1608=EDGE_CURVE('',#1677,#1801,#372,.F.);
#1609=EDGE_CURVE('',#1843,#1800,#373,.F.);
#1610=EDGE_CURVE('',#1843,#1678,#29,.T.);
#1611=EDGE_CURVE('',#1828,#1799,#374,.T.);
#1612=EDGE_CURVE('',#1827,#1843,#30,.T.);
#1613=EDGE_CURVE('',#1745,#1725,#1883,.T.);
#1614=EDGE_CURVE('',#1746,#1724,#1884,.T.);
#1615=EDGE_CURVE('',#1822,#1684,#1885,.T.);
#1616=EDGE_CURVE('',#1823,#1671,#1886,.T.);
#1617=EDGE_CURVE('',#1824,#1670,#1887,.T.);
#1618=EDGE_CURVE('',#1816,#1694,#1888,.T.);
#1619=EDGE_CURVE('',#1817,#1693,#1889,.T.);
#1620=EDGE_CURVE('',#1679,#1826,#31,.T.);
#1621=EDGE_CURVE('',#1689,#1825,#32,.F.);
#1622=EDGE_CURVE('',#1736,#1776,#33,.T.);
#1623=EDGE_CURVE('',#1691,#1775,#34,.T.);
#1624=EDGE_CURVE('',#1688,#1782,#35,.T.);
#1625=EDGE_CURVE('',#1680,#1781,#36,.T.);
#1626=EDGE_CURVE('',#1771,#1749,#37,.F.);
#1627=EDGE_CURVE('',#1751,#1774,#38,.T.);
#1628=EDGE_CURVE('',#1765,#1773,#39,.T.);
#1629=EDGE_CURVE('',#1772,#1769,#40,.F.);
#1630=EDGE_CURVE('',#1716,#1698,#375,.T.);
#1631=EDGE_CURVE('',#1709,#1797,#376,.T.);
#1632=EDGE_CURVE('',#1728,#1796,#377,.T.);
#1633=EDGE_CURVE('',#1814,#1740,#378,.T.);
#1634=EDGE_CURVE('',#1815,#1733,#379,.F.);
#1635=EDGE_CURVE('',#1792,#1732,#380,.F.);
#1636=EDGE_CURVE('',#1711,#1813,#381,.F.);
#1637=EDGE_CURVE('',#1744,#1812,#382,.T.);
#1638=EDGE_CURVE('',#1745,#1811,#383,.T.);
#1639=VERTEX_POINT('',#3170);
#1640=VERTEX_POINT('',#3171);
#1641=VERTEX_POINT('',#3269);
#1642=VERTEX_POINT('',#3271);
#1643=VERTEX_POINT('',#3292);
#1644=VERTEX_POINT('',#3299);
#1645=VERTEX_POINT('',#3300);
#1646=VERTEX_POINT('',#3398);
#1647=VERTEX_POINT('',#3400);
#1648=VERTEX_POINT('',#3421);
#1649=VERTEX_POINT('',#3428);
#1650=VERTEX_POINT('',#3429);
#1651=VERTEX_POINT('',#3431);
#1652=VERTEX_POINT('',#3433);
#1653=VERTEX_POINT('',#3437);
#1654=VERTEX_POINT('',#3438);
#1655=VERTEX_POINT('',#3536);
#1656=VERTEX_POINT('',#3538);
#1657=VERTEX_POINT('',#3639);
#1658=VERTEX_POINT('',#3640);
#1659=VERTEX_POINT('',#3738);
#1660=VERTEX_POINT('',#3740);
#1661=VERTEX_POINT('',#3902);
#1662=VERTEX_POINT('',#4000);
#1663=VERTEX_POINT('',#4137);
#1664=VERTEX_POINT('',#4139);
#1665=VERTEX_POINT('',#4364);
#1666=VERTEX_POINT('',#4462);
#1667=VERTEX_POINT('',#4661);
#1668=VERTEX_POINT('',#4663);
#1669=VERTEX_POINT('',#4827);
#1670=VERTEX_POINT('',#4828);
#1671=VERTEX_POINT('',#4830);
#1672=VERTEX_POINT('',#4832);
#1673=VERTEX_POINT('',#4836);
#1674=VERTEX_POINT('',#4837);
#1675=VERTEX_POINT('',#4839);
#1676=VERTEX_POINT('',#4841);
#1677=VERTEX_POINT('',#4843);
#1678=VERTEX_POINT('',#4845);
#1679=VERTEX_POINT('',#4847);
#1680=VERTEX_POINT('',#4849);
#1681=VERTEX_POINT('',#4851);
#1682=VERTEX_POINT('',#4853);
#1683=VERTEX_POINT('',#4855);
#1684=VERTEX_POINT('',#4857);
#1685=VERTEX_POINT('',#4859);
#1686=VERTEX_POINT('',#4861);
#1687=VERTEX_POINT('',#4863);
#1688=VERTEX_POINT('',#4867);
#1689=VERTEX_POINT('',#4868);
#1690=VERTEX_POINT('',#4870);
#1691=VERTEX_POINT('',#4872);
#1692=VERTEX_POINT('',#4876);
#1693=VERTEX_POINT('',#4877);
#1694=VERTEX_POINT('',#4879);
#1695=VERTEX_POINT('',#4881);
#1696=VERTEX_POINT('',#4885);
#1697=VERTEX_POINT('',#4886);
#1698=VERTEX_POINT('',#4888);
#1699=VERTEX_POINT('',#4890);
#1700=VERTEX_POINT('',#4894);
#1701=VERTEX_POINT('',#4896);
#1702=VERTEX_POINT('',#4898);
#1703=VERTEX_POINT('',#4900);
#1704=VERTEX_POINT('',#4902);
#1705=VERTEX_POINT('',#4904);
#1706=VERTEX_POINT('',#4906);
#1707=VERTEX_POINT('',#4908);
#1708=VERTEX_POINT('',#4910);
#1709=VERTEX_POINT('',#4914);
#1710=VERTEX_POINT('',#4916);
#1711=VERTEX_POINT('',#4918);
#1712=VERTEX_POINT('',#4920);
#1713=VERTEX_POINT('',#4922);
#1714=VERTEX_POINT('',#4924);
#1715=VERTEX_POINT('',#4928);
#1716=VERTEX_POINT('',#4929);
#1717=VERTEX_POINT('',#4931);
#1718=VERTEX_POINT('',#4933);
#1719=VERTEX_POINT('',#4935);
#1720=VERTEX_POINT('',#4937);
#1721=VERTEX_POINT('',#4939);
#1722=VERTEX_POINT('',#4945);
#1723=VERTEX_POINT('',#4947);
#1724=VERTEX_POINT('',#4949);
#1725=VERTEX_POINT('',#4951);
#1726=VERTEX_POINT('',#4957);
#1727=VERTEX_POINT('',#4959);
#1728=VERTEX_POINT('',#4962);
#1729=VERTEX_POINT('',#4964);
#1730=VERTEX_POINT('',#4968);
#1731=VERTEX_POINT('',#4969);
#1732=VERTEX_POINT('',#4971);
#1733=VERTEX_POINT('',#4973);
#1734=VERTEX_POINT('',#4975);
#1735=VERTEX_POINT('',#4977);
#1736=VERTEX_POINT('',#4979);
#1737=VERTEX_POINT('',#4982);
#1738=VERTEX_POINT('',#4984);
#1739=VERTEX_POINT('',#4988);
#1740=VERTEX_POINT('',#4989);
#1741=VERTEX_POINT('',#4991);
#1742=VERTEX_POINT('',#4993);
#1743=VERTEX_POINT('',#4997);
#1744=VERTEX_POINT('',#4998);
#1745=VERTEX_POINT('',#5000);
#1746=VERTEX_POINT('',#5002);
#1747=VERTEX_POINT('',#5004);
#1748=VERTEX_POINT('',#5006);
#1749=VERTEX_POINT('',#5011);
#1750=VERTEX_POINT('',#5012);
#1751=VERTEX_POINT('',#5014);
#1752=VERTEX_POINT('',#5016);
#1753=VERTEX_POINT('',#5018);
#1754=VERTEX_POINT('',#5020);
#1755=VERTEX_POINT('',#5022);
#1756=VERTEX_POINT('',#5024);
#1757=VERTEX_POINT('',#5026);
#1758=VERTEX_POINT('',#5028);
#1759=VERTEX_POINT('',#5030);
#1760=VERTEX_POINT('',#5032);
#1761=VERTEX_POINT('',#5034);
#1762=VERTEX_POINT('',#5036);
#1763=VERTEX_POINT('',#5038);
#1764=VERTEX_POINT('',#5040);
#1765=VERTEX_POINT('',#5044);
#1766=VERTEX_POINT('',#5046);
#1767=VERTEX_POINT('',#5048);
#1768=VERTEX_POINT('',#5050);
#1769=VERTEX_POINT('',#5054);
#1770=VERTEX_POINT('',#5055);
#1771=VERTEX_POINT('',#5066);
#1772=VERTEX_POINT('',#5067);
#1773=VERTEX_POINT('',#5069);
#1774=VERTEX_POINT('',#5071);
#1775=VERTEX_POINT('',#5074);
#1776=VERTEX_POINT('',#5075);
#1777=VERTEX_POINT('',#5077);
#1778=VERTEX_POINT('',#5079);
#1779=VERTEX_POINT('',#5081);
#1780=VERTEX_POINT('',#5083);
#1781=VERTEX_POINT('',#5085);
#1782=VERTEX_POINT('',#5087);
#1783=VERTEX_POINT('',#5091);
#1784=VERTEX_POINT('',#5092);
#1785=VERTEX_POINT('',#5097);
#1786=VERTEX_POINT('',#5098);
#1787=VERTEX_POINT('',#5100);
#1788=VERTEX_POINT('',#5102);
#1789=VERTEX_POINT('',#5104);
#1790=VERTEX_POINT('',#5106);
#1791=VERTEX_POINT('',#5110);
#1792=VERTEX_POINT('',#5111);
#1793=VERTEX_POINT('',#5113);
#1794=VERTEX_POINT('',#5122);
#1795=VERTEX_POINT('',#5123);
#1796=VERTEX_POINT('',#5138);
#1797=VERTEX_POINT('',#5140);
#1798=VERTEX_POINT('',#5144);
#1799=VERTEX_POINT('',#5146);
#1800=VERTEX_POINT('',#5148);
#1801=VERTEX_POINT('',#5150);
#1802=VERTEX_POINT('',#5154);
#1803=VERTEX_POINT('',#5158);
#1804=VERTEX_POINT('',#5163);
#1805=VERTEX_POINT('',#5165);
#1806=VERTEX_POINT('',#5167);
#1807=VERTEX_POINT('',#5169);
#1808=VERTEX_POINT('',#5171);
#1809=VERTEX_POINT('',#5175);
#1810=VERTEX_POINT('',#5177);
#1811=VERTEX_POINT('',#5187);
#1812=VERTEX_POINT('',#5189);
#1813=VERTEX_POINT('',#5191);
#1814=VERTEX_POINT('',#5195);
#1815=VERTEX_POINT('',#5196);
#1816=VERTEX_POINT('',#5208);
#1817=VERTEX_POINT('',#5209);
#1818=VERTEX_POINT('',#5212);
#1819=VERTEX_POINT('',#5214);
#1820=VERTEX_POINT('',#5216);
#1821=VERTEX_POINT('',#5218);
#1822=VERTEX_POINT('',#5220);
#1823=VERTEX_POINT('',#5222);
#1824=VERTEX_POINT('',#5224);
#1825=VERTEX_POINT('',#5228);
#1826=VERTEX_POINT('',#5230);
#1827=VERTEX_POINT('',#5232);
#1828=VERTEX_POINT('',#5234);
#1829=VERTEX_POINT('',#5236);
#1830=VERTEX_POINT('',#5238);
#1831=VERTEX_POINT('',#5242);
#1832=VERTEX_POINT('',#5243);
#1833=VERTEX_POINT('',#5245);
#1834=VERTEX_POINT('',#5247);
#1835=VERTEX_POINT('',#5255);
#1836=VERTEX_POINT('',#5257);
#1837=VERTEX_POINT('',#5259);
#1838=VERTEX_POINT('',#5265);
#1839=VERTEX_POINT('',#5267);
#1840=VERTEX_POINT('',#5269);
#1841=VERTEX_POINT('',#5339);
#1842=VERTEX_POINT('',#5348);
#1843=VERTEX_POINT('',#5357);
#1844=CIRCLE('',#2353,0.003);
#1845=CIRCLE('',#2354,0.003);
#1846=CIRCLE('',#2356,0.003);
#1847=CIRCLE('',#2357,0.003);
#1848=CIRCLE('',#2360,0.003);
#1849=CIRCLE('',#2361,0.003);
#1850=CIRCLE('',#2363,0.003);
#1851=CIRCLE('',#2364,0.003);
#1852=CIRCLE('',#2373,0.003);
#1853=CIRCLE('',#2375,0.001);
#1854=CIRCLE('',#2376,0.003);
#1855=CIRCLE('',#2385,0.003);
#1856=CIRCLE('',#2386,0.003);
#1857=CIRCLE('',#2398,0.002);
#1858=CIRCLE('',#2402,0.002);
#1859=CIRCLE('',#2407,0.002);
#1860=CIRCLE('',#2413,0.004);
#1861=CIRCLE('',#2414,0.004);
#1862=CIRCLE('',#2415,0.004);
#1863=CIRCLE('',#2426,0.003);
#1864=CIRCLE('',#2427,0.003);
#1865=CIRCLE('',#2429,0.003);
#1866=CIRCLE('',#2430,0.003);
#1867=CIRCLE('',#2432,0.003);
#1868=CIRCLE('',#2433,0.003);
#1869=CIRCLE('',#2435,0.003);
#1870=CIRCLE('',#2437,0.003);
#1871=CIRCLE('',#2441,0.003);
#1872=CIRCLE('',#2442,0.003);
#1873=CIRCLE('',#2444,0.003);
#1874=CIRCLE('',#2447,0.003);
#1875=CIRCLE('',#2449,0.003);
#1876=CIRCLE('',#2451,0.003);
#1877=CIRCLE('',#2453,0.003);
#1878=CIRCLE('',#2455,0.003);
#1879=CIRCLE('',#2457,0.003);
#1880=CIRCLE('',#2459,0.003);
#1881=CIRCLE('',#2462,0.003);
#1882=CIRCLE('',#2472,0.003);
#1883=CIRCLE('',#2494,0.001);
#1884=CIRCLE('',#2495,0.001);
#1885=CIRCLE('',#2498,0.001);
#1886=CIRCLE('',#2500,0.001);
#1887=CIRCLE('',#2502,0.001);
#1888=CIRCLE('',#2504,0.001);
#1889=CIRCLE('',#2506,0.001);
#1890=EDGE_LOOP('',(#634,#635,#636,#637,#638,#639));
#1891=EDGE_LOOP('',(#640,#641,#642,#643,#644,#645));
#1892=EDGE_LOOP('',(#646,#647,#648,#649));
#1893=EDGE_LOOP('',(#650,#651,#652,#653,#654));
#1894=EDGE_LOOP('',(#655,#656,#657,#658,#659));
#1895=EDGE_LOOP('',(#660,#661,#662,#663));
#1896=EDGE_LOOP('',(#664,#665,#666,#667));
#1897=EDGE_LOOP('',(#668,#669,#670,#671));
#1898=EDGE_LOOP('',(#672,#673,#674,#675));
#1899=EDGE_LOOP('',(#676,#677,#678,#679));
#1900=EDGE_LOOP('',(#680,#681,#682,#683));
#1901=EDGE_LOOP('',(#684,#685,#686,#687));
#1902=EDGE_LOOP('',(#688,#689,#690,#691));
#1903=EDGE_LOOP('',(#692,#693,#694,#695));
#1904=EDGE_LOOP('',(#696,#697,#698,#699,#700,#701,#702,#703,#704,#705,#706,
#707,#708,#709,#710));
#1905=EDGE_LOOP('',(#711,#712,#713,#714));
#1906=EDGE_LOOP('',(#715,#716,#717,#718));
#1907=EDGE_LOOP('',(#719,#720,#721,#722));
#1908=EDGE_LOOP('',(#723,#724,#725,#726,#727,#728,#729,#730,#731,#732,#733));
#1909=EDGE_LOOP('',(#734,#735,#736,#737,#738,#739,#740,#741));
#1910=EDGE_LOOP('',(#742,#743,#744,#745,#746,#747,#748,#749,#750,#751,#752,
#753,#754,#755,#756,#757,#758));
#1911=EDGE_LOOP('',(#759,#760,#761,#762,#763,#764,#765,#766,#767,#768,#769));
#1912=EDGE_LOOP('',(#770,#771,#772,#773));
#1913=EDGE_LOOP('',(#774,#775,#776,#777,#778,#779,#780,#781));
#1914=EDGE_LOOP('',(#782,#783,#784,#785,#786,#787,#788,#789,#790,#791,#792,
#793,#794,#795,#796,#797));
#1915=EDGE_LOOP('',(#798,#799,#800,#801,#802,#803));
#1916=EDGE_LOOP('',(#804,#805,#806,#807));
#1917=EDGE_LOOP('',(#808,#809,#810,#811));
#1918=EDGE_LOOP('',(#812,#813,#814,#815));
#1919=EDGE_LOOP('',(#816,#817,#818,#819));
#1920=EDGE_LOOP('',(#820,#821,#822,#823,#824,#825,#826,#827));
#1921=EDGE_LOOP('',(#828,#829,#830,#831));
#1922=EDGE_LOOP('',(#832,#833,#834,#835,#836,#837));
#1923=EDGE_LOOP('',(#838,#839,#840,#841,#842,#843,#844));
#1924=EDGE_LOOP('',(#845,#846,#847,#848));
#1925=EDGE_LOOP('',(#849,#850,#851,#852,#853,#854,#855));
#1926=EDGE_LOOP('',(#856,#857,#858,#859));
#1927=EDGE_LOOP('',(#860,#861,#862,#863,#864,#865,#866,#867,#868,#869,#870,
#871));
#1928=EDGE_LOOP('',(#872,#873,#874,#875));
#1929=EDGE_LOOP('',(#876,#877,#878,#879,#880,#881));
#1930=EDGE_LOOP('',(#882,#883,#884,#885));
#1931=EDGE_LOOP('',(#886,#887,#888,#889,#890,#891));
#1932=EDGE_LOOP('',(#892,#893,#894,#895));
#1933=EDGE_LOOP('',(#896,#897,#898,#899,#900,#901));
#1934=EDGE_LOOP('',(#902,#903,#904,#905,#906,#907,#908));
#1935=EDGE_LOOP('',(#909,#910,#911,#912,#913,#914));
#1936=EDGE_LOOP('',(#915,#916,#917,#918,#919));
#1937=EDGE_LOOP('',(#920,#921,#922,#923));
#1938=EDGE_LOOP('',(#924,#925,#926,#927,#928));
#1939=EDGE_LOOP('',(#929,#930,#931,#932));
#1940=EDGE_LOOP('',(#933,#934,#935,#936));
#1941=EDGE_LOOP('',(#937,#938,#939,#940));
#1942=EDGE_LOOP('',(#941,#942,#943,#944));
#1943=EDGE_LOOP('',(#945));
#1944=EDGE_LOOP('',(#946));
#1945=EDGE_LOOP('',(#947,#948,#949,#950,#951,#952,#953,#954,#955,#956,#957));
#1946=EDGE_LOOP('',(#958));
#1947=EDGE_LOOP('',(#959));
#1948=EDGE_LOOP('',(#960,#961,#962,#963,#964,#965,#966,#967));
#1949=EDGE_LOOP('',(#968,#969,#970,#971));
#1950=EDGE_LOOP('',(#972,#973,#974));
#1951=EDGE_LOOP('',(#975,#976,#977));
#1952=EDGE_LOOP('',(#978,#979,#980));
#1953=EDGE_LOOP('',(#981,#982,#983));
#1954=EDGE_LOOP('',(#984,#985,#986,#987,#988,#989,#990,#991,#992,#993));
#1955=EDGE_LOOP('',(#994,#995,#996,#997));
#1956=EDGE_LOOP('',(#998,#999,#1000,#1001));
#1957=EDGE_LOOP('',(#1002,#1003,#1004));
#1958=EDGE_LOOP('',(#1005,#1006,#1007));
#1959=EDGE_LOOP('',(#1008,#1009,#1010,#1011,#1012,#1013,#1014,#1015,#1016,
#1017));
#1960=EDGE_LOOP('',(#1018,#1019,#1020,#1021));
#1961=EDGE_LOOP('',(#1022,#1023,#1024,#1025));
#1962=EDGE_LOOP('',(#1026,#1027,#1028,#1029));
#1963=EDGE_LOOP('',(#1030,#1031,#1032,#1033));
#1964=EDGE_LOOP('',(#1034,#1035,#1036));
#1965=EDGE_LOOP('',(#1037,#1038,#1039));
#1966=EDGE_LOOP('',(#1040,#1041,#1042,#1043));
#1967=EDGE_LOOP('',(#1044,#1045,#1046,#1047));
#1968=EDGE_LOOP('',(#1048,#1049,#1050,#1051));
#1969=EDGE_LOOP('',(#1052,#1053,#1054,#1055));
#1970=EDGE_LOOP('',(#1056,#1057,#1058,#1059,#1060));
#1971=EDGE_LOOP('',(#1061,#1062,#1063));
#1972=EDGE_LOOP('',(#1064,#1065,#1066));
#1973=EDGE_LOOP('',(#1067,#1068,#1069,#1070));
#1974=EDGE_LOOP('',(#1071,#1072,#1073,#1074));
#1975=EDGE_LOOP('',(#1075,#1076,#1077));
#1976=EDGE_LOOP('',(#1078,#1079,#1080,#1081,#1082));
#1977=EDGE_LOOP('',(#1083,#1084,#1085,#1086));
#1978=EDGE_LOOP('',(#1087,#1088,#1089,#1090));
#1979=EDGE_LOOP('',(#1091,#1092,#1093,#1094));
#1980=EDGE_LOOP('',(#1095,#1096,#1097,#1098));
#1981=EDGE_LOOP('',(#1099,#1100,#1101,#1102));
#1982=EDGE_LOOP('',(#1103,#1104,#1105,#1106));
#1983=EDGE_LOOP('',(#1107,#1108,#1109,#1110,#1111));
#1984=EDGE_LOOP('',(#1112,#1113,#1114,#1115));
#1985=EDGE_LOOP('',(#1116,#1117,#1118,#1119));
#1986=EDGE_LOOP('',(#1120,#1121,#1122,#1123));
#1987=EDGE_LOOP('',(#1124,#1125,#1126,#1127,#1128));
#1988=EDGE_LOOP('',(#1129,#1130,#1131,#1132,#1133));
#1989=EDGE_LOOP('',(#1134,#1135,#1136,#1137));
#1990=EDGE_LOOP('',(#1138,#1139,#1140,#1141,#1142));
#1991=EDGE_LOOP('',(#1143,#1144,#1145,#1146,#1147));
#1992=EDGE_LOOP('',(#1148,#1149,#1150,#1151));
#1993=EDGE_LOOP('',(#1152,#1153,#1154,#1155,#1156));
#1994=EDGE_LOOP('',(#1157,#1158,#1159,#1160,#1161));
#1995=EDGE_LOOP('',(#1162,#1163,#1164,#1165));
#1996=EDGE_LOOP('',(#1166,#1167,#1168,#1169));
#1997=EDGE_LOOP('',(#1170,#1171,#1172));
#1998=EDGE_LOOP('',(#1173,#1174,#1175,#1176,#1177,#1178));
#1999=EDGE_LOOP('',(#1179,#1180,#1181,#1182));
#2000=EDGE_LOOP('',(#1183,#1184,#1185,#1186));
#2001=EDGE_LOOP('',(#1187,#1188,#1189,#1190));
#2002=EDGE_LOOP('',(#1191,#1192,#1193,#1194));
#2003=EDGE_LOOP('',(#1195,#1196,#1197,#1198));
#2004=EDGE_LOOP('',(#1199,#1200,#1201,#1202));
#2005=EDGE_LOOP('',(#1203,#1204,#1205,#1206,#1207));
#2006=EDGE_LOOP('',(#1208,#1209,#1210,#1211));
#2007=EDGE_LOOP('',(#1212,#1213,#1214,#1215));
#2008=EDGE_LOOP('',(#1216,#1217,#1218,#1219));
#2009=EDGE_LOOP('',(#1220,#1221,#1222,#1223));
#2010=EDGE_LOOP('',(#1224,#1225,#1226,#1227));
#2011=EDGE_LOOP('',(#1228,#1229,#1230,#1231));
#2012=EDGE_LOOP('',(#1232,#1233,#1234,#1235));
#2013=EDGE_LOOP('',(#1236,#1237,#1238,#1239));
#2014=EDGE_LOOP('',(#1240,#1241,#1242,#1243));
#2015=EDGE_LOOP('',(#1244,#1245,#1246,#1247));
#2016=EDGE_LOOP('',(#1248,#1249,#1250,#1251));
#2017=EDGE_LOOP('',(#1252,#1253,#1254,#1255));
#2018=EDGE_LOOP('',(#1256,#1257,#1258,#1259));
#2019=EDGE_LOOP('',(#1260,#1261,#1262,#1263));
#2020=EDGE_LOOP('',(#1264,#1265,#1266,#1267));
#2021=EDGE_LOOP('',(#1268,#1269,#1270,#1271));
#2022=EDGE_LOOP('',(#1272,#1273,#1274,#1275));
#2023=EDGE_LOOP('',(#1276,#1277,#1278,#1279));
#2024=EDGE_LOOP('',(#1280,#1281,#1282,#1283));
#2025=EDGE_LOOP('',(#1284,#1285,#1286,#1287));
#2026=EDGE_LOOP('',(#1288,#1289,#1290,#1291));
#2027=EDGE_LOOP('',(#1292,#1293,#1294,#1295));
#2028=EDGE_LOOP('',(#1296,#1297,#1298,#1299));
#2029=EDGE_LOOP('',(#1300,#1301,#1302,#1303));
#2030=FACE_BOUND('',#1890,.T.);
#2031=FACE_BOUND('',#1891,.T.);
#2032=FACE_BOUND('',#1892,.T.);
#2033=FACE_BOUND('',#1893,.T.);
#2034=FACE_BOUND('',#1894,.T.);
#2035=FACE_BOUND('',#1895,.T.);
#2036=FACE_BOUND('',#1896,.T.);
#2037=FACE_BOUND('',#1897,.T.);
#2038=FACE_BOUND('',#1898,.T.);
#2039=FACE_BOUND('',#1899,.T.);
#2040=FACE_BOUND('',#1900,.T.);
#2041=FACE_BOUND('',#1901,.T.);
#2042=FACE_BOUND('',#1902,.T.);
#2043=FACE_BOUND('',#1903,.T.);
#2044=FACE_BOUND('',#1904,.T.);
#2045=FACE_BOUND('',#1905,.T.);
#2046=FACE_BOUND('',#1906,.T.);
#2047=FACE_BOUND('',#1907,.T.);
#2048=FACE_BOUND('',#1908,.T.);
#2049=FACE_BOUND('',#1909,.T.);
#2050=FACE_BOUND('',#1910,.T.);
#2051=FACE_BOUND('',#1911,.T.);
#2052=FACE_BOUND('',#1912,.T.);
#2053=FACE_BOUND('',#1913,.T.);
#2054=FACE_BOUND('',#1914,.T.);
#2055=FACE_BOUND('',#1915,.T.);
#2056=FACE_BOUND('',#1916,.T.);
#2057=FACE_BOUND('',#1917,.T.);
#2058=FACE_BOUND('',#1918,.T.);
#2059=FACE_BOUND('',#1919,.T.);
#2060=FACE_BOUND('',#1920,.T.);
#2061=FACE_BOUND('',#1921,.T.);
#2062=FACE_BOUND('',#1922,.T.);
#2063=FACE_BOUND('',#1923,.T.);
#2064=FACE_BOUND('',#1924,.T.);
#2065=FACE_BOUND('',#1925,.T.);
#2066=FACE_BOUND('',#1926,.T.);
#2067=FACE_BOUND('',#1927,.T.);
#2068=FACE_BOUND('',#1928,.T.);
#2069=FACE_BOUND('',#1929,.T.);
#2070=FACE_BOUND('',#1930,.T.);
#2071=FACE_BOUND('',#1931,.T.);
#2072=FACE_BOUND('',#1932,.T.);
#2073=FACE_BOUND('',#1933,.T.);
#2074=FACE_BOUND('',#1934,.T.);
#2075=FACE_BOUND('',#1935,.T.);
#2076=FACE_BOUND('',#1936,.T.);
#2077=FACE_BOUND('',#1937,.T.);
#2078=FACE_BOUND('',#1938,.T.);
#2079=FACE_BOUND('',#1939,.T.);
#2080=FACE_BOUND('',#1940,.T.);
#2081=FACE_BOUND('',#1941,.T.);
#2082=FACE_BOUND('',#1942,.T.);
#2083=FACE_BOUND('',#1943,.T.);
#2084=FACE_BOUND('',#1944,.T.);
#2085=FACE_BOUND('',#1945,.T.);
#2086=FACE_BOUND('',#1946,.T.);
#2087=FACE_BOUND('',#1947,.T.);
#2088=FACE_BOUND('',#1948,.T.);
#2089=FACE_BOUND('',#1949,.T.);
#2090=FACE_BOUND('',#1950,.T.);
#2091=FACE_BOUND('',#1951,.T.);
#2092=FACE_BOUND('',#1952,.T.);
#2093=FACE_BOUND('',#1953,.T.);
#2094=FACE_BOUND('',#1954,.T.);
#2095=FACE_BOUND('',#1955,.T.);
#2096=FACE_BOUND('',#1956,.T.);
#2097=FACE_BOUND('',#1957,.T.);
#2098=FACE_BOUND('',#1958,.T.);
#2099=FACE_BOUND('',#1959,.T.);
#2100=FACE_BOUND('',#1960,.T.);
#2101=FACE_BOUND('',#1961,.T.);
#2102=FACE_BOUND('',#1962,.T.);
#2103=FACE_BOUND('',#1963,.T.);
#2104=FACE_BOUND('',#1964,.T.);
#2105=FACE_BOUND('',#1965,.T.);
#2106=FACE_BOUND('',#1966,.T.);
#2107=FACE_BOUND('',#1967,.T.);
#2108=FACE_BOUND('',#1968,.T.);
#2109=FACE_BOUND('',#1969,.T.);
#2110=FACE_BOUND('',#1970,.T.);
#2111=FACE_BOUND('',#1971,.T.);
#2112=FACE_BOUND('',#1972,.T.);
#2113=FACE_BOUND('',#1973,.T.);
#2114=FACE_BOUND('',#1974,.T.);
#2115=FACE_BOUND('',#1975,.T.);
#2116=FACE_BOUND('',#1976,.T.);
#2117=FACE_BOUND('',#1977,.T.);
#2118=FACE_BOUND('',#1978,.T.);
#2119=FACE_BOUND('',#1979,.T.);
#2120=FACE_BOUND('',#1980,.T.);
#2121=FACE_BOUND('',#1981,.T.);
#2122=FACE_BOUND('',#1982,.T.);
#2123=FACE_BOUND('',#1983,.T.);
#2124=FACE_BOUND('',#1984,.T.);
#2125=FACE_BOUND('',#1985,.T.);
#2126=FACE_BOUND('',#1986,.T.);
#2127=FACE_BOUND('',#1987,.T.);
#2128=FACE_BOUND('',#1988,.T.);
#2129=FACE_BOUND('',#1989,.T.);
#2130=FACE_BOUND('',#1990,.T.);
#2131=FACE_BOUND('',#1991,.T.);
#2132=FACE_BOUND('',#1992,.T.);
#2133=FACE_BOUND('',#1993,.T.);
#2134=FACE_BOUND('',#1994,.T.);
#2135=FACE_BOUND('',#1995,.T.);
#2136=FACE_BOUND('',#1996,.T.);
#2137=FACE_BOUND('',#1997,.T.);
#2138=FACE_BOUND('',#1998,.T.);
#2139=FACE_BOUND('',#1999,.T.);
#2140=FACE_BOUND('',#2000,.T.);
#2141=FACE_BOUND('',#2001,.T.);
#2142=FACE_BOUND('',#2002,.T.);
#2143=FACE_BOUND('',#2003,.T.);
#2144=FACE_BOUND('',#2004,.T.);
#2145=FACE_BOUND('',#2005,.T.);
#2146=FACE_BOUND('',#2006,.T.);
#2147=FACE_BOUND('',#2007,.T.);
#2148=FACE_BOUND('',#2008,.T.);
#2149=FACE_BOUND('',#2009,.T.);
#2150=FACE_BOUND('',#2010,.T.);
#2151=FACE_BOUND('',#2011,.T.);
#2152=FACE_BOUND('',#2012,.T.);
#2153=FACE_BOUND('',#2013,.T.);
#2154=FACE_BOUND('',#2014,.T.);
#2155=FACE_BOUND('',#2015,.T.);
#2156=FACE_BOUND('',#2016,.T.);
#2157=FACE_BOUND('',#2017,.T.);
#2158=FACE_BOUND('',#2018,.T.);
#2159=FACE_BOUND('',#2019,.T.);
#2160=FACE_BOUND('',#2020,.T.);
#2161=FACE_BOUND('',#2021,.T.);
#2162=FACE_BOUND('',#2022,.T.);
#2163=FACE_BOUND('',#2023,.T.);
#2164=FACE_BOUND('',#2024,.T.);
#2165=FACE_BOUND('',#2025,.T.);
#2166=FACE_BOUND('',#2026,.T.);
#2167=FACE_BOUND('',#2027,.T.);
#2168=FACE_BOUND('',#2028,.T.);
#2169=FACE_BOUND('',#2029,.T.);
#2170=CYLINDRICAL_SURFACE('',#2352,0.003);
#2171=CYLINDRICAL_SURFACE('',#2355,0.003);
#2172=CYLINDRICAL_SURFACE('',#2359,0.003);
#2173=CYLINDRICAL_SURFACE('',#2362,0.003);
#2174=CYLINDRICAL_SURFACE('',#2425,0.003);
#2175=CYLINDRICAL_SURFACE('',#2428,0.003);
#2176=CYLINDRICAL_SURFACE('',#2431,0.003);
#2177=CYLINDRICAL_SURFACE('',#2438,0.003);
#2178=CYLINDRICAL_SURFACE('',#2440,0.003);
#2179=CYLINDRICAL_SURFACE('',#2443,0.003);
#2180=CYLINDRICAL_SURFACE('',#2445,0.003);
#2181=CYLINDRICAL_SURFACE('',#2448,0.003);
#2182=CYLINDRICAL_SURFACE('',#2454,0.003);
#2183=CYLINDRICAL_SURFACE('',#2456,0.003);
#2184=CYLINDRICAL_SURFACE('',#2460,0.003);
#2185=CYLINDRICAL_SURFACE('',#2461,0.003);
#2186=CYLINDRICAL_SURFACE('',#2464,0.003);
#2187=CYLINDRICAL_SURFACE('',#2466,0.003);
#2188=CYLINDRICAL_SURFACE('',#2467,0.003);
#2189=CYLINDRICAL_SURFACE('',#2469,0.003);
#2190=CYLINDRICAL_SURFACE('',#2471,0.003);
#2191=CYLINDRICAL_SURFACE('',#2493,0.001);
#2192=CYLINDRICAL_SURFACE('',#2496,0.001);
#2193=CYLINDRICAL_SURFACE('',#2497,0.001);
#2194=CYLINDRICAL_SURFACE('',#2501,0.001);
#2195=CYLINDRICAL_SURFACE('',#2505,0.001);
#2196=CYLINDRICAL_SURFACE('',#2508,0.001);
#2197=CYLINDRICAL_SURFACE('',#2510,0.001);
#2198=CYLINDRICAL_SURFACE('',#2512,0.001);
#2199=CYLINDRICAL_SURFACE('',#2513,0.001);
#2200=CYLINDRICAL_SURFACE('',#2515,0.001);
#2201=CYLINDRICAL_SURFACE('',#2517,0.001);
#2202=CYLINDRICAL_SURFACE('',#2519,0.001);
#2203=CYLINDRICAL_SURFACE('',#2521,0.001);
#2204=CYLINDRICAL_SURFACE('',#2522,0.001);
#2205=CYLINDRICAL_SURFACE('',#2525,0.001);
#2206=CYLINDRICAL_SURFACE('',#2527,0.001);
#2207=CYLINDRICAL_SURFACE('',#2529,0.001);
#2208=ADVANCED_FACE('',(#2030),#2170,.F.);
#2209=ADVANCED_FACE('',(#2031),#2171,.F.);
#2210=ADVANCED_FACE('',(#2032),#55,.T.);
#2211=ADVANCED_FACE('',(#2033),#2172,.F.);
#2212=ADVANCED_FACE('',(#2034),#2173,.F.);
#2213=ADVANCED_FACE('',(#2035),#46,.F.);
#2214=ADVANCED_FACE('',(#2036),#47,.F.);
#2215=ADVANCED_FACE('',(#2037),#48,.F.);
#2216=ADVANCED_FACE('',(#2038),#49,.F.);
#2217=ADVANCED_FACE('',(#2039),#50,.F.);
#2218=ADVANCED_FACE('',(#2040),#51,.F.);
#2219=ADVANCED_FACE('',(#2041),#52,.F.);
#2220=ADVANCED_FACE('',(#2042),#53,.F.);
#2221=ADVANCED_FACE('',(#2043),#56,.T.);
#2222=ADVANCED_FACE('',(#2044),#57,.T.);
#2223=ADVANCED_FACE('',(#2045),#58,.F.);
#2224=ADVANCED_FACE('',(#2046),#59,.F.);
#2225=ADVANCED_FACE('',(#2047),#60,.F.);
#2226=ADVANCED_FACE('',(#2048),#61,.T.);
#2227=ADVANCED_FACE('',(#2049),#62,.T.);
#2228=ADVANCED_FACE('',(#2050),#63,.F.);
#2229=ADVANCED_FACE('',(#2051),#64,.T.);
#2230=ADVANCED_FACE('',(#2052),#65,.F.);
#2231=ADVANCED_FACE('',(#2053),#66,.F.);
#2232=ADVANCED_FACE('',(#2054),#67,.F.);
#2233=ADVANCED_FACE('',(#2055),#68,.T.);
#2234=ADVANCED_FACE('',(#2056),#69,.F.);
#2235=ADVANCED_FACE('',(#2057),#70,.F.);
#2236=ADVANCED_FACE('',(#2058),#71,.T.);
#2237=ADVANCED_FACE('',(#2059,#2060),#72,.T.);
#2238=ADVANCED_FACE('',(#2061),#73,.F.);
#2239=ADVANCED_FACE('',(#2062),#74,.T.);
#2240=ADVANCED_FACE('',(#2063),#75,.T.);
#2241=ADVANCED_FACE('',(#2064),#76,.T.);
#2242=ADVANCED_FACE('',(#2065),#77,.T.);
#2243=ADVANCED_FACE('',(#2066),#78,.F.);
#2244=ADVANCED_FACE('',(#2067),#79,.F.);
#2245=ADVANCED_FACE('',(#2068),#80,.T.);
#2246=ADVANCED_FACE('',(#2069),#81,.F.);
#2247=ADVANCED_FACE('',(#2070),#82,.F.);
#2248=ADVANCED_FACE('',(#2071),#83,.T.);
#2249=ADVANCED_FACE('',(#2072),#84,.T.);
#2250=ADVANCED_FACE('',(#2073),#85,.T.);
#2251=ADVANCED_FACE('',(#2074),#86,.T.);
#2252=ADVANCED_FACE('',(#2075),#87,.T.);
#2253=ADVANCED_FACE('',(#2076),#88,.T.);
#2254=ADVANCED_FACE('',(#2077),#89,.T.);
#2255=ADVANCED_FACE('',(#2078),#90,.T.);
#2256=ADVANCED_FACE('',(#2079),#91,.T.);
#2257=ADVANCED_FACE('',(#2080),#92,.T.);
#2258=ADVANCED_FACE('',(#2081),#93,.T.);
#2259=ADVANCED_FACE('',(#2082),#94,.T.);
#2260=ADVANCED_FACE('',(#2083,#2084,#2085),#95,.T.);
#2261=ADVANCED_FACE('',(#2086,#2087,#2088),#96,.T.);
#2262=ADVANCED_FACE('',(#2089),#97,.T.);
#2263=ADVANCED_FACE('',(#2090),#98,.T.);
#2264=ADVANCED_FACE('',(#2091),#99,.T.);
#2265=ADVANCED_FACE('',(#2092),#100,.T.);
#2266=ADVANCED_FACE('',(#2093),#101,.T.);
#2267=ADVANCED_FACE('',(#2094,#2095,#2096),#102,.T.);
#2268=ADVANCED_FACE('',(#2097,#2098,#2099),#103,.T.);
#2269=ADVANCED_FACE('',(#2100),#104,.T.);
#2270=ADVANCED_FACE('',(#2101),#2174,.T.);
#2271=ADVANCED_FACE('',(#2102),#2175,.T.);
#2272=ADVANCED_FACE('',(#2103),#2176,.T.);
#2273=ADVANCED_FACE('',(#2104),#41,.T.);
#2274=ADVANCED_FACE('',(#2105),#42,.T.);
#2275=ADVANCED_FACE('',(#2106),#2177,.T.);
#2276=ADVANCED_FACE('',(#2107),#2178,.T.);
#2277=ADVANCED_FACE('',(#2108),#2179,.T.);
#2278=ADVANCED_FACE('',(#2109),#2180,.T.);
#2279=ADVANCED_FACE('',(#2110),#2181,.T.);
#2280=ADVANCED_FACE('',(#2111),#43,.T.);
#2281=ADVANCED_FACE('',(#2112),#44,.T.);
#2282=ADVANCED_FACE('',(#2113),#2182,.T.);
#2283=ADVANCED_FACE('',(#2114),#2183,.T.);
#2284=ADVANCED_FACE('',(#2115),#45,.T.);
#2285=ADVANCED_FACE('',(#2116),#2184,.T.);
#2286=ADVANCED_FACE('',(#2117),#2185,.T.);
#2287=ADVANCED_FACE('',(#2118),#2186,.T.);
#2288=ADVANCED_FACE('',(#2119),#2187,.T.);
#2289=ADVANCED_FACE('',(#2120),#2188,.T.);
#2290=ADVANCED_FACE('',(#2121),#2189,.T.);
#2291=ADVANCED_FACE('',(#2122),#2190,.T.);
#2292=ADVANCED_FACE('',(#2123),#105,.F.);
#2293=ADVANCED_FACE('',(#2124),#15,.T.);
#2294=ADVANCED_FACE('',(#2125),#106,.T.);
#2295=ADVANCED_FACE('',(#2126),#107,.F.);
#2296=ADVANCED_FACE('',(#2127),#108,.F.);
#2297=ADVANCED_FACE('',(#2128),#109,.F.);
#2298=ADVANCED_FACE('',(#2129),#110,.F.);
#2299=ADVANCED_FACE('',(#2130),#111,.F.);
#2300=ADVANCED_FACE('',(#2131),#112,.F.);
#2301=ADVANCED_FACE('',(#2132),#113,.F.);
#2302=ADVANCED_FACE('',(#2133),#114,.F.);
#2303=ADVANCED_FACE('',(#2134),#115,.F.);
#2304=ADVANCED_FACE('',(#2135),#16,.T.);
#2305=ADVANCED_FACE('',(#2136),#2191,.F.);
#2306=ADVANCED_FACE('',(#2137),#54,.F.);
#2307=ADVANCED_FACE('',(#2138),#2192,.F.);
#2308=ADVANCED_FACE('',(#2139),#2193,.F.);
#2309=ADVANCED_FACE('',(#2140),#12,.F.);
#2310=ADVANCED_FACE('',(#2141),#2194,.F.);
#2311=ADVANCED_FACE('',(#2142),#13,.F.);
#2312=ADVANCED_FACE('',(#2143),#2195,.F.);
#2313=ADVANCED_FACE('',(#2144),#14,.F.);
#2314=ADVANCED_FACE('',(#2145),#2196,.F.);
#2315=ADVANCED_FACE('',(#2146),#2197,.F.);
#2316=ADVANCED_FACE('',(#2147),#2198,.F.);
#2317=ADVANCED_FACE('',(#2148),#2199,.T.);
#2318=ADVANCED_FACE('',(#2149),#2200,.T.);
#2319=ADVANCED_FACE('',(#2150),#2201,.T.);
#2320=ADVANCED_FACE('',(#2151),#2202,.T.);
#2321=ADVANCED_FACE('',(#2152),#2203,.T.);
#2322=ADVANCED_FACE('',(#2153),#2204,.T.);
#2323=ADVANCED_FACE('',(#2154),#2205,.T.);
#2324=ADVANCED_FACE('',(#2155),#2206,.T.);
#2325=ADVANCED_FACE('',(#2156),#2207,.T.);
#2326=ADVANCED_FACE('',(#2157),#116,.T.);
#2327=ADVANCED_FACE('',(#2158),#117,.F.);
#2328=ADVANCED_FACE('',(#2159),#118,.T.);
#2329=ADVANCED_FACE('',(#2160),#119,.F.);
#2330=ADVANCED_FACE('',(#2161),#120,.T.);
#2331=ADVANCED_FACE('',(#2162),#121,.T.);
#2332=ADVANCED_FACE('',(#2163),#122,.F.);
#2333=ADVANCED_FACE('',(#2164),#123,.F.);
#2334=ADVANCED_FACE('',(#2165),#124,.F.);
#2335=ADVANCED_FACE('',(#2166),#125,.F.);
#2336=ADVANCED_FACE('',(#2167),#126,.F.);
#2337=ADVANCED_FACE('',(#2168),#127,.T.);
#2338=ADVANCED_FACE('',(#2169),#17,.F.);
#2339=CLOSED_SHELL('',(#2208,#2209,#2210,#2211,#2212,#2213,#2214,#2215,
#2216,#2217,#2218,#2219,#2220,#2221,#2222,#2223,#2224,#2225,#2226,#2227,
#2228,#2229,#2230,#2231,#2232,#2233,#2234,#2235,#2236,#2237,#2238,#2239,
#2240,#2241,#2242,#2243,#2244,#2245,#2246,#2247,#2248,#2249,#2250,#2251,
#2252,#2253,#2254,#2255,#2256,#2257,#2258,#2259,#2260,#2261,#2262,#2263,
#2264,#2265,#2266,#2267,#2268,#2269,#2270,#2271,#2272,#2273,#2274,#2275,
#2276,#2277,#2278,#2279,#2280,#2281,#2282,#2283,#2284,#2285,#2286,#2287,
#2288,#2289,#2290,#2291,#2292,#2293,#2294,#2295,#2296,#2297,#2298,#2299,
#2300,#2301,#2302,#2303,#2304,#2305,#2306,#2307,#2308,#2309,#2310,#2311,
#2312,#2313,#2314,#2315,#2316,#2317,#2318,#2319,#2320,#2321,#2322,#2323,
#2324,#2325,#2326,#2327,#2328,#2329,#2330,#2331,#2332,#2333,#2334,#2335,
#2336,#2337,#2338));
#2340=STYLED_ITEM('',(#2341),#2348);
#2341=PRESENTATION_STYLE_ASSIGNMENT((#2342));
#2342=SURFACE_STYLE_USAGE(.BOTH.,#2343);
#2343=SURFACE_SIDE_STYLE('',(#2344));
#2344=SURFACE_STYLE_FILL_AREA(#2345);
#2345=FILL_AREA_STYLE('',(#2346));
#2346=FILL_AREA_STYLE_COLOUR('',#2347);
#2347=COLOUR_RGB('',0.615686274509804,0.811764705882353,0.929411764705882);
#2348=MANIFOLD_SOLID_BREP('Part 2',#2339);
#2349=SHAPE_DEFINITION_REPRESENTATION(#5449,#2350);
#2350=SHAPE_REPRESENTATION('Part 2',(#2351),#5444);
#2351=AXIS2_PLACEMENT_3D('',#3167,#2543,#2544);
#2352=AXIS2_PLACEMENT_3D('',#3168,#2545,#2546);
#2353=AXIS2_PLACEMENT_3D('',#3169,#2547,#2548);
#2354=AXIS2_PLACEMENT_3D('',#3272,#2550,#2551);
#2355=AXIS2_PLACEMENT_3D('',#3297,#2552,#2553);
#2356=AXIS2_PLACEMENT_3D('',#3298,#2554,#2555);
#2357=AXIS2_PLACEMENT_3D('',#3401,#2557,#2558);
#2358=AXIS2_PLACEMENT_3D('',#3426,#2559,#2560);
#2359=AXIS2_PLACEMENT_3D('',#3435,#2565,#2566);
#2360=AXIS2_PLACEMENT_3D('',#3436,#2567,#2568);
#2361=AXIS2_PLACEMENT_3D('',#3539,#2570,#2571);
#2362=AXIS2_PLACEMENT_3D('',#3637,#2572,#2573);
#2363=AXIS2_PLACEMENT_3D('',#3638,#2574,#2575);
#2364=AXIS2_PLACEMENT_3D('',#3741,#2577,#2578);
#2365=AXIS2_PLACEMENT_3D('',#4825,#2587,#2588);
#2366=AXIS2_PLACEMENT_3D('',#4834,#2593,#2594);
#2367=AXIS2_PLACEMENT_3D('',#4865,#2610,#2611);
#2368=AXIS2_PLACEMENT_3D('',#4874,#2616,#2617);
#2369=AXIS2_PLACEMENT_3D('',#4883,#2622,#2623);
#2370=AXIS2_PLACEMENT_3D('',#4892,#2628,#2629);
#2371=AXIS2_PLACEMENT_3D('',#4912,#2640,#2641);
#2372=AXIS2_PLACEMENT_3D('',#4926,#2649,#2650);
#2373=AXIS2_PLACEMENT_3D('',#4936,#2655,#2656);
#2374=AXIS2_PLACEMENT_3D('',#4966,#2666,#2667);
#2375=AXIS2_PLACEMENT_3D('',#4981,#2675,#2676);
#2376=AXIS2_PLACEMENT_3D('',#4985,#2678,#2679);
#2377=AXIS2_PLACEMENT_3D('',#4986,#2680,#2681);
#2378=AXIS2_PLACEMENT_3D('',#4995,#2686,#2687);
#2379=AXIS2_PLACEMENT_3D('',#5009,#2695,#2696);
#2380=AXIS2_PLACEMENT_3D('',#5042,#2713,#2714);
#2381=AXIS2_PLACEMENT_3D('',#5052,#2720,#2721);
#2382=AXIS2_PLACEMENT_3D('',#5058,#2725,#2726);
#2383=AXIS2_PLACEMENT_3D('',#5061,#2729,#2730);
#2384=AXIS2_PLACEMENT_3D('',#5064,#2733,#2734);
#2385=AXIS2_PLACEMENT_3D('',#5078,#2741,#2742);
#2386=AXIS2_PLACEMENT_3D('',#5082,#2744,#2745);
#2387=AXIS2_PLACEMENT_3D('',#5089,#2749,#2750);
#2388=AXIS2_PLACEMENT_3D('',#5095,#2754,#2755);
#2389=AXIS2_PLACEMENT_3D('',#5108,#2762,#2763);
#2390=AXIS2_PLACEMENT_3D('',#5117,#2769,#2770);
#2391=AXIS2_PLACEMENT_3D('',#5120,#2773,#2774);
#2392=AXIS2_PLACEMENT_3D('',#5127,#2779,#2780);
#2393=AXIS2_PLACEMENT_3D('',#5130,#2783,#2784);
#2394=AXIS2_PLACEMENT_3D('',#5133,#2787,#2788);
#2395=AXIS2_PLACEMENT_3D('',#5135,#2790,#2791);
#2396=AXIS2_PLACEMENT_3D('',#5136,#2792,#2793);
#2397=AXIS2_PLACEMENT_3D('',#5142,#2797,#2798);
#2398=AXIS2_PLACEMENT_3D('',#5145,#2800,#2801);
#2399=AXIS2_PLACEMENT_3D('',#5152,#2805,#2806);
#2400=AXIS2_PLACEMENT_3D('',#5156,#2809,#2810);
#2401=AXIS2_PLACEMENT_3D('',#5161,#2814,#2815);
#2402=AXIS2_PLACEMENT_3D('',#5164,#2817,#2818);
#2403=AXIS2_PLACEMENT_3D('',#5173,#2823,#2824);
#2404=AXIS2_PLACEMENT_3D('',#5180,#2829,#2830);
#2405=AXIS2_PLACEMENT_3D('',#5183,#2833,#2834);
#2406=AXIS2_PLACEMENT_3D('',#5185,#2836,#2837);
#2407=AXIS2_PLACEMENT_3D('',#5186,#2838,#2839);
#2408=AXIS2_PLACEMENT_3D('',#5193,#2843,#2844);
#2409=AXIS2_PLACEMENT_3D('',#5199,#2848,#2849);
#2410=AXIS2_PLACEMENT_3D('',#5202,#2852,#2853);
#2411=AXIS2_PLACEMENT_3D('',#5205,#2856,#2857);
#2412=AXIS2_PLACEMENT_3D('',#5206,#2858,#2859);
#2413=AXIS2_PLACEMENT_3D('',#5210,#2861,#2862);
#2414=AXIS2_PLACEMENT_3D('',#5221,#2868,#2869);
#2415=AXIS2_PLACEMENT_3D('',#5225,#2871,#2872);
#2416=AXIS2_PLACEMENT_3D('',#5226,#2873,#2874);
#2417=AXIS2_PLACEMENT_3D('',#5240,#2882,#2883);
#2418=AXIS2_PLACEMENT_3D('',#5249,#2888,#2889);
#2419=AXIS2_PLACEMENT_3D('',#5250,#2890,#2891);
#2420=AXIS2_PLACEMENT_3D('',#5251,#2892,#2893);
#2421=AXIS2_PLACEMENT_3D('',#5252,#2894,#2895);
#2422=AXIS2_PLACEMENT_3D('',#5253,#2896,#2897);
#2423=AXIS2_PLACEMENT_3D('',#5262,#2903,#2904);
#2424=AXIS2_PLACEMENT_3D('',#5271,#2910,#2911);
#2425=AXIS2_PLACEMENT_3D('',#5272,#2912,#2913);
#2426=AXIS2_PLACEMENT_3D('',#5273,#2914,#2915);
#2427=AXIS2_PLACEMENT_3D('',#5274,#2916,#2917);
#2428=AXIS2_PLACEMENT_3D('',#5275,#2918,#2919);
#2429=AXIS2_PLACEMENT_3D('',#5276,#2920,#2921);
#2430=AXIS2_PLACEMENT_3D('',#5277,#2922,#2923);
#2431=AXIS2_PLACEMENT_3D('',#5278,#2924,#2925);
#2432=AXIS2_PLACEMENT_3D('',#5279,#2926,#2927);
#2433=AXIS2_PLACEMENT_3D('',#5280,#2928,#2929);
#2434=AXIS2_PLACEMENT_3D('',#5281,#2930,#2931);
#2435=AXIS2_PLACEMENT_3D('',#5282,#2932,#2933);
#2436=AXIS2_PLACEMENT_3D('',#5283,#2934,#2935);
#2437=AXIS2_PLACEMENT_3D('',#5284,#2936,#2937);
#2438=AXIS2_PLACEMENT_3D('',#5285,#2938,#2939);
#2439=AXIS2_PLACEMENT_3D('',#5286,#2940,#2941);
#2440=AXIS2_PLACEMENT_3D('',#5287,#2942,#2943);
#2441=AXIS2_PLACEMENT_3D('',#5288,#2944,#2945);
#2442=AXIS2_PLACEMENT_3D('',#5289,#2946,#2947);
#2443=AXIS2_PLACEMENT_3D('',#5290,#2948,#2949);
#2444=AXIS2_PLACEMENT_3D('',#5291,#2950,#2951);
#2445=AXIS2_PLACEMENT_3D('',#5292,#2952,#2953);
#2446=AXIS2_PLACEMENT_3D('',#5293,#2954,#2955);
#2447=AXIS2_PLACEMENT_3D('',#5294,#2956,#2957);
#2448=AXIS2_PLACEMENT_3D('',#5295,#2958,#2959);
#2449=AXIS2_PLACEMENT_3D('',#5301,#2960,#2961);
#2450=AXIS2_PLACEMENT_3D('',#5302,#2962,#2963);
#2451=AXIS2_PLACEMENT_3D('',#5303,#2964,#2965);
#2452=AXIS2_PLACEMENT_3D('',#5304,#2966,#2967);
#2453=AXIS2_PLACEMENT_3D('',#5305,#2968,#2969);
#2454=AXIS2_PLACEMENT_3D('',#5306,#2970,#2971);
#2455=AXIS2_PLACEMENT_3D('',#5307,#2972,#2973);
#2456=AXIS2_PLACEMENT_3D('',#5308,#2974,#2975);
#2457=AXIS2_PLACEMENT_3D('',#5309,#2976,#2977);
#2458=AXIS2_PLACEMENT_3D('',#5310,#2978,#2979);
#2459=AXIS2_PLACEMENT_3D('',#5311,#2980,#2981);
#2460=AXIS2_PLACEMENT_3D('',#5312,#2982,#2983);
#2461=AXIS2_PLACEMENT_3D('',#5318,#2984,#2985);
#2462=AXIS2_PLACEMENT_3D('',#5319,#2986,#2987);
#2463=AXIS2_PLACEMENT_3D('',#5320,#2988,#2989);
#2464=AXIS2_PLACEMENT_3D('',#5321,#2990,#2991);
#2465=AXIS2_PLACEMENT_3D('',#5322,#2992,#2993);
#2466=AXIS2_PLACEMENT_3D('',#5323,#2994,#2995);
#2467=AXIS2_PLACEMENT_3D('',#5324,#2996,#2997);
#2468=AXIS2_PLACEMENT_3D('',#5325,#2998,#2999);
#2469=AXIS2_PLACEMENT_3D('',#5326,#3000,#3001);
#2470=AXIS2_PLACEMENT_3D('',#5327,#3002,#3003);
#2471=AXIS2_PLACEMENT_3D('',#5328,#3004,#3005);
#2472=AXIS2_PLACEMENT_3D('',#5329,#3006,#3007);
#2473=AXIS2_PLACEMENT_3D('',#5330,#3008,#3009);
#2474=AXIS2_PLACEMENT_3D('',#5331,#3010,#3011);
#2475=AXIS2_PLACEMENT_3D('',#5333,#3013,#3014);
#2476=AXIS2_PLACEMENT_3D('',#5334,#3015,#3016);
#2477=AXIS2_PLACEMENT_3D('',#5335,#3017,#3018);
#2478=AXIS2_PLACEMENT_3D('',#5337,#3020,#3021);
#2479=AXIS2_PLACEMENT_3D('',#5340,#3023,#3024);
#2480=AXIS2_PLACEMENT_3D('',#5341,#3025,#3026);
#2481=AXIS2_PLACEMENT_3D('',#5343,#3028,#3029);
#2482=AXIS2_PLACEMENT_3D('',#5344,#3030,#3031);
#2483=AXIS2_PLACEMENT_3D('',#5346,#3033,#3034);
#2484=AXIS2_PLACEMENT_3D('',#5349,#3036,#3037);
#2485=AXIS2_PLACEMENT_3D('',#5350,#3038,#3039);
#2486=AXIS2_PLACEMENT_3D('',#5352,#3041,#3042);
#2487=AXIS2_PLACEMENT_3D('',#5353,#3043,#3044);
#2488=AXIS2_PLACEMENT_3D('',#5355,#3046,#3047);
#2489=AXIS2_PLACEMENT_3D('',#5358,#3049,#3050);
#2490=AXIS2_PLACEMENT_3D('',#5359,#3051,#3052);
#2491=AXIS2_PLACEMENT_3D('',#5361,#3054,#3055);
#2492=AXIS2_PLACEMENT_3D('',#5362,#3056,#3057);
#2493=AXIS2_PLACEMENT_3D('',#5363,#3058,#3059);
#2494=AXIS2_PLACEMENT_3D('',#5364,#3060,#3061);
#2495=AXIS2_PLACEMENT_3D('',#5365,#3062,#3063);
#2496=AXIS2_PLACEMENT_3D('',#5387,#3064,#3065);
#2497=AXIS2_PLACEMENT_3D('',#5388,#3066,#3067);
#2498=AXIS2_PLACEMENT_3D('',#5389,#3068,#3069);
#2499=AXIS2_PLACEMENT_3D('',#5390,#3070,#3071);
#2500=AXIS2_PLACEMENT_3D('',#5391,#3072,#3073);
#2501=AXIS2_PLACEMENT_3D('',#5392,#3074,#3075);
#2502=AXIS2_PLACEMENT_3D('',#5393,#3076,#3077);
#2503=AXIS2_PLACEMENT_3D('',#5394,#3078,#3079);
#2504=AXIS2_PLACEMENT_3D('',#5395,#3080,#3081);
#2505=AXIS2_PLACEMENT_3D('',#5396,#3082,#3083);
#2506=AXIS2_PLACEMENT_3D('',#5397,#3084,#3085);
#2507=AXIS2_PLACEMENT_3D('',#5398,#3086,#3087);
#2508=AXIS2_PLACEMENT_3D('',#5399,#3088,#3089);
#2509=AXIS2_PLACEMENT_3D('',#5400,#3090,#3091);
#2510=AXIS2_PLACEMENT_3D('',#5401,#3092,#3093);
#2511=AXIS2_PLACEMENT_3D('',#5402,#3094,#3095);
#2512=AXIS2_PLACEMENT_3D('',#5403,#3096,#3097);
#2513=AXIS2_PLACEMENT_3D('',#5404,#3098,#3099);
#2514=AXIS2_PLACEMENT_3D('',#5405,#3100,#3101);
#2515=AXIS2_PLACEMENT_3D('',#5406,#3102,#3103);
#2516=AXIS2_PLACEMENT_3D('',#5407,#3104,#3105);
#2517=AXIS2_PLACEMENT_3D('',#5408,#3106,#3107);
#2518=AXIS2_PLACEMENT_3D('',#5409,#3108,#3109);
#2519=AXIS2_PLACEMENT_3D('',#5410,#3110,#3111);
#2520=AXIS2_PLACEMENT_3D('',#5411,#3112,#3113);
#2521=AXIS2_PLACEMENT_3D('',#5412,#3114,#3115);
#2522=AXIS2_PLACEMENT_3D('',#5413,#3116,#3117);
#2523=AXIS2_PLACEMENT_3D('',#5414,#3118,#3119);
#2524=AXIS2_PLACEMENT_3D('',#5415,#3120,#3121);
#2525=AXIS2_PLACEMENT_3D('',#5416,#3122,#3123);
#2526=AXIS2_PLACEMENT_3D('',#5417,#3124,#3125);
#2527=AXIS2_PLACEMENT_3D('',#5418,#3126,#3127);
#2528=AXIS2_PLACEMENT_3D('',#5419,#3128,#3129);
#2529=AXIS2_PLACEMENT_3D('',#5420,#3130,#3131);
#2530=AXIS2_PLACEMENT_3D('',#5421,#3132,#3133);
#2531=AXIS2_PLACEMENT_3D('',#5423,#3135,#3136);
#2532=AXIS2_PLACEMENT_3D('',#5424,#3137,#3138);
#2533=AXIS2_PLACEMENT_3D('',#5426,#3140,#3141);
#2534=AXIS2_PLACEMENT_3D('',#5428,#3143,#3144);
#2535=AXIS2_PLACEMENT_3D('',#5429,#3145,#3146);
#2536=AXIS2_PLACEMENT_3D('',#5431,#3148,#3149);
#2537=AXIS2_PLACEMENT_3D('',#5433,#3151,#3152);
#2538=AXIS2_PLACEMENT_3D('',#5435,#3154,#3155);
#2539=AXIS2_PLACEMENT_3D('',#5436,#3156,#3157);
#2540=AXIS2_PLACEMENT_3D('',#5438,#3159,#3160);
#2541=AXIS2_PLACEMENT_3D('',#5440,#3162,#3163);
#2542=AXIS2_PLACEMENT_3D('',#5442,#3165,#3166);
#2543=DIRECTION('',(0.,0.,1.));
#2544=DIRECTION('',(1.,0.,0.));
#2545=DIRECTION('',(0.,0.,1.));
#2546=DIRECTION('',(1.,0.,0.));
#2547=DIRECTION('',(0.,0.,-1.));
#2548=DIRECTION('',(-1.,0.,0.));
#2549=DIRECTION('',(0.,0.,-1.));
#2550=DIRECTION('',(0.,0.,1.));
#2551=DIRECTION('',(1.,0.,0.));
#2552=DIRECTION('',(0.,0.,1.));
#2553=DIRECTION('',(1.,0.,0.));
#2554=DIRECTION('',(0.,0.,-1.));
#2555=DIRECTION('',(-1.,0.,0.));
#2556=DIRECTION('',(0.,0.,1.));
#2557=DIRECTION('',(0.,0.,1.));
#2558=DIRECTION('',(1.,0.,0.));
#2559=DIRECTION('',(0.,1.,0.));
#2560=DIRECTION('',(-1.,0.,0.));
#2561=DIRECTION('',(0.,0.,1.));
#2562=DIRECTION('',(1.,0.,0.));
#2563=DIRECTION('',(0.,0.,-1.));
#2564=DIRECTION('',(-1.,0.,0.));
#2565=DIRECTION('',(0.,0.,1.));
#2566=DIRECTION('',(1.,0.,0.));
#2567=DIRECTION('',(0.,0.,-1.));
#2568=DIRECTION('',(-1.,0.,0.));
#2569=DIRECTION('',(0.,0.,-1.));
#2570=DIRECTION('',(0.,0.,1.));
#2571=DIRECTION('',(1.,0.,0.));
#2572=DIRECTION('',(0.,0.,1.));
#2573=DIRECTION('',(1.,0.,0.));
#2574=DIRECTION('',(0.,0.,-1.));
#2575=DIRECTION('',(-1.,0.,0.));
#2576=DIRECTION('',(0.,0.,1.));
#2577=DIRECTION('',(0.,0.,1.));
#2578=DIRECTION('',(1.,0.,0.));
#2579=DIRECTION('',(0.,-0.86602540378444,-0.5));
#2580=DIRECTION('',(0.,0.866025403784438,-0.5));
#2581=DIRECTION('',(0.,-0.866025403784439,0.5));
#2582=DIRECTION('',(0.,0.866025403784439,0.5));
#2583=DIRECTION('',(-0.221735564875125,-0.837157893870391,-0.5));
#2584=DIRECTION('',(0.221735564875125,0.837157893870391,-0.5));
#2585=DIRECTION('',(-0.221735564875124,-0.837157893870391,0.5));
#2586=DIRECTION('',(0.221735564875124,0.837157893870391,0.5));
#2587=DIRECTION('',(1.,0.,0.));
#2588=DIRECTION('',(0.,0.,-1.));
#2589=DIRECTION('',(0.,0.,-1.));
#2590=DIRECTION('',(0.,1.,0.));
#2591=DIRECTION('',(0.,0.,-1.));
#2592=DIRECTION('',(0.,-1.,0.));
#2593=DIRECTION('',(0.,1.,0.));
#2594=DIRECTION('',(0.,0.,1.));
#2595=DIRECTION('',(0.,0.,-1.));
#2596=DIRECTION('',(-1.,0.,0.));
#2597=DIRECTION('',(0.,0.,1.));
#2598=DIRECTION('',(-1.,0.,0.));
#2599=DIRECTION('',(0.,0.,-1.));
#2600=DIRECTION('',(-1.,0.,0.));
#2601=DIRECTION('',(0.,0.,-1.));
#2602=DIRECTION('',(1.,0.,0.));
#2603=DIRECTION('',(0.,0.,-1.));
#2604=DIRECTION('',(1.,0.,0.));
#2605=DIRECTION('',(0.,0.,-1.));
#2606=DIRECTION('',(-1.,0.,0.));
#2607=DIRECTION('',(0.707106781186548,0.,0.707106781186548));
#2608=DIRECTION('',(0.,0.,1.));
#2609=DIRECTION('',(-1.,0.,0.));
#2610=DIRECTION('',(0.,1.,0.));
#2611=DIRECTION('',(0.,0.,1.));
#2612=DIRECTION('',(0.,0.,-1.));
#2613=DIRECTION('',(1.,0.,0.));
#2614=DIRECTION('',(0.,0.,-1.));
#2615=DIRECTION('',(1.,0.,0.));
#2616=DIRECTION('',(0.,1.,0.));
#2617=DIRECTION('',(0.,0.,1.));
#2618=DIRECTION('',(0.,0.,-1.));
#2619=DIRECTION('',(1.,0.,0.));
#2620=DIRECTION('',(0.,0.,-1.));
#2621=DIRECTION('',(1.,0.,0.));
#2622=DIRECTION('',(0.,0.,1.));
#2623=DIRECTION('',(1.,0.,0.));
#2624=DIRECTION('',(-1.,0.,0.));
#2625=DIRECTION('',(0.,1.,0.));
#2626=DIRECTION('',(1.,0.,0.));
#2627=DIRECTION('',(0.,-1.,0.));
#2628=DIRECTION('',(1.,0.,0.));
#2629=DIRECTION('',(0.,0.,-1.));
#2630=DIRECTION('',(0.,0.707106781186548,0.707106781186548));
#2631=DIRECTION('',(0.,0.,1.));
#2632=DIRECTION('',(0.,1.,0.));
#2633=DIRECTION('',(0.,0.,-1.));
#2634=DIRECTION('',(0.,0.707106781186547,-0.707106781186548));
#2635=DIRECTION('',(0.,-1.,0.));
#2636=DIRECTION('',(0.,0.707106781186547,0.707106781186548));
#2637=DIRECTION('',(0.,0.,-1.));
#2638=DIRECTION('',(0.,-1.,0.));
#2639=DIRECTION('',(0.,0.,-1.));
#2640=DIRECTION('',(-6.19544098563146E-17,1.,0.));
#2641=DIRECTION('',(-1.,-6.19544098563146E-17,0.));
#2642=DIRECTION('',(-1.,-6.19544098563146E-17,0.));
#2643=DIRECTION('',(0.,0.,1.));
#2644=DIRECTION('',(-1.,-6.19544098563146E-17,-1.82602471155453E-16));
#2645=DIRECTION('',(0.,0.,1.));
#2646=DIRECTION('',(1.,6.19544098563146E-17,0.));
#2647=DIRECTION('',(0.,0.,-1.));
#2648=DIRECTION('',(1.,6.19544098563146E-17,0.));
#2649=DIRECTION('',(1.,0.,0.));
#2650=DIRECTION('',(0.,0.,-1.));
#2651=DIRECTION('',(0.,0.,-1.));
#2652=DIRECTION('',(0.,-1.,0.));
#2653=DIRECTION('',(0.,0.,-1.));
#2654=DIRECTION('',(0.,-1.,0.));
#2655=DIRECTION('',(1.,0.,0.));
#2656=DIRECTION('',(0.,0.,-1.));
#2657=DIRECTION('',(0.,1.,0.));
#2658=DIRECTION('',(0.,0.,-1.));
#2659=DIRECTION('',(0.,-1.,0.));
#2660=DIRECTION('',(0.,0.,-1.));
#2661=DIRECTION('',(6.19544098563146E-17,-1.,0.));
#2662=DIRECTION('',(0.,-0.707106781186547,-0.707106781186548));
#2663=DIRECTION('',(0.,-1.,0.));
#2664=DIRECTION('',(0.,0.,1.));
#2665=DIRECTION('',(0.,-1.,0.));
#2666=DIRECTION('',(1.,0.,0.));
#2667=DIRECTION('',(0.,0.,-1.));
#2668=DIRECTION('',(0.,-1.,0.));
#2669=DIRECTION('',(0.,0.,1.));
#2670=DIRECTION('',(0.,1.,9.37688365392869E-17));
#2671=DIRECTION('',(0.,0.,1.));
#2672=DIRECTION('',(6.19544098563146E-17,-1.,0.));
#2673=DIRECTION('',(0.,0.,-1.));
#2674=DIRECTION('',(0.,-1.,0.));
#2675=DIRECTION('',(1.,0.,0.));
#2676=DIRECTION('',(0.,0.,-1.));
#2677=DIRECTION('',(0.,1.,0.));
#2678=DIRECTION('',(1.,0.,0.));
#2679=DIRECTION('',(0.,0.,-1.));
#2680=DIRECTION('',(1.,0.,0.));
#2681=DIRECTION('',(0.,0.,-1.));
#2682=DIRECTION('',(0.,0.,-1.));
#2683=DIRECTION('',(0.,-1.,-9.37688365392869E-17));
#2684=DIRECTION('',(0.,0.,-1.));
#2685=DIRECTION('',(0.,-1.,0.));
#2686=DIRECTION('',(-6.19544098563146E-17,1.,0.));
#2687=DIRECTION('',(-1.,-6.19544098563146E-17,0.));
#2688=DIRECTION('',(0.,0.,-1.));
#2689=DIRECTION('',(1.,6.19544098563146E-17,1.82602471155453E-16));
#2690=DIRECTION('',(0.,0.,-1.));
#2691=DIRECTION('',(1.,6.19544098563146E-17,0.));
#2692=DIRECTION('',(0.,0.,-1.));
#2693=DIRECTION('',(1.,6.19544098563146E-17,0.));
#2694=DIRECTION('',(1.,6.19544098563146E-17,0.));
#2695=DIRECTION('',(0.,1.,0.));
#2696=DIRECTION('',(0.,0.,1.));
#2697=DIRECTION('',(0.,0.,-1.));
#2698=DIRECTION('',(1.,0.,0.));
#2699=DIRECTION('',(0.,0.,-1.));
#2700=DIRECTION('',(1.,0.,0.));
#2701=DIRECTION('',(0.,0.,-1.));
#2702=DIRECTION('',(-1.,0.,0.));
#2703=DIRECTION('',(0.,0.,1.));
#2704=DIRECTION('',(1.,0.,0.));
#2705=DIRECTION('',(0.,0.,-1.));
#2706=DIRECTION('',(-1.,0.,0.));
#2707=DIRECTION('',(0.,0.,-1.));
#2708=DIRECTION('',(1.,0.,0.));
#2709=DIRECTION('',(0.,0.,-1.));
#2710=DIRECTION('',(1.,0.,0.));
#2711=DIRECTION('',(0.,0.,-1.));
#2712=DIRECTION('',(1.,0.,0.));
#2713=DIRECTION('',(1.,0.,0.));
#2714=DIRECTION('',(0.,0.,-1.));
#2715=DIRECTION('',(0.,-1.,0.));
#2716=DIRECTION('',(0.,0.,-1.));
#2717=DIRECTION('',(0.,-1.,0.));
#2718=DIRECTION('',(0.,0.,-1.));
#2719=DIRECTION('',(0.,-1.,0.));
#2720=DIRECTION('',(1.,0.,0.));
#2721=DIRECTION('',(0.,0.,-1.));
#2722=DIRECTION('',(0.,0.,-1.));
#2723=DIRECTION('',(0.,-1.,0.));
#2724=DIRECTION('',(0.,-1.,0.));
#2725=DIRECTION('',(1.,0.,0.));
#2726=DIRECTION('',(0.,0.,-1.));
#2727=DIRECTION('',(0.,-1.,0.));
#2728=DIRECTION('',(0.,-1.,0.));
#2729=DIRECTION('',(0.,1.,0.));
#2730=DIRECTION('',(0.,0.,1.));
#2731=DIRECTION('',(1.,0.,0.));
#2732=DIRECTION('',(1.,0.,0.));
#2733=DIRECTION('',(0.,0.,1.));
#2734=DIRECTION('',(1.,0.,0.));
#2735=DIRECTION('',(0.,-1.,0.));
#2736=DIRECTION('',(1.,0.,0.));
#2737=DIRECTION('',(0.,-1.,0.));
#2738=DIRECTION('',(1.,0.,0.));
#2739=DIRECTION('',(0.,-1.,0.));
#2740=DIRECTION('',(1.,6.19544098563146E-17,0.));
#2741=DIRECTION('',(0.,0.,1.));
#2742=DIRECTION('',(1.,0.,0.));
#2743=DIRECTION('',(7.12900058620606E-17,-1.,0.));
#2744=DIRECTION('',(0.,0.,1.));
#2745=DIRECTION('',(1.,0.,0.));
#2746=DIRECTION('',(1.,0.,0.));
#2747=DIRECTION('',(0.,-1.,0.));
#2748=DIRECTION('',(1.,0.,0.));
#2749=DIRECTION('',(1.,7.12900058620606E-17,0.));
#2750=DIRECTION('',(-7.12900058620606E-17,1.,0.));
#2751=DIRECTION('',(7.12900058620606E-17,-1.,0.));
#2752=DIRECTION('',(0.,0.,-1.));
#2753=DIRECTION('',(0.,0.,-1.));
#2754=DIRECTION('',(0.,0.,1.));
#2755=DIRECTION('',(1.,0.,0.));
#2756=DIRECTION('',(0.,-1.,0.));
#2757=DIRECTION('',(1.,0.,0.));
#2758=DIRECTION('',(0.,-1.,0.));
#2759=DIRECTION('',(1.,0.,0.));
#2760=DIRECTION('',(7.12900058620606E-17,-1.,0.));
#2761=DIRECTION('',(1.,6.19544098563146E-17,0.));
#2762=DIRECTION('',(0.,1.,0.));
#2763=DIRECTION('',(0.,0.,1.));
#2764=DIRECTION('',(1.,0.,0.));
#2765=DIRECTION('',(0.,0.,-1.));
#2766=DIRECTION('',(1.,0.,0.));
#2767=DIRECTION('',(1.,0.,0.));
#2768=DIRECTION('',(0.707106781186548,0.,-0.707106781186547));
#2769=DIRECTION('',(-6.19544098563146E-17,1.,0.));
#2770=DIRECTION('',(-1.,-6.19544098563146E-17,0.));
#2771=DIRECTION('',(-1.,-6.19544098563146E-17,-5.80939293070474E-33));
#2772=DIRECTION('',(1.,6.19544098563146E-17,0.));
#2773=DIRECTION('',(0.,1.,0.));
#2774=DIRECTION('',(0.,0.,1.));
#2775=DIRECTION('',(0.,0.,-1.));
#2776=DIRECTION('',(-1.,0.,0.));
#2777=DIRECTION('',(-0.707106781186548,0.,0.707106781186548));
#2778=DIRECTION('',(1.,0.,0.));
#2779=DIRECTION('',(1.,0.,0.));
#2780=DIRECTION('',(0.,0.,-1.));
#2781=DIRECTION('',(0.,-1.,0.));
#2782=DIRECTION('',(0.,-1.,0.));
#2783=DIRECTION('',(0.,0.,1.));
#2784=DIRECTION('',(1.,0.,0.));
#2785=DIRECTION('',(7.12900058620606E-17,-1.,0.));
#2786=DIRECTION('',(6.19544098563146E-17,-1.,0.));
#2787=DIRECTION('',(1.,7.12900058620606E-17,0.));
#2788=DIRECTION('',(-7.12900058620606E-17,1.,0.));
#2789=DIRECTION('',(7.12900058620606E-17,-1.,0.));
#2790=DIRECTION('',(0.,0.,1.));
#2791=DIRECTION('',(1.,0.,0.));
#2792=DIRECTION('',(0.,0.,1.));
#2793=DIRECTION('',(1.,0.,0.));
#2794=DIRECTION('',(-1.,0.,0.));
#2795=DIRECTION('',(0.,1.,0.));
#2796=DIRECTION('',(1.,6.19544098563146E-17,0.));
#2797=DIRECTION('',(1.,0.,0.));
#2798=DIRECTION('',(0.,0.,-1.));
#2799=DIRECTION('',(0.,-1.,0.));
#2800=DIRECTION('',(1.,0.,0.));
#2801=DIRECTION('',(0.,0.,-1.));
#2802=DIRECTION('',(0.,-1.,0.));
#2803=DIRECTION('',(0.,0.,1.));
#2804=DIRECTION('',(0.,1.,0.));
#2805=DIRECTION('',(0.,0.,-1.));
#2806=DIRECTION('',(-1.,0.,0.));
#2807=DIRECTION('',(1.,0.,0.));
#2808=DIRECTION('',(0.,1.,0.));
#2809=DIRECTION('',(-1.,0.,0.));
#2810=DIRECTION('',(0.,0.,1.));
#2811=DIRECTION('',(0.,0.,-1.));
#2812=DIRECTION('',(0.,1.,0.));
#2813=DIRECTION('',(0.,1.,0.));
#2814=DIRECTION('',(-1.,0.,0.));
#2815=DIRECTION('',(0.,0.,1.));
#2816=DIRECTION('',(0.,1.,0.));
#2817=DIRECTION('',(-1.,0.,0.));
#2818=DIRECTION('',(0.,0.,1.));
#2819=DIRECTION('',(0.,1.,0.));
#2820=DIRECTION('',(0.,0.,1.));
#2821=DIRECTION('',(0.,1.,0.));
#2822=DIRECTION('',(0.,-0.707106781186548,-0.707106781186548));
#2823=DIRECTION('',(1.,0.,0.));
#2824=DIRECTION('',(0.,0.,-1.));
#2825=DIRECTION('',(0.,-1.,0.));
#2826=DIRECTION('',(0.,0.,1.));
#2827=DIRECTION('',(0.,1.,0.));
#2828=DIRECTION('',(0.,-1.,0.));
#2829=DIRECTION('',(0.,0.,-1.));
#2830=DIRECTION('',(-1.,0.,0.));
#2831=DIRECTION('',(1.,0.,0.));
#2832=DIRECTION('',(0.70710678118655,-0.707106781186545,0.));
#2833=DIRECTION('',(-1.,-6.19544098563146E-17,0.));
#2834=DIRECTION('',(6.19544098563146E-17,-1.,0.));
#2835=DIRECTION('',(6.19544098563146E-17,-1.,1.3684555315672E-48));
#2836=DIRECTION('',(1.82602471155453E-16,1.13130283387408E-32,-1.));
#2837=DIRECTION('',(-1.,0.,-1.82602471155453E-16));
#2838=DIRECTION('',(1.82602471155453E-16,1.13130283387408E-32,-1.));
#2839=DIRECTION('',(-1.,0.,-1.82602471155453E-16));
#2840=DIRECTION('',(-1.,-6.19544098563146E-17,-1.82602471155453E-16));
#2841=DIRECTION('',(-6.19544098563146E-17,1.,-1.3684555315672E-48));
#2842=DIRECTION('',(1.,6.19544098563146E-17,1.82602471155453E-16));
#2843=DIRECTION('',(0.,9.37688365392869E-17,-1.));
#2844=DIRECTION('',(0.,1.,9.37688365392869E-17));
#2845=DIRECTION('',(1.,6.19544098563146E-17,5.80939293070474E-33));
#2846=DIRECTION('',(0.,-1.,-9.37688365392869E-17));
#2847=DIRECTION('',(0.,1.,9.37688365392869E-17));
#2848=DIRECTION('',(0.,-1.,0.));
#2849=DIRECTION('',(0.,0.,-1.));
#2850=DIRECTION('',(1.,0.,0.));
#2851=DIRECTION('',(-1.,0.,0.));
#2852=DIRECTION('',(0.,1.,0.));
#2853=DIRECTION('',(0.,0.,1.));
#2854=DIRECTION('',(-1.,0.,0.));
#2855=DIRECTION('',(-1.,0.,0.));
#2856=DIRECTION('',(0.,0.,-1.));
#2857=DIRECTION('',(-1.,0.,0.));
#2858=DIRECTION('',(0.,0.,1.));
#2859=DIRECTION('',(1.,0.,0.));
#2860=DIRECTION('',(1.,0.,0.));
#2861=DIRECTION('',(0.,0.,1.));
#2862=DIRECTION('',(1.,0.,0.));
#2863=DIRECTION('',(1.,0.,0.));
#2864=DIRECTION('',(0.,1.,0.));
#2865=DIRECTION('',(-1.,0.,0.));
#2866=DIRECTION('',(0.,-1.,0.));
#2867=DIRECTION('',(-1.,0.,0.));
#2868=DIRECTION('',(0.,0.,1.));
#2869=DIRECTION('',(1.,0.,0.));
#2870=DIRECTION('',(0.,1.,0.));
#2871=DIRECTION('',(0.,0.,1.));
#2872=DIRECTION('',(1.,0.,0.));
#2873=DIRECTION('',(0.,0.,1.));
#2874=DIRECTION('',(1.,0.,0.));
#2875=DIRECTION('',(1.,0.,0.));
#2876=DIRECTION('',(0.,-1.,0.));
#2877=DIRECTION('',(-1.,0.,0.));
#2878=DIRECTION('',(0.,1.,0.));
#2879=DIRECTION('',(-1.,0.,0.));
#2880=DIRECTION('',(0.,-1.,0.));
#2881=DIRECTION('',(1.,0.,0.));
#2882=DIRECTION('',(0.,0.,1.));
#2883=DIRECTION('',(1.,0.,0.));
#2884=DIRECTION('',(0.,-1.,0.));
#2885=DIRECTION('',(-1.,0.,0.));
#2886=DIRECTION('',(0.,1.,0.));
#2887=DIRECTION('',(-1.,0.,0.));
#2888=DIRECTION('',(1.,0.,0.));
#2889=DIRECTION('',(0.,1.,0.));
#2890=DIRECTION('',(1.,0.,0.));
#2891=DIRECTION('',(0.,1.,0.));
#2892=DIRECTION('',(0.966666670760581,-0.256038176139135,0.));
#2893=DIRECTION('',(0.256038176139135,0.966666670760581,0.));
#2894=DIRECTION('',(0.966666670760581,-0.256038176139134,0.));
#2895=DIRECTION('',(0.256038176139134,0.966666670760581,0.));
#2896=DIRECTION('',(0.,0.,-1.));
#2897=DIRECTION('',(1.,0.,0.));
#2898=DIRECTION('',(0.707106781186547,0.707106781186548,0.));
#2899=DIRECTION('',(-1.,0.,0.));
#2900=DIRECTION('',(0.,1.,0.));
#2901=DIRECTION('',(1.,0.,0.));
#2902=DIRECTION('',(-0.70710678118655,0.707106781186545,0.));
#2903=DIRECTION('',(0.,0.,-1.));
#2904=DIRECTION('',(1.,0.,0.));
#2905=DIRECTION('',(-0.707106781186548,0.707106781186548,0.));
#2906=DIRECTION('',(1.,0.,0.));
#2907=DIRECTION('',(0.,-1.,0.));
#2908=DIRECTION('',(-1.,0.,0.));
#2909=DIRECTION('',(0.707106781186547,-0.707106781186548,0.));
#2910=DIRECTION('',(0.,0.,-1.));
#2911=DIRECTION('',(1.,0.,0.));
#2912=DIRECTION('',(0.,0.,-1.));
#2913=DIRECTION('',(-1.,0.,0.));
#2914=DIRECTION('',(0.,0.,1.));
#2915=DIRECTION('',(1.,0.,0.));
#2916=DIRECTION('',(0.,0.,1.));
#2917=DIRECTION('',(1.,0.,0.));
#2918=DIRECTION('',(0.,0.,1.));
#2919=DIRECTION('',(1.,0.,0.));
#2920=DIRECTION('',(0.,0.,1.));
#2921=DIRECTION('',(1.,0.,0.));
#2922=DIRECTION('',(0.,0.,1.));
#2923=DIRECTION('',(1.,0.,0.));
#2924=DIRECTION('',(-1.,0.,0.));
#2925=DIRECTION('',(0.,0.,1.));
#2926=DIRECTION('',(-1.,0.,0.));
#2927=DIRECTION('',(0.,0.,1.));
#2928=DIRECTION('',(1.,0.,0.));
#2929=DIRECTION('',(0.,0.,-1.));
#2930=DIRECTION('',(-2.89120579329468E-16,-1.,0.));
#2931=DIRECTION('',(1.,-2.89120579329468E-16,0.));
#2932=DIRECTION('',(0.,-1.,0.));
#2933=DIRECTION('',(0.,0.,-1.));
#2934=DIRECTION('',(0.,-1.,0.));
#2935=DIRECTION('',(0.,0.,-1.));
#2936=DIRECTION('',(0.,-1.,0.));
#2937=DIRECTION('',(0.,0.,-1.));
#2938=DIRECTION('',(0.,1.,0.));
#2939=DIRECTION('',(0.,0.,1.));
#2940=DIRECTION('',(0.8,-0.6,0.));
#2941=DIRECTION('',(-0.6,-0.8,0.));
#2942=DIRECTION('',(0.,0.,-1.));
#2943=DIRECTION('',(-1.,0.,0.));
#2944=DIRECTION('',(0.,0.,1.));
#2945=DIRECTION('',(1.,0.,0.));
#2946=DIRECTION('',(0.,0.,1.));
#2947=DIRECTION('',(1.,0.,0.));
#2948=DIRECTION('',(0.,-1.,0.));
#2949=DIRECTION('',(0.,0.,-1.));
#2950=DIRECTION('',(0.,1.,0.));
#2951=DIRECTION('',(0.,0.,1.));
#2952=DIRECTION('',(-1.,-6.19544098563146E-17,0.));
#2953=DIRECTION('',(6.19544098563146E-17,-1.,0.));
#2954=DIRECTION('',(0.6,-0.8,0.));
#2955=DIRECTION('',(-0.8,-0.6,0.));
#2956=DIRECTION('',(-1.,0.,0.));
#2957=DIRECTION('',(0.,0.,1.));
#2958=DIRECTION('',(0.,0.,-1.));
#2959=DIRECTION('',(-1.,0.,0.));
#2960=DIRECTION('',(0.,0.,1.));
#2961=DIRECTION('',(1.,0.,0.));
#2962=DIRECTION('',(1.,0.,0.));
#2963=DIRECTION('',(0.,0.,-1.));
#2964=DIRECTION('',(1.,0.,0.));
#2965=DIRECTION('',(0.,0.,-1.));
#2966=DIRECTION('',(5.78241158658936E-16,-1.,0.));
#2967=DIRECTION('',(1.,5.78241158658936E-16,0.));
#2968=DIRECTION('',(1.44560289664734E-16,-1.,0.));
#2969=DIRECTION('',(1.,1.44560289664734E-16,0.));
#2970=DIRECTION('',(1.,0.,0.));
#2971=DIRECTION('',(0.,0.,-1.));
#2972=DIRECTION('',(-1.,0.,0.));
#2973=DIRECTION('',(0.,0.,1.));
#2974=DIRECTION('',(-7.12900058620606E-17,1.,0.));
#2975=DIRECTION('',(-1.,-7.12900058620606E-17,0.));
#2976=DIRECTION('',(0.,1.,0.));
#2977=DIRECTION('',(0.,0.,1.));
#2978=DIRECTION('',(0.,0.,1.));
#2979=DIRECTION('',(1.,0.,0.));
#2980=DIRECTION('',(0.,0.,1.));
#2981=DIRECTION('',(1.,0.,0.));
#2982=DIRECTION('',(0.,0.,1.));
#2983=DIRECTION('',(1.,0.,0.));
#2984=DIRECTION('',(-1.,0.,0.));
#2985=DIRECTION('',(0.,0.,1.));
#2986=DIRECTION('',(1.,0.,0.));
#2987=DIRECTION('',(0.,0.,-1.));
#2988=DIRECTION('',(-0.707106781186548,-0.707106781186548,0.));
#2989=DIRECTION('',(-0.707106781186548,0.707106781186548,0.));
#2990=DIRECTION('',(1.,0.,0.));
#2991=DIRECTION('',(0.,0.,-1.));
#2992=DIRECTION('',(0.707106781186548,-0.707106781186548,0.));
#2993=DIRECTION('',(0.707106781186548,0.707106781186548,0.));
#2994=DIRECTION('',(0.,-1.,0.));
#2995=DIRECTION('',(0.,0.,-1.));
#2996=DIRECTION('',(1.,0.,0.));
#2997=DIRECTION('',(0.,0.,-1.));
#2998=DIRECTION('',(0.707106781186548,0.707106781186548,0.));
#2999=DIRECTION('',(0.707106781186548,-0.707106781186548,0.));
#3000=DIRECTION('',(0.,1.,0.));
#3001=DIRECTION('',(0.,0.,1.));
#3002=DIRECTION('',(-0.707106781186548,0.707106781186548,0.));
#3003=DIRECTION('',(0.707106781186548,0.707106781186548,0.));
#3004=DIRECTION('',(-1.,0.,0.));
#3005=DIRECTION('',(0.,0.,1.));
#3006=DIRECTION('',(-1.,0.,0.));
#3007=DIRECTION('',(0.,0.,1.));
#3008=DIRECTION('',(0.707106781186548,0.,-0.707106781186548));
#3009=DIRECTION('',(0.,-1.,0.));
#3010=DIRECTION('',(0.707106781186548,0.,-0.707106781186548));
#3011=DIRECTION('',(0.707106781186548,0.,0.707106781186548));
#3012=DIRECTION('',(0.707106781186548,0.,0.707106781186548));
#3013=DIRECTION('',(1.,0.,0.));
#3014=DIRECTION('',(0.,0.,-1.));
#3015=DIRECTION('',(-0.707106781186545,-0.70710678118655,0.));
#3016=DIRECTION('',(0.,0.,-1.));
#3017=DIRECTION('',(0.,-0.707106781186548,0.707106781186548));
#3018=DIRECTION('',(-1.,0.,0.));
#3019=DIRECTION('',(-0.577350269189626,0.577350269189626,0.577350269189626));
#3020=DIRECTION('',(-0.707106781186548,-0.707106781186548,0.));
#3021=DIRECTION('',(0.,0.,-1.));
#3022=DIRECTION('',(-0.577350269189626,0.577350269189626,0.577350269189626));
#3023=DIRECTION('',(-0.707106781186548,-0.707106781186548,0.));
#3024=DIRECTION('',(0.707106781186548,-0.707106781186548,0.));
#3025=DIRECTION('',(-0.707106781186548,0.,-0.707106781186548));
#3026=DIRECTION('',(0.,-1.,0.));
#3027=DIRECTION('',(-0.577350269189626,-0.577350269189626,0.577350269189626));
#3028=DIRECTION('',(-0.707106781186548,0.,-0.707106781186548));
#3029=DIRECTION('',(0.707106781186548,0.,-0.707106781186548));
#3030=DIRECTION('',(0.,-0.707106781186548,-0.707106781186548));
#3031=DIRECTION('',(-1.,0.,0.));
#3032=DIRECTION('',(0.577350269189626,-0.577350269189626,0.577350269189626));
#3033=DIRECTION('',(0.707106781186548,0.,-0.707106781186548));
#3034=DIRECTION('',(0.,-1.,0.));
#3035=DIRECTION('',(0.577350269189626,0.577350269189626,0.577350269189626));
#3036=DIRECTION('',(0.707106781186548,0.,-0.707106781186548));
#3037=DIRECTION('',(0.707106781186548,0.,0.707106781186548));
#3038=DIRECTION('',(0.707106781186548,-0.707106781186548,0.));
#3039=DIRECTION('',(0.,0.,1.));
#3040=DIRECTION('',(0.577350269189626,0.577350269189626,0.577350269189626));
#3041=DIRECTION('',(0.707106781186548,-0.707106781186548,0.));
#3042=DIRECTION('',(0.707106781186548,0.707106781186548,0.));
#3043=DIRECTION('',(0.,-0.707106781186548,0.707106781186548));
#3044=DIRECTION('',(-1.,0.,0.));
#3045=DIRECTION('',(-0.577350269189626,0.577350269189626,0.577350269189626));
#3046=DIRECTION('',(-0.707106781186548,-0.707106781186548,0.));
#3047=DIRECTION('',(0.,0.,-1.));
#3048=DIRECTION('',(-0.577350269189627,0.577350269189627,0.577350269189623));
#3049=DIRECTION('',(-0.707106781186548,-0.707106781186548,0.));
#3050=DIRECTION('',(0.707106781186548,-0.707106781186548,0.));
#3051=DIRECTION('',(-0.707106781186545,0.,-0.70710678118655));
#3052=DIRECTION('',(0.,-1.,0.));
#3053=DIRECTION('',(0.70710678118655,0.,-0.707106781186545));
#3054=DIRECTION('',(-0.707106781186545,0.,-0.70710678118655));
#3055=DIRECTION('',(0.70710678118655,0.,-0.707106781186545));
#3056=DIRECTION('',(-1.,0.,0.));
#3057=DIRECTION('',(0.,0.,1.));
#3058=DIRECTION('',(0.,0.,1.));
#3059=DIRECTION('',(1.,0.,0.));
#3060=DIRECTION('',(0.,0.,-1.));
#3061=DIRECTION('',(-1.,0.,0.));
#3062=DIRECTION('',(0.,0.,-1.));
#3063=DIRECTION('',(-1.,0.,0.));
#3064=DIRECTION('',(1.,0.,0.));
#3065=DIRECTION('',(0.,0.,-1.));
#3066=DIRECTION('',(1.,0.,0.));
#3067=DIRECTION('',(0.,0.,-1.));
#3068=DIRECTION('',(-1.,0.,0.));
#3069=DIRECTION('',(0.,0.,1.));
#3070=DIRECTION('',(0.,0.,1.));
#3071=DIRECTION('',(1.,0.,0.));
#3072=DIRECTION('',(0.,1.,0.));
#3073=DIRECTION('',(0.,0.,1.));
#3074=DIRECTION('',(0.,-1.,0.));
#3075=DIRECTION('',(0.,0.,-1.));
#3076=DIRECTION('',(0.,1.,0.));
#3077=DIRECTION('',(0.,0.,1.));
#3078=DIRECTION('',(0.,0.,1.));
#3079=DIRECTION('',(1.,0.,0.));
#3080=DIRECTION('',(1.,0.,0.));
#3081=DIRECTION('',(0.,0.,-1.));
#3082=DIRECTION('',(1.,0.,0.));
#3083=DIRECTION('',(0.,0.,-1.));
#3084=DIRECTION('',(1.,0.,0.));
#3085=DIRECTION('',(0.,0.,-1.));
#3086=DIRECTION('',(0.,0.,1.));
#3087=DIRECTION('',(1.,0.,0.));
#3088=DIRECTION('',(1.,0.,0.));
#3089=DIRECTION('',(0.,0.,-1.));
#3090=DIRECTION('',(0.707106781186548,0.707106781186548,0.));
#3091=DIRECTION('',(0.707106781186548,-0.707106781186548,0.));
#3092=DIRECTION('',(0.,-1.,0.));
#3093=DIRECTION('',(0.,0.,-1.));
#3094=DIRECTION('',(0.707106781186548,-0.707106781186548,0.));
#3095=DIRECTION('',(-0.707106781186548,-0.707106781186548,0.));
#3096=DIRECTION('',(1.,0.,0.));
#3097=DIRECTION('',(0.,0.,-1.));
#3098=DIRECTION('',(-1.,-6.19544098563146E-17,0.));
#3099=DIRECTION('',(6.19544098563146E-17,-1.,0.));
#3100=DIRECTION('',(-0.707106781186548,-0.707106781186548,0.));
#3101=DIRECTION('',(0.707106781186548,-0.707106781186548,0.));
#3102=DIRECTION('',(0.,-1.,0.));
#3103=DIRECTION('',(0.,0.,-1.));
#3104=DIRECTION('',(-0.707106781186548,-0.707106781186548,0.));
#3105=DIRECTION('',(-0.707106781186548,0.707106781186548,0.));
#3106=DIRECTION('',(-1.,0.,0.));
#3107=DIRECTION('',(0.,0.,1.));
#3108=DIRECTION('',(-0.707106781186548,0.707106781186548,0.));
#3109=DIRECTION('',(-0.707106781186548,-0.707106781186548,0.));
#3110=DIRECTION('',(0.,1.,0.));
#3111=DIRECTION('',(0.,0.,1.));
#3112=DIRECTION('',(0.707106781186548,0.707106781186548,0.));
#3113=DIRECTION('',(-0.707106781186548,0.707106781186548,0.));
#3114=DIRECTION('',(1.,0.,0.));
#3115=DIRECTION('',(0.,0.,-1.));
#3116=DIRECTION('',(-1.,0.,0.));
#3117=DIRECTION('',(0.,0.,1.));
#3118=DIRECTION('',(-0.707106781186548,0.707106781186548,0.));
#3119=DIRECTION('',(0.707106781186548,0.707106781186548,0.));
#3120=DIRECTION('',(-0.707106781186548,-0.707106781186548,0.));
#3121=DIRECTION('',(-0.707106781186548,0.707106781186548,0.));
#3122=DIRECTION('',(0.,-1.,0.));
#3123=DIRECTION('',(0.,0.,-1.));
#3124=DIRECTION('',(0.707106781186548,-0.707106781186548,0.));
#3125=DIRECTION('',(0.707106781186548,0.707106781186548,0.));
#3126=DIRECTION('',(0.,1.,0.));
#3127=DIRECTION('',(0.,0.,1.));
#3128=DIRECTION('',(0.707106781186548,0.707106781186548,0.));
#3129=DIRECTION('',(0.707106781186548,-0.707106781186548,0.));
#3130=DIRECTION('',(1.,0.,0.));
#3131=DIRECTION('',(0.,0.,-1.));
#3132=DIRECTION('',(0.,0.707106781186548,-0.707106781186548));
#3133=DIRECTION('',(1.,0.,0.));
#3134=DIRECTION('',(0.577350269189626,-0.577350269189626,-0.577350269189626));
#3135=DIRECTION('',(0.707106781186548,0.,0.707106781186548));
#3136=DIRECTION('',(0.,1.,0.));
#3137=DIRECTION('',(-4.38083833338107E-17,0.707106781186548,-0.707106781186547));
#3138=DIRECTION('',(1.,6.19544098563146E-17,0.));
#3139=DIRECTION('',(0.577350269189626,-0.577350269189625,-0.577350269189626));
#3140=DIRECTION('',(0.707106781186548,0.,0.707106781186548));
#3141=DIRECTION('',(0.,1.,0.));
#3142=DIRECTION('',(0.577350269189626,0.577350269189625,-0.577350269189626));
#3143=DIRECTION('',(0.,-0.707106781186548,-0.707106781186547));
#3144=DIRECTION('',(1.,0.,0.));
#3145=DIRECTION('',(-0.707106781186547,6.63045801809027E-17,-0.707106781186548));
#3146=DIRECTION('',(0.,-1.,-9.37688365392869E-17));
#3147=DIRECTION('',(-0.577350269189626,0.577350269189626,0.577350269189625));
#3148=DIRECTION('',(4.38083833338107E-17,-0.707106781186547,0.707106781186548));
#3149=DIRECTION('',(1.,6.19544098563146E-17,5.80939293070474E-33));
#3150=DIRECTION('',(-0.577350269189626,-0.577350269189626,-0.577350269189625));
#3151=DIRECTION('',(-0.707106781186547,-6.63045801809027E-17,0.707106781186548));
#3152=DIRECTION('',(0.,1.,9.37688365392869E-17));
#3153=DIRECTION('',(-0.577350269189626,0.577350269189626,-0.577350269189625));
#3154=DIRECTION('',(-0.707106781186548,-0.707106781186548,0.));
#3155=DIRECTION('',(0.,0.,-1.));
#3156=DIRECTION('',(-8.53110622816312E-17,-0.707106781186548,0.707106781186547));
#3157=DIRECTION('',(-1.,-6.19544098563146E-17,-1.82602471155453E-16));
#3158=DIRECTION('',(-0.577350269189626,0.577350269189625,0.577350269189626));
#3159=DIRECTION('',(0.707106781186548,4.38083833338107E-17,0.707106781186548));
#3160=DIRECTION('',(6.19544098563146E-17,-1.,1.3684555315672E-48));
#3161=DIRECTION('',(0.577350269189626,0.577350269189625,-0.577350269189626));
#3162=DIRECTION('',(1.72927828949252E-16,-0.707106781186548,-0.707106781186547));
#3163=DIRECTION('',(-1.,-6.19544098563146E-17,-1.82602471155453E-16));
#3164=DIRECTION('',(0.,0.707106781186547,-0.707106781186548));
#3165=DIRECTION('',(0.,0.,-1.));
#3166=DIRECTION('',(-1.,0.,0.));
#3167=CARTESIAN_POINT('',(0.,0.,0.));
#3168=CARTESIAN_POINT('',(0.0779396994149859,0.0831378966594377,0.002));
#3169=CARTESIAN_POINT('',(0.0779396994149859,0.0831378966594377,0.009));
#3170=CARTESIAN_POINT('',(0.0805672509082884,0.0845856442721257,0.009));
#3171=CARTESIAN_POINT('',(0.0755046683722953,0.0813855771052002,0.00899954897598935));
#3172=CARTESIAN_POINT('',(0.0809396994149859,0.0831378967074061,0.0113999992766496));
#3173=CARTESIAN_POINT('',(0.0809396994426805,0.0814058458998373,0.0112958326099829));
#3174=CARTESIAN_POINT('',(0.0794396994565278,0.0805398204720686,0.0111916659433162));
#3175=CARTESIAN_POINT('',(0.0779396994703751,0.0796737950442998,0.0110874992766496));
#3176=CARTESIAN_POINT('',(0.0764396994565278,0.0805398204241001,0.0109833326099829));
#3177=CARTESIAN_POINT('',(0.0749396994426805,0.0814058458039003,0.0108791659433162));
#3178=CARTESIAN_POINT('',(0.0749396994149859,0.0831378966114692,0.0107749992766496));
#3179=CARTESIAN_POINT('',(0.0749396993872913,0.084869947419038,0.0106708326099829));
#3180=CARTESIAN_POINT('',(0.076439699373444,0.0857359728468067,0.0105666659433162));
#3181=CARTESIAN_POINT('',(0.0779396993595967,0.0866019982745753,0.0104624992766496));
#3182=CARTESIAN_POINT('',(0.079439699373444,0.0857359728947752,0.0103583326099829));
#3183=CARTESIAN_POINT('',(0.0809396993872914,0.084869947514975,0.0102541659433162));
#3184=CARTESIAN_POINT('',(0.0809396994149859,0.0831378967074061,0.0101499992766496));
#3185=CARTESIAN_POINT('',(0.0809396994426805,0.0814058458998373,0.0100458326099829));
#3186=CARTESIAN_POINT('',(0.0794396994565278,0.0805398204720686,0.00994166594331625));
#3187=CARTESIAN_POINT('',(0.0779396994703751,0.0796737950442998,0.00983749927664958));
#3188=CARTESIAN_POINT('',(0.0764396994565278,0.0805398204241001,0.00973333260998292));
#3189=CARTESIAN_POINT('',(0.0749396994426805,0.0814058458039003,0.00962916594331625));
#3190=CARTESIAN_POINT('',(0.0749396994149859,0.0831378966114692,0.00952499927664958));
#3191=CARTESIAN_POINT('',(0.0749396993872913,0.084869947419038,0.00942083260998291));
#3192=CARTESIAN_POINT('',(0.076439699373444,0.0857359728468067,0.00931666594331625));
#3193=CARTESIAN_POINT('',(0.0779396993595967,0.0866019982745753,0.00921249927664959));
#3194=CARTESIAN_POINT('',(0.079439699373444,0.0857359728947752,0.00910833260998292));
#3195=CARTESIAN_POINT('',(0.0809396993872914,0.084869947514975,0.00900416594331625));
#3196=CARTESIAN_POINT('',(0.0809396994149859,0.0831378967074061,0.00889999927664958));
#3197=CARTESIAN_POINT('',(0.0809396994426805,0.0814058458998373,0.00879583260998292));
#3198=CARTESIAN_POINT('',(0.0794396994565278,0.0805398204720686,0.00869166594331625));
#3199=CARTESIAN_POINT('',(0.0779396994703751,0.0796737950442998,0.00858749927664958));
#3200=CARTESIAN_POINT('',(0.0764396994565278,0.0805398204241001,0.00848333260998292));
#3201=CARTESIAN_POINT('',(0.0749396994426805,0.0814058458039003,0.00837916594331625));
#3202=CARTESIAN_POINT('',(0.0749396994149859,0.0831378966114692,0.00827499927664958));
#3203=CARTESIAN_POINT('',(0.0749396993872913,0.084869947419038,0.00817083260998291));
#3204=CARTESIAN_POINT('',(0.076439699373444,0.0857359728468067,0.00806666594331625));
#3205=CARTESIAN_POINT('',(0.0779396993595967,0.0866019982745753,0.00796249927664958));
#3206=CARTESIAN_POINT('',(0.079439699373444,0.0857359728947752,0.00785833260998292));
#3207=CARTESIAN_POINT('',(0.0809396993872914,0.084869947514975,0.00775416594331625));
#3208=CARTESIAN_POINT('',(0.0809396994149859,0.0831378967074061,0.00764999927664958));
#3209=CARTESIAN_POINT('',(0.0809396994426805,0.0814058458998373,0.00754583260998291));
#3210=CARTESIAN_POINT('',(0.0794396994565278,0.0805398204720686,0.00744166594331625));
#3211=CARTESIAN_POINT('',(0.0779396994703751,0.0796737950442998,0.00733749927664958));
#3212=CARTESIAN_POINT('',(0.0764396994565278,0.0805398204241001,0.00723333260998292));
#3213=CARTESIAN_POINT('',(0.0749396994426805,0.0814058458039003,0.00712916594331624));
#3214=CARTESIAN_POINT('',(0.0749396994149859,0.0831378966114692,0.00702499927664958));
#3215=CARTESIAN_POINT('',(0.0749396993872913,0.084869947419038,0.00692083260998292));
#3216=CARTESIAN_POINT('',(0.076439699373444,0.0857359728468067,0.00681666594331625));
#3217=CARTESIAN_POINT('',(0.0779396993595967,0.0866019982745753,0.00671249927664958));
#3218=CARTESIAN_POINT('',(0.079439699373444,0.0857359728947752,0.00660833260998292));
#3219=CARTESIAN_POINT('',(0.0809396993872912,0.084869947514975,0.00650416594331625));
#3220=CARTESIAN_POINT('',(0.0809396994149859,0.0831378967074061,0.00639999927664958));
#3221=CARTESIAN_POINT('',(0.0809396994426805,0.0814058458998373,0.00629583260998291));
#3222=CARTESIAN_POINT('',(0.0794396994565278,0.0805398204720686,0.00619166594331625));
#3223=CARTESIAN_POINT('',(0.0779396994703751,0.0796737950442998,0.00608749927664958));
#3224=CARTESIAN_POINT('',(0.0764396994565278,0.0805398204241001,0.00598333260998292));
#3225=CARTESIAN_POINT('',(0.0749396994426805,0.0814058458039003,0.00587916594331625));
#3226=CARTESIAN_POINT('',(0.0749396994149859,0.0831378966114692,0.00577499927664958));
#3227=CARTESIAN_POINT('',(0.0749396993872913,0.084869947419038,0.00567083260998292));
#3228=CARTESIAN_POINT('',(0.076439699373444,0.0857359728468067,0.00556666594331625));
#3229=CARTESIAN_POINT('',(0.0779396993595967,0.0866019982745753,0.00546249927664958));
#3230=CARTESIAN_POINT('',(0.079439699373444,0.0857359728947752,0.00535833260998292));
#3231=CARTESIAN_POINT('',(0.0809396993872912,0.084869947514975,0.00525416594331625));
#3232=CARTESIAN_POINT('',(0.0809396994149859,0.0831378967074061,0.00514999927664958));
#3233=CARTESIAN_POINT('',(0.0809396994426805,0.0814058458998373,0.00504583260998292));
#3234=CARTESIAN_POINT('',(0.0794396994565278,0.0805398204720686,0.00494166594331625));
#3235=CARTESIAN_POINT('',(0.0779396994703752,0.0796737950442998,0.00483749927664958));
#3236=CARTESIAN_POINT('',(0.0764396994565278,0.0805398204241001,0.00473333260998292));
#3237=CARTESIAN_POINT('',(0.0749396994426805,0.0814058458039003,0.00462916594331625));
#3238=CARTESIAN_POINT('',(0.0749396994149859,0.0831378966114692,0.00452499927664958));
#3239=CARTESIAN_POINT('',(0.0749396993872913,0.084869947419038,0.00442083260998292));
#3240=CARTESIAN_POINT('',(0.076439699373444,0.0857359728468067,0.00431666594331625));
#3241=CARTESIAN_POINT('',(0.0779396993595967,0.0866019982745753,0.00421249927664958));
#3242=CARTESIAN_POINT('',(0.079439699373444,0.0857359728947752,0.00410833260998292));
#3243=CARTESIAN_POINT('',(0.0809396993872912,0.084869947514975,0.00400416594331625));
#3244=CARTESIAN_POINT('',(0.0809396994149859,0.0831378967074061,0.00389999927664958));
#3245=CARTESIAN_POINT('',(0.0809396994426805,0.0814058458998373,0.00379583260998292));
#3246=CARTESIAN_POINT('',(0.0794396994565279,0.0805398204720686,0.00369166594331625));
#3247=CARTESIAN_POINT('',(0.0779396994703752,0.0796737950442998,0.00358749927664958));
#3248=CARTESIAN_POINT('',(0.0764396994565278,0.0805398204241001,0.00348333260998292));
#3249=CARTESIAN_POINT('',(0.0749396994426805,0.0814058458039003,0.00337916594331625));
#3250=CARTESIAN_POINT('',(0.0749396994149859,0.0831378966114692,0.00327499927664958));
#3251=CARTESIAN_POINT('',(0.0749396993872913,0.084869947419038,0.00317083260998291));
#3252=CARTESIAN_POINT('',(0.076439699373444,0.0857359728468067,0.00306666594331625));
#3253=CARTESIAN_POINT('',(0.0779396993595967,0.0866019982745753,0.00296249927664958));
#3254=CARTESIAN_POINT('',(0.079439699373444,0.0857359728947752,0.00285833260998292));
#3255=CARTESIAN_POINT('',(0.0809396993872912,0.084869947514975,0.00275416594331625));
#3256=CARTESIAN_POINT('',(0.0809396994149859,0.0831378967074061,0.00264999927664958));
#3257=CARTESIAN_POINT('',(0.0809396994426805,0.0814058458998373,0.00254583260998291));
#3258=CARTESIAN_POINT('',(0.0794396994565279,0.0805398204720686,0.00244166594331625));
#3259=CARTESIAN_POINT('',(0.0779396994703752,0.0796737950442998,0.00233749927664958));
#3260=CARTESIAN_POINT('',(0.0764396994565278,0.0805398204241001,0.00223333260998292));
#3261=CARTESIAN_POINT('',(0.0749396994426805,0.0814058458039003,0.00212916594331625));
#3262=CARTESIAN_POINT('',(0.0749396994149859,0.0831378966114692,0.00202499927664958));
#3263=CARTESIAN_POINT('',(0.0749396993872913,0.084869947419038,0.00192083260998291));
#3264=CARTESIAN_POINT('',(0.076439699373444,0.0857359728468067,0.00181666594331625));
#3265=CARTESIAN_POINT('',(0.0779396993595967,0.0866019982745753,0.00171249927664958));
#3266=CARTESIAN_POINT('',(0.079439699373444,0.0857359728947752,0.00160833260998291));
#3267=CARTESIAN_POINT('',(0.0809396993872912,0.084869947514975,0.00150416594331625));
#3268=CARTESIAN_POINT('',(0.0809396994149859,0.0831378967074061,0.00139999927664958));
#3269=CARTESIAN_POINT('',(0.0809396994149859,0.0831378967074061,0.0113999992766496));
#3270=CARTESIAN_POINT('',(0.0809396994149859,0.0831378967074061,0.0116999992766496));
#3271=CARTESIAN_POINT('',(0.0809396994149859,0.0831378967074061,0.0119999992766496));
#3272=CARTESIAN_POINT('',(0.0779396994149859,0.0831378966594377,0.012));
#3273=CARTESIAN_POINT('',(0.0809396994149859,0.0831378966594377,0.0119999992766496));
#3274=CARTESIAN_POINT('',(0.0809396994149859,0.0821954196167268,0.0119374993266087));
#3275=CARTESIAN_POINT('',(0.0799839461334275,0.0803263673298305,0.011812499426527));
#3276=CARTESIAN_POINT('',(0.0768649814124479,0.079829666949098,0.0116249995764044));
#3277=CARTESIAN_POINT('',(0.0746320446017246,0.0820633191562059,0.0114374997262818));
#3278=CARTESIAN_POINT('',(0.0751260319486566,0.0851820917933131,0.0112499998761592));
#3279=CARTESIAN_POINT('',(0.0779396863120269,0.0866157842853997,0.0110625000260366));
#3280=CARTESIAN_POINT('',(0.0807533514902116,0.0851821510215864,0.010875000175914));
#3281=CARTESIAN_POINT('',(0.081247362291361,0.0820631919505141,0.0106875003257914));
#3282=CARTESIAN_POINT('',(0.0790144424604996,0.0798302455125105,0.0105000004756688));
#3283=CARTESIAN_POINT('',(0.0758954734302882,0.0803242221866852,0.0103125006255462));
#3284=CARTESIAN_POINT('',(0.0744618245039565,0.0831378680625381,0.0101250007754236));
#3285=CARTESIAN_POINT('',(0.0758954250443119,0.085951549913909,0.009937500925301));
#3286=CARTESIAN_POINT('',(0.0790144165896029,0.0864455304588513,0.0097500010751784));
#3287=CARTESIAN_POINT('',(0.0812472562230875,0.0842127757853508,0.00956250122505581));
#3288=CARTESIAN_POINT('',(0.0807537178245767,0.0810932199143658,0.00937500137493321));
#3289=CARTESIAN_POINT('',(0.0779384864564508,0.0796617435635812,0.00918750152481061));
#3290=CARTESIAN_POINT('',(0.0760666529843865,0.0806120383805835,0.00906250162472888));
#3291=CARTESIAN_POINT('',(0.0755126696872737,0.0813745116473655,0.00900000167468801));
#3292=CARTESIAN_POINT('',(0.0755126253031804,0.0813745143624332,0.00900042820643504));
#3293=CARTESIAN_POINT('',(0.0755046684226063,0.0813855771415789,0.009));
#3294=CARTESIAN_POINT('',(0.0755073299860598,0.0813818962513936,0.009));
#3295=CARTESIAN_POINT('',(0.0755099915495132,0.0813782153612083,0.009));
#3296=CARTESIAN_POINT('',(0.0755126531129666,0.0813745344710229,0.009));
#3297=CARTESIAN_POINT('',(0.0779396994149859,-0.0468621033405624,0.002));
#3298=CARTESIAN_POINT('',(0.0779396994149859,-0.0468621033405624,0.009));
#3299=CARTESIAN_POINT('',(0.0805672509082883,-0.0454143557278742,0.009));
#3300=CARTESIAN_POINT('',(0.0755046683722953,-0.0486144228947998,0.00899954897598936));
#3301=CARTESIAN_POINT('',(0.0809396994149859,-0.0468621032925939,0.0113999992766496));
#3302=CARTESIAN_POINT('',(0.0809396994426805,-0.0485941541001628,0.0112958326099829));
#3303=CARTESIAN_POINT('',(0.0794396994565278,-0.0494601795279314,0.0111916659433162));
#3304=CARTESIAN_POINT('',(0.0779396994703751,-0.0503262049557001,0.0110874992766496));
#3305=CARTESIAN_POINT('',(0.0764396994565278,-0.0494601795758999,0.0109833326099829));
#3306=CARTESIAN_POINT('',(0.0749396994426805,-0.0485941541960997,0.0108791659433162));
#3307=CARTESIAN_POINT('',(0.0749396994149859,-0.0468621033885308,0.0107749992766496));
#3308=CARTESIAN_POINT('',(0.0749396993872913,-0.0451300525809619,0.0106708326099829));
#3309=CARTESIAN_POINT('',(0.076439699373444,-0.0442640271531933,0.0105666659433162));
#3310=CARTESIAN_POINT('',(0.0779396993595967,-0.0433980017254246,0.0104624992766496));
#3311=CARTESIAN_POINT('',(0.079439699373444,-0.0442640271052248,0.0103583326099829));
#3312=CARTESIAN_POINT('',(0.0809396993872914,-0.045130052485025,0.0102541659433162));
#3313=CARTESIAN_POINT('',(0.0809396994149859,-0.0468621032925939,0.0101499992766496));
#3314=CARTESIAN_POINT('',(0.0809396994426805,-0.0485941541001628,0.0100458326099829));
#3315=CARTESIAN_POINT('',(0.0794396994565278,-0.0494601795279314,0.00994166594331624));
#3316=CARTESIAN_POINT('',(0.0779396994703751,-0.0503262049557001,0.00983749927664957));
#3317=CARTESIAN_POINT('',(0.0764396994565278,-0.0494601795758999,0.00973333260998291));
#3318=CARTESIAN_POINT('',(0.0749396994426805,-0.0485941541960997,0.00962916594331625));
#3319=CARTESIAN_POINT('',(0.0749396994149859,-0.0468621033885308,0.00952499927664958));
#3320=CARTESIAN_POINT('',(0.0749396993872913,-0.0451300525809619,0.00942083260998291));
#3321=CARTESIAN_POINT('',(0.076439699373444,-0.0442640271531933,0.00931666594331624));
#3322=CARTESIAN_POINT('',(0.0779396993595967,-0.0433980017254246,0.00921249927664958));
#3323=CARTESIAN_POINT('',(0.079439699373444,-0.0442640271052248,0.00910833260998291));
#3324=CARTESIAN_POINT('',(0.0809396993872914,-0.045130052485025,0.00900416594331624));
#3325=CARTESIAN_POINT('',(0.0809396994149859,-0.0468621032925939,0.00889999927664958));
#3326=CARTESIAN_POINT('',(0.0809396994426805,-0.0485941541001628,0.0087958326099829));
#3327=CARTESIAN_POINT('',(0.0794396994565278,-0.0494601795279314,0.00869166594331624));
#3328=CARTESIAN_POINT('',(0.0779396994703752,-0.0503262049557001,0.00858749927664957));
#3329=CARTESIAN_POINT('',(0.0764396994565278,-0.0494601795758999,0.00848333260998291));
#3330=CARTESIAN_POINT('',(0.0749396994426805,-0.0485941541960997,0.00837916594331625));
#3331=CARTESIAN_POINT('',(0.0749396994149859,-0.0468621033885308,0.00827499927664958));
#3332=CARTESIAN_POINT('',(0.0749396993872913,-0.0451300525809619,0.00817083260998291));
#3333=CARTESIAN_POINT('',(0.076439699373444,-0.0442640271531933,0.00806666594331624));
#3334=CARTESIAN_POINT('',(0.0779396993595967,-0.0433980017254246,0.00796249927664957));
#3335=CARTESIAN_POINT('',(0.079439699373444,-0.0442640271052248,0.00785833260998291));
#3336=CARTESIAN_POINT('',(0.0809396993872914,-0.045130052485025,0.00775416594331624));
#3337=CARTESIAN_POINT('',(0.0809396994149859,-0.0468621032925939,0.00764999927664958));
#3338=CARTESIAN_POINT('',(0.0809396994426805,-0.0485941541001628,0.0075458326099829));
#3339=CARTESIAN_POINT('',(0.0794396994565278,-0.0494601795279314,0.00744166594331624));
#3340=CARTESIAN_POINT('',(0.0779396994703752,-0.0503262049557001,0.00733749927664958));
#3341=CARTESIAN_POINT('',(0.0764396994565278,-0.0494601795758999,0.00723333260998291));
#3342=CARTESIAN_POINT('',(0.0749396994426805,-0.0485941541960997,0.00712916594331624));
#3343=CARTESIAN_POINT('',(0.0749396994149859,-0.0468621033885308,0.00702499927664958));
#3344=CARTESIAN_POINT('',(0.0749396993872913,-0.0451300525809619,0.00692083260998291));
#3345=CARTESIAN_POINT('',(0.076439699373444,-0.0442640271531933,0.00681666594331624));
#3346=CARTESIAN_POINT('',(0.0779396993595967,-0.0433980017254246,0.00671249927664957));
#3347=CARTESIAN_POINT('',(0.079439699373444,-0.0442640271052248,0.00660833260998291));
#3348=CARTESIAN_POINT('',(0.0809396993872912,-0.045130052485025,0.00650416594331624));
#3349=CARTESIAN_POINT('',(0.0809396994149859,-0.0468621032925939,0.00639999927664958));
#3350=CARTESIAN_POINT('',(0.0809396994426805,-0.0485941541001628,0.00629583260998291));
#3351=CARTESIAN_POINT('',(0.0794396994565278,-0.0494601795279314,0.00619166594331624));
#3352=CARTESIAN_POINT('',(0.0779396994703752,-0.0503262049557001,0.00608749927664958));
#3353=CARTESIAN_POINT('',(0.0764396994565278,-0.0494601795758999,0.00598333260998291));
#3354=CARTESIAN_POINT('',(0.0749396994426805,-0.0485941541960997,0.00587916594331624));
#3355=CARTESIAN_POINT('',(0.0749396994149859,-0.0468621033885308,0.00577499927664958));
#3356=CARTESIAN_POINT('',(0.0749396993872913,-0.0451300525809619,0.00567083260998291));
#3357=CARTESIAN_POINT('',(0.076439699373444,-0.0442640271531933,0.00556666594331624));
#3358=CARTESIAN_POINT('',(0.0779396993595967,-0.0433980017254246,0.00546249927664957));
#3359=CARTESIAN_POINT('',(0.079439699373444,-0.0442640271052248,0.00535833260998291));
#3360=CARTESIAN_POINT('',(0.0809396993872912,-0.045130052485025,0.00525416594331623));
#3361=CARTESIAN_POINT('',(0.0809396994149859,-0.0468621032925939,0.00514999927664958));
#3362=CARTESIAN_POINT('',(0.0809396994426805,-0.0485941541001628,0.00504583260998291));
#3363=CARTESIAN_POINT('',(0.0794396994565278,-0.0494601795279314,0.00494166594331624));
#3364=CARTESIAN_POINT('',(0.0779396994703752,-0.0503262049557001,0.00483749927664958));
#3365=CARTESIAN_POINT('',(0.0764396994565278,-0.0494601795758999,0.00473333260998291));
#3366=CARTESIAN_POINT('',(0.0749396994426805,-0.0485941541960997,0.00462916594331624));
#3367=CARTESIAN_POINT('',(0.0749396994149859,-0.0468621033885308,0.00452499927664958));
#3368=CARTESIAN_POINT('',(0.0749396993872913,-0.0451300525809619,0.00442083260998291));
#3369=CARTESIAN_POINT('',(0.076439699373444,-0.0442640271531933,0.00431666594331624));
#3370=CARTESIAN_POINT('',(0.0779396993595967,-0.0433980017254246,0.00421249927664957));
#3371=CARTESIAN_POINT('',(0.079439699373444,-0.0442640271052248,0.00410833260998291));
#3372=CARTESIAN_POINT('',(0.0809396993872912,-0.045130052485025,0.00400416594331624));
#3373=CARTESIAN_POINT('',(0.0809396994149859,-0.0468621032925939,0.00389999927664958));
#3374=CARTESIAN_POINT('',(0.0809396994426805,-0.0485941541001628,0.00379583260998291));
#3375=CARTESIAN_POINT('',(0.0794396994565279,-0.0494601795279314,0.00369166594331624));
#3376=CARTESIAN_POINT('',(0.0779396994703752,-0.0503262049557001,0.00358749927664957));
#3377=CARTESIAN_POINT('',(0.0764396994565278,-0.0494601795758999,0.00348333260998291));
#3378=CARTESIAN_POINT('',(0.0749396994426805,-0.0485941541960997,0.00337916594331624));
#3379=CARTESIAN_POINT('',(0.0749396994149859,-0.0468621033885308,0.00327499927664958));
#3380=CARTESIAN_POINT('',(0.0749396993872913,-0.0451300525809619,0.00317083260998291));
#3381=CARTESIAN_POINT('',(0.076439699373444,-0.0442640271531933,0.00306666594331624));
#3382=CARTESIAN_POINT('',(0.0779396993595967,-0.0433980017254246,0.00296249927664957));
#3383=CARTESIAN_POINT('',(0.079439699373444,-0.0442640271052248,0.00285833260998291));
#3384=CARTESIAN_POINT('',(0.0809396993872912,-0.045130052485025,0.00275416594331624));
#3385=CARTESIAN_POINT('',(0.0809396994149859,-0.0468621032925939,0.00264999927664957));
#3386=CARTESIAN_POINT('',(0.0809396994426805,-0.0485941541001627,0.00254583260998291));
#3387=CARTESIAN_POINT('',(0.0794396994565279,-0.0494601795279314,0.00244166594331624));
#3388=CARTESIAN_POINT('',(0.0779396994703752,-0.0503262049557001,0.00233749927664957));
#3389=CARTESIAN_POINT('',(0.0764396994565278,-0.0494601795758999,0.00223333260998291));
#3390=CARTESIAN_POINT('',(0.0749396994426805,-0.0485941541960997,0.00212916594331624));
#3391=CARTESIAN_POINT('',(0.0749396994149859,-0.0468621033885308,0.00202499927664958));
#3392=CARTESIAN_POINT('',(0.0749396993872913,-0.0451300525809619,0.00192083260998291));
#3393=CARTESIAN_POINT('',(0.076439699373444,-0.0442640271531933,0.00181666594331624));
#3394=CARTESIAN_POINT('',(0.0779396993595967,-0.0433980017254246,0.00171249927664958));
#3395=CARTESIAN_POINT('',(0.079439699373444,-0.0442640271052248,0.00160833260998291));
#3396=CARTESIAN_POINT('',(0.0809396993872912,-0.045130052485025,0.00150416594331624));
#3397=CARTESIAN_POINT('',(0.0809396994149859,-0.0468621032925939,0.00139999927664958));
#3398=CARTESIAN_POINT('',(0.0809396994149859,-0.0468621032925939,0.0113999992766496));
#3399=CARTESIAN_POINT('',(0.0809396994149859,-0.0468621032925939,0.0116999992766496));
#3400=CARTESIAN_POINT('',(0.0809396994149859,-0.0468621032925939,0.0119999992766496));
#3401=CARTESIAN_POINT('',(0.0779396994149859,-0.0468621033405624,0.012));
#3402=CARTESIAN_POINT('',(0.0809396994149859,-0.0468621033405624,0.0119999992766496));
#3403=CARTESIAN_POINT('',(0.0809396994149859,-0.0478045803832733,0.0119374993266087));
#3404=CARTESIAN_POINT('',(0.0799839461334275,-0.0496736326701696,0.011812499426527));
#3405=CARTESIAN_POINT('',(0.0768649814124479,-0.050170333050902,0.0116249995764044));
#3406=CARTESIAN_POINT('',(0.0746320446017245,-0.0479366808437942,0.0114374997262818));
#3407=CARTESIAN_POINT('',(0.0751260319486567,-0.0448179082066869,0.0112499998761592));
#3408=CARTESIAN_POINT('',(0.0779396863120269,-0.0433842157146003,0.0110625000260366));
#3409=CARTESIAN_POINT('',(0.0807533514902116,-0.0448178489784138,0.010875000175914));
#3410=CARTESIAN_POINT('',(0.081247362291361,-0.0479368080494861,0.0106875003257914));
#3411=CARTESIAN_POINT('',(0.0790144424604996,-0.0501697544874896,0.0105000004756688));
#3412=CARTESIAN_POINT('',(0.0758954734302882,-0.0496757778133149,0.0103125006255462));
#3413=CARTESIAN_POINT('',(0.0744618245039565,-0.0468621319374619,0.0101250007754236));
#3414=CARTESIAN_POINT('',(0.075895425044312,-0.044048450086091,0.00993750092530101));
#3415=CARTESIAN_POINT('',(0.079014416589603,-0.0435544695411489,0.00975000107517841));
#3416=CARTESIAN_POINT('',(0.0812472562230875,-0.0457872242146494,0.00956250122505581));
#3417=CARTESIAN_POINT('',(0.0807537178245766,-0.0489067800856343,0.00937500137493322));
#3418=CARTESIAN_POINT('',(0.0779384864564507,-0.0503382564364189,0.00918750152481061));
#3419=CARTESIAN_POINT('',(0.0760666529843865,-0.0493879616194165,0.00906250162472888));
#3420=CARTESIAN_POINT('',(0.0755126696872736,-0.0486254883526346,0.00900000167468802));
#3421=CARTESIAN_POINT('',(0.0755126253031804,-0.0486254856375668,0.00900042820643503));
#3422=CARTESIAN_POINT('',(0.0755046678018566,-0.0486144232838688,0.009));
#3423=CARTESIAN_POINT('',(0.07550722648124,-0.0486181747259616,0.009));
#3424=CARTESIAN_POINT('',(0.0755097851606235,-0.0486219261680545,0.009));
#3425=CARTESIAN_POINT('',(0.0755123438400069,-0.0486256776101473,0.009));
#3426=CARTESIAN_POINT('',(-0.0110603005850141,0.0931378966594377,0.023));
#3427=CARTESIAN_POINT('',(0.0159396994149859,0.0931378966594377,0.013));
#3428=CARTESIAN_POINT('',(0.0159396994149859,0.0931378966594377,0.009));
#3429=CARTESIAN_POINT('',(0.0159396994149859,0.0931378966594377,0.011));
#3430=CARTESIAN_POINT('',(-0.0110603005850141,0.0931378966594377,0.011));
#3431=CARTESIAN_POINT('',(0.0319396994149859,0.0931378966594377,0.011));
#3432=CARTESIAN_POINT('',(0.0319396994149859,0.0931378966594377,0.013));
#3433=CARTESIAN_POINT('',(0.0319396994149859,0.0931378966594377,0.009));
#3434=CARTESIAN_POINT('',(-0.0110603005850141,0.0931378966594377,0.009));
#3435=CARTESIAN_POINT('',(-0.100060300585014,0.0831378966594377,0.002));
#3436=CARTESIAN_POINT('',(-0.100060300585014,0.0831378966594377,0.009));
#3437=CARTESIAN_POINT('',(-0.097432744040875,0.0845856351052047,0.009));
#3438=CARTESIAN_POINT('',(-0.102495353775956,0.0813856078826425,0.009));
#3439=CARTESIAN_POINT('',(-0.0970603005850141,0.0831378966594377,0.0014));
#3440=CARTESIAN_POINT('',(-0.0970603005850141,0.0848699474670065,0.00150416666666666));
#3441=CARTESIAN_POINT('',(-0.0985603005850141,0.085735972870791,0.00160833333333333));
#3442=CARTESIAN_POINT('',(-0.100060300585014,0.0866019982745753,0.0017125));
#3443=CARTESIAN_POINT('',(-0.101560300585014,0.085735972870791,0.00181666666666666));
#3444=CARTESIAN_POINT('',(-0.103060300585014,0.0848699474670066,0.00192083333333333));
#3445=CARTESIAN_POINT('',(-0.103060300585014,0.0831378966594377,0.002025));
#3446=CARTESIAN_POINT('',(-0.103060300585014,0.0814058458518687,0.00212916666666666));
#3447=CARTESIAN_POINT('',(-0.101560300585014,0.0805398204480844,0.00223333333333333));
#3448=CARTESIAN_POINT('',(-0.100060300585014,0.0796737950442998,0.0023375));
#3449=CARTESIAN_POINT('',(-0.0985603005850141,0.0805398204480844,0.00244166666666666));
#3450=CARTESIAN_POINT('',(-0.0970603005850141,0.0814058458518687,0.00254583333333333));
#3451=CARTESIAN_POINT('',(-0.0970603005850141,0.0831378966594377,0.00265));
#3452=CARTESIAN_POINT('',(-0.0970603005850141,0.0848699474670065,0.00275416666666666));
#3453=CARTESIAN_POINT('',(-0.0985603005850141,0.085735972870791,0.00285833333333333));
#3454=CARTESIAN_POINT('',(-0.100060300585014,0.0866019982745753,0.0029625));
#3455=CARTESIAN_POINT('',(-0.101560300585014,0.085735972870791,0.00306666666666667));
#3456=CARTESIAN_POINT('',(-0.103060300585014,0.0848699474670066,0.00317083333333333));
#3457=CARTESIAN_POINT('',(-0.103060300585014,0.0831378966594377,0.003275));
#3458=CARTESIAN_POINT('',(-0.103060300585014,0.0814058458518687,0.00337916666666666));
#3459=CARTESIAN_POINT('',(-0.101560300585014,0.0805398204480844,0.00348333333333333));
#3460=CARTESIAN_POINT('',(-0.100060300585014,0.0796737950442998,0.00358749999999999));
#3461=CARTESIAN_POINT('',(-0.0985603005850141,0.0805398204480844,0.00369166666666667));
#3462=CARTESIAN_POINT('',(-0.0970603005850141,0.0814058458518687,0.00379583333333333));
#3463=CARTESIAN_POINT('',(-0.0970603005850141,0.0831378966594377,0.0039));
#3464=CARTESIAN_POINT('',(-0.0970603005850141,0.0848699474670065,0.00400416666666667));
#3465=CARTESIAN_POINT('',(-0.0985603005850141,0.085735972870791,0.00410833333333333));
#3466=CARTESIAN_POINT('',(-0.100060300585014,0.0866019982745753,0.0042125));
#3467=CARTESIAN_POINT('',(-0.101560300585014,0.085735972870791,0.00431666666666666));
#3468=CARTESIAN_POINT('',(-0.103060300585014,0.0848699474670066,0.00442083333333333));
#3469=CARTESIAN_POINT('',(-0.103060300585014,0.0831378966594377,0.004525));
#3470=CARTESIAN_POINT('',(-0.103060300585014,0.0814058458518687,0.00462916666666667));
#3471=CARTESIAN_POINT('',(-0.101560300585014,0.0805398204480844,0.00473333333333333));
#3472=CARTESIAN_POINT('',(-0.100060300585014,0.0796737950442998,0.0048375));
#3473=CARTESIAN_POINT('',(-0.0985603005850141,0.0805398204480843,0.00494166666666667));
#3474=CARTESIAN_POINT('',(-0.0970603005850141,0.0814058458518687,0.00504583333333333));
#3475=CARTESIAN_POINT('',(-0.0970603005850141,0.0831378966594377,0.00515));
#3476=CARTESIAN_POINT('',(-0.0970603005850141,0.0848699474670065,0.00525416666666667));
#3477=CARTESIAN_POINT('',(-0.0985603005850141,0.085735972870791,0.00535833333333333));
#3478=CARTESIAN_POINT('',(-0.100060300585014,0.0866019982745753,0.0054625));
#3479=CARTESIAN_POINT('',(-0.101560300585014,0.085735972870791,0.00556666666666666));
#3480=CARTESIAN_POINT('',(-0.103060300585014,0.0848699474670066,0.00567083333333333));
#3481=CARTESIAN_POINT('',(-0.103060300585014,0.0831378966594377,0.005775));
#3482=CARTESIAN_POINT('',(-0.103060300585014,0.0814058458518687,0.00587916666666666));
#3483=CARTESIAN_POINT('',(-0.101560300585014,0.0805398204480844,0.00598333333333333));
#3484=CARTESIAN_POINT('',(-0.100060300585014,0.0796737950442998,0.0060875));
#3485=CARTESIAN_POINT('',(-0.0985603005850141,0.0805398204480843,0.00619166666666667));
#3486=CARTESIAN_POINT('',(-0.0970603005850141,0.0814058458518687,0.00629583333333333));
#3487=CARTESIAN_POINT('',(-0.0970603005850141,0.0831378966594377,0.0064));
#3488=CARTESIAN_POINT('',(-0.0970603005850141,0.0848699474670065,0.00650416666666666));
#3489=CARTESIAN_POINT('',(-0.0985603005850141,0.085735972870791,0.00660833333333333));
#3490=CARTESIAN_POINT('',(-0.100060300585014,0.0866019982745753,0.00671249999999999));
#3491=CARTESIAN_POINT('',(-0.101560300585014,0.085735972870791,0.00681666666666666));
#3492=CARTESIAN_POINT('',(-0.103060300585014,0.0848699474670066,0.00692083333333333));
#3493=CARTESIAN_POINT('',(-0.103060300585014,0.0831378966594377,0.007025));
#3494=CARTESIAN_POINT('',(-0.103060300585014,0.0814058458518687,0.00712916666666666));
#3495=CARTESIAN_POINT('',(-0.101560300585014,0.0805398204480844,0.00723333333333333));
#3496=CARTESIAN_POINT('',(-0.100060300585014,0.0796737950442998,0.0073375));
#3497=CARTESIAN_POINT('',(-0.0985603005850141,0.0805398204480843,0.00744166666666667));
#3498=CARTESIAN_POINT('',(-0.0970603005850141,0.0814058458518687,0.00754583333333333));
#3499=CARTESIAN_POINT('',(-0.0970603005850141,0.0831378966594377,0.00765));
#3500=CARTESIAN_POINT('',(-0.0970603005850141,0.0848699474670065,0.00775416666666666));
#3501=CARTESIAN_POINT('',(-0.0985603005850141,0.085735972870791,0.00785833333333333));
#3502=CARTESIAN_POINT('',(-0.100060300585014,0.0866019982745753,0.00796249999999999));
#3503=CARTESIAN_POINT('',(-0.101560300585014,0.085735972870791,0.00806666666666667));
#3504=CARTESIAN_POINT('',(-0.103060300585014,0.0848699474670066,0.00817083333333333));
#3505=CARTESIAN_POINT('',(-0.103060300585014,0.0831378966594377,0.008275));
#3506=CARTESIAN_POINT('',(-0.103060300585014,0.0814058458518687,0.00837916666666666));
#3507=CARTESIAN_POINT('',(-0.101560300585014,0.0805398204480844,0.00848333333333333));
#3508=CARTESIAN_POINT('',(-0.100060300585014,0.0796737950442998,0.0085875));
#3509=CARTESIAN_POINT('',(-0.0985603005850141,0.0805398204480843,0.00869166666666667));
#3510=CARTESIAN_POINT('',(-0.0970603005850141,0.0814058458518687,0.00879583333333334));
#3511=CARTESIAN_POINT('',(-0.0970603005850141,0.0831378966594377,0.0089));
#3512=CARTESIAN_POINT('',(-0.0970603005850141,0.0848699474670065,0.00900416666666666));
#3513=CARTESIAN_POINT('',(-0.0985603005850141,0.085735972870791,0.00910833333333333));
#3514=CARTESIAN_POINT('',(-0.100060300585014,0.0866019982745753,0.0092125));
#3515=CARTESIAN_POINT('',(-0.101560300585014,0.085735972870791,0.00931666666666667));
#3516=CARTESIAN_POINT('',(-0.103060300585014,0.0848699474670066,0.00942083333333333));
#3517=CARTESIAN_POINT('',(-0.103060300585014,0.0831378966594377,0.009525));
#3518=CARTESIAN_POINT('',(-0.103060300585014,0.0814058458518687,0.00962916666666667));
#3519=CARTESIAN_POINT('',(-0.101560300585014,0.0805398204480844,0.00973333333333333));
#3520=CARTESIAN_POINT('',(-0.100060300585014,0.0796737950442998,0.0098375));
#3521=CARTESIAN_POINT('',(-0.0985603005850141,0.0805398204480843,0.00994166666666667));
#3522=CARTESIAN_POINT('',(-0.0970603005850141,0.0814058458518687,0.0100458333333333));
#3523=CARTESIAN_POINT('',(-0.0970603005850141,0.0831378966594377,0.01015));
#3524=CARTESIAN_POINT('',(-0.0970603005850141,0.0848699474670065,0.0102541666666667));
#3525=CARTESIAN_POINT('',(-0.0985603005850141,0.085735972870791,0.0103583333333333));
#3526=CARTESIAN_POINT('',(-0.100060300585014,0.0866019982745753,0.0104625));
#3527=CARTESIAN_POINT('',(-0.101560300585014,0.085735972870791,0.0105666666666667));
#3528=CARTESIAN_POINT('',(-0.103060300585014,0.0848699474670066,0.0106708333333333));
#3529=CARTESIAN_POINT('',(-0.103060300585014,0.0831378966594377,0.010775));
#3530=CARTESIAN_POINT('',(-0.103060300585014,0.0814058458518687,0.0108791666666667));
#3531=CARTESIAN_POINT('',(-0.101560300585014,0.0805398204480844,0.0109833333333333));
#3532=CARTESIAN_POINT('',(-0.100060300585014,0.0796737950442998,0.0110875));
#3533=CARTESIAN_POINT('',(-0.0985603005850141,0.0805398204480843,0.0111916666666667));
#3534=CARTESIAN_POINT('',(-0.0970603005850141,0.0814058458518687,0.0112958333333333));
#3535=CARTESIAN_POINT('',(-0.0970603005850141,0.0831378966594377,0.0114));
#3536=CARTESIAN_POINT('',(-0.0970603005850142,0.0831378966594376,0.0114));
#3537=CARTESIAN_POINT('',(-0.0970603005850143,0.0831378966594375,0.0117));
#3538=CARTESIAN_POINT('',(-0.0970603005850142,0.0831378966594376,0.012));
#3539=CARTESIAN_POINT('',(-0.100060300585014,0.0831378966594377,0.012));
#3540=CARTESIAN_POINT('',(-0.0970603005850141,0.0831378966594377,0.002));
#3541=CARTESIAN_POINT('',(-0.0970603005850141,0.0848699474670065,0.00210416666666668));
#3542=CARTESIAN_POINT('',(-0.0985603005850141,0.085735972870791,0.00220833333333334));
#3543=CARTESIAN_POINT('',(-0.100060300585014,0.0866019982745753,0.00231250000000001));
#3544=CARTESIAN_POINT('',(-0.101560300585014,0.085735972870791,0.00241666666666668));
#3545=CARTESIAN_POINT('',(-0.103060300585014,0.0848699474670066,0.00252083333333334));
#3546=CARTESIAN_POINT('',(-0.103060300585014,0.0831378966594377,0.002625));
#3547=CARTESIAN_POINT('',(-0.103060300585014,0.0814058458518687,0.00272916666666668));
#3548=CARTESIAN_POINT('',(-0.101560300585014,0.0805398204480844,0.00283333333333334));
#3549=CARTESIAN_POINT('',(-0.100060300585014,0.0796737950442998,0.00293750000000001));
#3550=CARTESIAN_POINT('',(-0.0985603005850141,0.0805398204480844,0.00304166666666668));
#3551=CARTESIAN_POINT('',(-0.0970603005850141,0.0814058458518687,0.00314583333333334));
#3552=CARTESIAN_POINT('',(-0.0970603005850141,0.0831378966594377,0.00325));
#3553=CARTESIAN_POINT('',(-0.0970603005850141,0.0848699474670065,0.00335416666666668));
#3554=CARTESIAN_POINT('',(-0.0985603005850141,0.085735972870791,0.00345833333333334));
#3555=CARTESIAN_POINT('',(-0.100060300585014,0.0866019982745753,0.00356250000000001));
#3556=CARTESIAN_POINT('',(-0.101560300585014,0.085735972870791,0.00366666666666668));
#3557=CARTESIAN_POINT('',(-0.103060300585014,0.0848699474670066,0.00377083333333334));
#3558=CARTESIAN_POINT('',(-0.103060300585014,0.0831378966594377,0.003875));
#3559=CARTESIAN_POINT('',(-0.103060300585014,0.0814058458518687,0.00397916666666668));
#3560=CARTESIAN_POINT('',(-0.101560300585014,0.0805398204480844,0.00408333333333335));
#3561=CARTESIAN_POINT('',(-0.100060300585014,0.0796737950442998,0.00418750000000001));
#3562=CARTESIAN_POINT('',(-0.0985603005850141,0.0805398204480844,0.00429166666666668));
#3563=CARTESIAN_POINT('',(-0.0970603005850141,0.0814058458518687,0.00439583333333334));
#3564=CARTESIAN_POINT('',(-0.0970603005850141,0.0831378966594377,0.0045));
#3565=CARTESIAN_POINT('',(-0.0970603005850141,0.0848699474670065,0.00460416666666668));
#3566=CARTESIAN_POINT('',(-0.0985603005850141,0.085735972870791,0.00470833333333334));
#3567=CARTESIAN_POINT('',(-0.100060300585014,0.0866019982745753,0.00481250000000001));
#3568=CARTESIAN_POINT('',(-0.101560300585014,0.085735972870791,0.00491666666666668));
#3569=CARTESIAN_POINT('',(-0.103060300585014,0.0848699474670066,0.00502083333333334));
#3570=CARTESIAN_POINT('',(-0.103060300585014,0.0831378966594377,0.005125));
#3571=CARTESIAN_POINT('',(-0.103060300585014,0.0814058458518687,0.00522916666666668));
#3572=CARTESIAN_POINT('',(-0.101560300585014,0.0805398204480844,0.00533333333333334));
#3573=CARTESIAN_POINT('',(-0.100060300585014,0.0796737950442998,0.00543750000000002));
#3574=CARTESIAN_POINT('',(-0.0985603005850141,0.0805398204480843,0.00554166666666668));
#3575=CARTESIAN_POINT('',(-0.0970603005850141,0.0814058458518687,0.00564583333333334));
#3576=CARTESIAN_POINT('',(-0.0970603005850141,0.0831378966594377,0.00575));
#3577=CARTESIAN_POINT('',(-0.0970603005850141,0.0848699474670065,0.00585416666666668));
#3578=CARTESIAN_POINT('',(-0.0985603005850141,0.085735972870791,0.00595833333333335));
#3579=CARTESIAN_POINT('',(-0.100060300585014,0.0866019982745753,0.00606250000000001));
#3580=CARTESIAN_POINT('',(-0.101560300585014,0.085735972870791,0.00616666666666668));
#3581=CARTESIAN_POINT('',(-0.103060300585014,0.0848699474670066,0.00627083333333335));
#3582=CARTESIAN_POINT('',(-0.103060300585014,0.0831378966594377,0.006375));
#3583=CARTESIAN_POINT('',(-0.103060300585014,0.0814058458518687,0.00647916666666668));
#3584=CARTESIAN_POINT('',(-0.101560300585014,0.0805398204480844,0.00658333333333334));
#3585=CARTESIAN_POINT('',(-0.100060300585014,0.0796737950442998,0.00668750000000001));
#3586=CARTESIAN_POINT('',(-0.0985603005850141,0.0805398204480843,0.00679166666666668));
#3587=CARTESIAN_POINT('',(-0.0970603005850141,0.0814058458518687,0.00689583333333334));
#3588=CARTESIAN_POINT('',(-0.0970603005850141,0.0831378966594377,0.007));
#3589=CARTESIAN_POINT('',(-0.0970603005850141,0.0848699474670065,0.00710416666666668));
#3590=CARTESIAN_POINT('',(-0.0985603005850141,0.085735972870791,0.00720833333333334));
#3591=CARTESIAN_POINT('',(-0.100060300585014,0.0866019982745753,0.00731250000000001));
#3592=CARTESIAN_POINT('',(-0.101560300585014,0.085735972870791,0.00741666666666668));
#3593=CARTESIAN_POINT('',(-0.103060300585014,0.0848699474670066,0.00752083333333335));
#3594=CARTESIAN_POINT('',(-0.103060300585014,0.0831378966594377,0.007625));
#3595=CARTESIAN_POINT('',(-0.103060300585014,0.0814058458518687,0.00772916666666667));
#3596=CARTESIAN_POINT('',(-0.101560300585014,0.0805398204480844,0.00783333333333335));
#3597=CARTESIAN_POINT('',(-0.100060300585014,0.0796737950442998,0.00793750000000001));
#3598=CARTESIAN_POINT('',(-0.0985603005850141,0.0805398204480843,0.00804166666666668));
#3599=CARTESIAN_POINT('',(-0.0970603005850141,0.0814058458518687,0.00814583333333334));
#3600=CARTESIAN_POINT('',(-0.0970603005850141,0.0831378966594377,0.00825));
#3601=CARTESIAN_POINT('',(-0.0970603005850141,0.0848699474670065,0.00835416666666668));
#3602=CARTESIAN_POINT('',(-0.0985603005850141,0.085735972870791,0.00845833333333335));
#3603=CARTESIAN_POINT('',(-0.100060300585014,0.0866019982745753,0.00856250000000001));
#3604=CARTESIAN_POINT('',(-0.101560300585014,0.085735972870791,0.00866666666666668));
#3605=CARTESIAN_POINT('',(-0.103060300585014,0.0848699474670066,0.00877083333333334));
#3606=CARTESIAN_POINT('',(-0.103060300585014,0.0831378966594377,0.008875));
#3607=CARTESIAN_POINT('',(-0.103060300585014,0.0814058458518687,0.00897916666666667));
#3608=CARTESIAN_POINT('',(-0.101560300585014,0.0805398204480844,0.00908333333333334));
#3609=CARTESIAN_POINT('',(-0.100060300585014,0.0796737950442998,0.00918750000000001));
#3610=CARTESIAN_POINT('',(-0.0985603005850141,0.0805398204480843,0.00929166666666668));
#3611=CARTESIAN_POINT('',(-0.0970603005850141,0.0814058458518687,0.00939583333333334));
#3612=CARTESIAN_POINT('',(-0.0970603005850141,0.0831378966594377,0.0095));
#3613=CARTESIAN_POINT('',(-0.0970603005850141,0.0848699474670065,0.00960416666666668));
#3614=CARTESIAN_POINT('',(-0.0985603005850141,0.085735972870791,0.00970833333333334));
#3615=CARTESIAN_POINT('',(-0.100060300585014,0.0866019982745753,0.0098125));
#3616=CARTESIAN_POINT('',(-0.101560300585014,0.085735972870791,0.00991666666666668));
#3617=CARTESIAN_POINT('',(-0.103060300585014,0.0848699474670066,0.0100208333333333));
#3618=CARTESIAN_POINT('',(-0.103060300585014,0.0831378966594377,0.010125));
#3619=CARTESIAN_POINT('',(-0.103060300585014,0.0814058458518687,0.0102291666666667));
#3620=CARTESIAN_POINT('',(-0.101560300585014,0.0805398204480844,0.0103333333333333));
#3621=CARTESIAN_POINT('',(-0.100060300585014,0.0796737950442998,0.0104375));
#3622=CARTESIAN_POINT('',(-0.0985603005850141,0.0805398204480843,0.0105416666666667));
#3623=CARTESIAN_POINT('',(-0.0970603005850141,0.0814058458518687,0.0106458333333333));
#3624=CARTESIAN_POINT('',(-0.0970603005850141,0.0831378966594377,0.01075));
#3625=CARTESIAN_POINT('',(-0.0970603005850141,0.0848699474670065,0.0108541666666667));
#3626=CARTESIAN_POINT('',(-0.0985603005850141,0.085735972870791,0.0109583333333333));
#3627=CARTESIAN_POINT('',(-0.100060300585014,0.0866019982745753,0.0110625));
#3628=CARTESIAN_POINT('',(-0.101560300585014,0.085735972870791,0.0111666666666667));
#3629=CARTESIAN_POINT('',(-0.103060300585014,0.0848699474670066,0.0112708333333333));
#3630=CARTESIAN_POINT('',(-0.103060300585014,0.0831378966594377,0.011375));
#3631=CARTESIAN_POINT('',(-0.103060300585014,0.0814058458518687,0.0114791666666667));
#3632=CARTESIAN_POINT('',(-0.101560300585014,0.0805398204480844,0.0115833333333333));
#3633=CARTESIAN_POINT('',(-0.100060300585014,0.0796737950442998,0.0116875));
#3634=CARTESIAN_POINT('',(-0.0985603005850141,0.0805398204480843,0.0117916666666667));
#3635=CARTESIAN_POINT('',(-0.0970603005850141,0.0814058458518687,0.0118958333333333));
#3636=CARTESIAN_POINT('',(-0.0970603005850141,0.0831378966594377,0.012));
#3637=CARTESIAN_POINT('',(-0.100060300585014,-0.0468621033405624,0.002));
#3638=CARTESIAN_POINT('',(-0.100060300585014,-0.0468621033405624,0.009));
#3639=CARTESIAN_POINT('',(-0.097432744040875,-0.0454143648947954,0.009));
#3640=CARTESIAN_POINT('',(-0.102495353775956,-0.0486143921173576,0.009));
#3641=CARTESIAN_POINT('',(-0.0970603005850141,-0.0468621033405624,0.0014));
#3642=CARTESIAN_POINT('',(-0.0970603005850141,-0.0451300525329935,0.00150416666666667));
#3643=CARTESIAN_POINT('',(-0.0985603005850141,-0.0442640271292091,0.00160833333333333));
#3644=CARTESIAN_POINT('',(-0.100060300585014,-0.0433980017254246,0.0017125));
#3645=CARTESIAN_POINT('',(-0.101560300585014,-0.0442640271292091,0.00181666666666667));
#3646=CARTESIAN_POINT('',(-0.103060300585014,-0.0451300525329935,0.00192083333333333));
#3647=CARTESIAN_POINT('',(-0.103060300585014,-0.0468621033405624,0.002025));
#3648=CARTESIAN_POINT('',(-0.103060300585014,-0.0485941541481312,0.00212916666666667));
#3649=CARTESIAN_POINT('',(-0.101560300585014,-0.0494601795519157,0.00223333333333333));
#3650=CARTESIAN_POINT('',(-0.100060300585014,-0.0503262049557001,0.0023375));
#3651=CARTESIAN_POINT('',(-0.0985603005850141,-0.0494601795519157,0.00244166666666667));
#3652=CARTESIAN_POINT('',(-0.0970603005850141,-0.0485941541481312,0.00254583333333333));
#3653=CARTESIAN_POINT('',(-0.0970603005850141,-0.0468621033405624,0.00265));
#3654=CARTESIAN_POINT('',(-0.0970603005850141,-0.0451300525329935,0.00275416666666667));
#3655=CARTESIAN_POINT('',(-0.0985603005850141,-0.0442640271292091,0.00285833333333334));
#3656=CARTESIAN_POINT('',(-0.100060300585014,-0.0433980017254246,0.0029625));
#3657=CARTESIAN_POINT('',(-0.101560300585014,-0.0442640271292091,0.00306666666666667));
#3658=CARTESIAN_POINT('',(-0.103060300585014,-0.0451300525329935,0.00317083333333333));
#3659=CARTESIAN_POINT('',(-0.103060300585014,-0.0468621033405624,0.003275));
#3660=CARTESIAN_POINT('',(-0.103060300585014,-0.0485941541481312,0.00337916666666666));
#3661=CARTESIAN_POINT('',(-0.101560300585014,-0.0494601795519157,0.00348333333333333));
#3662=CARTESIAN_POINT('',(-0.100060300585014,-0.0503262049557001,0.0035875));
#3663=CARTESIAN_POINT('',(-0.0985603005850141,-0.0494601795519157,0.00369166666666667));
#3664=CARTESIAN_POINT('',(-0.0970603005850141,-0.0485941541481312,0.00379583333333334));
#3665=CARTESIAN_POINT('',(-0.0970603005850141,-0.0468621033405624,0.0039));
#3666=CARTESIAN_POINT('',(-0.0970603005850141,-0.0451300525329935,0.00400416666666667));
#3667=CARTESIAN_POINT('',(-0.0985603005850141,-0.0442640271292091,0.00410833333333334));
#3668=CARTESIAN_POINT('',(-0.100060300585014,-0.0433980017254246,0.0042125));
#3669=CARTESIAN_POINT('',(-0.101560300585014,-0.0442640271292091,0.00431666666666667));
#3670=CARTESIAN_POINT('',(-0.103060300585014,-0.0451300525329935,0.00442083333333334));
#3671=CARTESIAN_POINT('',(-0.103060300585014,-0.0468621033405623,0.004525));
#3672=CARTESIAN_POINT('',(-0.103060300585014,-0.0485941541481312,0.00462916666666667));
#3673=CARTESIAN_POINT('',(-0.101560300585014,-0.0494601795519157,0.00473333333333333));
#3674=CARTESIAN_POINT('',(-0.100060300585014,-0.0503262049557001,0.0048375));
#3675=CARTESIAN_POINT('',(-0.0985603005850141,-0.0494601795519157,0.00494166666666667));
#3676=CARTESIAN_POINT('',(-0.0970603005850141,-0.0485941541481312,0.00504583333333333));
#3677=CARTESIAN_POINT('',(-0.0970603005850141,-0.0468621033405624,0.00515));
#3678=CARTESIAN_POINT('',(-0.0970603005850141,-0.0451300525329935,0.00525416666666667));
#3679=CARTESIAN_POINT('',(-0.0985603005850141,-0.0442640271292091,0.00535833333333334));
#3680=CARTESIAN_POINT('',(-0.100060300585014,-0.0433980017254246,0.0054625));
#3681=CARTESIAN_POINT('',(-0.101560300585014,-0.0442640271292091,0.00556666666666667));
#3682=CARTESIAN_POINT('',(-0.103060300585014,-0.0451300525329935,0.00567083333333334));
#3683=CARTESIAN_POINT('',(-0.103060300585014,-0.0468621033405624,0.005775));
#3684=CARTESIAN_POINT('',(-0.103060300585014,-0.0485941541481312,0.00587916666666666));
#3685=CARTESIAN_POINT('',(-0.101560300585014,-0.0494601795519157,0.00598333333333333));
#3686=CARTESIAN_POINT('',(-0.100060300585014,-0.0503262049557001,0.0060875));
#3687=CARTESIAN_POINT('',(-0.0985603005850141,-0.0494601795519157,0.00619166666666667));
#3688=CARTESIAN_POINT('',(-0.0970603005850141,-0.0485941541481312,0.00629583333333333));
#3689=CARTESIAN_POINT('',(-0.0970603005850141,-0.0468621033405624,0.0064));
#3690=CARTESIAN_POINT('',(-0.0970603005850141,-0.0451300525329935,0.00650416666666667));
#3691=CARTESIAN_POINT('',(-0.0985603005850141,-0.0442640271292091,0.00660833333333334));
#3692=CARTESIAN_POINT('',(-0.100060300585014,-0.0433980017254246,0.0067125));
#3693=CARTESIAN_POINT('',(-0.101560300585014,-0.0442640271292091,0.00681666666666667));
#3694=CARTESIAN_POINT('',(-0.103060300585014,-0.0451300525329935,0.00692083333333333));
#3695=CARTESIAN_POINT('',(-0.103060300585014,-0.0468621033405623,0.007025));
#3696=CARTESIAN_POINT('',(-0.103060300585014,-0.0485941541481312,0.00712916666666666));
#3697=CARTESIAN_POINT('',(-0.101560300585014,-0.0494601795519157,0.00723333333333334));
#3698=CARTESIAN_POINT('',(-0.100060300585014,-0.0503262049557001,0.0073375));
#3699=CARTESIAN_POINT('',(-0.0985603005850141,-0.0494601795519157,0.00744166666666667));
#3700=CARTESIAN_POINT('',(-0.0970603005850141,-0.0485941541481312,0.00754583333333333));
#3701=CARTESIAN_POINT('',(-0.0970603005850141,-0.0468621033405624,0.00765));
#3702=CARTESIAN_POINT('',(-0.0970603005850141,-0.0451300525329935,0.00775416666666667));
#3703=CARTESIAN_POINT('',(-0.0985603005850141,-0.0442640271292091,0.00785833333333334));
#3704=CARTESIAN_POINT('',(-0.100060300585014,-0.0433980017254246,0.00796249999999999));
#3705=CARTESIAN_POINT('',(-0.101560300585014,-0.0442640271292091,0.00806666666666667));
#3706=CARTESIAN_POINT('',(-0.103060300585014,-0.0451300525329935,0.00817083333333333));
#3707=CARTESIAN_POINT('',(-0.103060300585014,-0.0468621033405623,0.008275));
#3708=CARTESIAN_POINT('',(-0.103060300585014,-0.0485941541481312,0.00837916666666666));
#3709=CARTESIAN_POINT('',(-0.101560300585014,-0.0494601795519157,0.00848333333333334));
#3710=CARTESIAN_POINT('',(-0.100060300585014,-0.0503262049557001,0.0085875));
#3711=CARTESIAN_POINT('',(-0.0985603005850141,-0.0494601795519157,0.00869166666666667));
#3712=CARTESIAN_POINT('',(-0.0970603005850141,-0.0485941541481312,0.00879583333333334));
#3713=CARTESIAN_POINT('',(-0.0970603005850141,-0.0468621033405624,0.0089));
#3714=CARTESIAN_POINT('',(-0.0970603005850141,-0.0451300525329935,0.00900416666666666));
#3715=CARTESIAN_POINT('',(-0.0985603005850141,-0.0442640271292091,0.00910833333333333));
#3716=CARTESIAN_POINT('',(-0.100060300585014,-0.0433980017254246,0.0092125));
#3717=CARTESIAN_POINT('',(-0.101560300585014,-0.0442640271292091,0.00931666666666667));
#3718=CARTESIAN_POINT('',(-0.103060300585014,-0.0451300525329935,0.00942083333333333));
#3719=CARTESIAN_POINT('',(-0.103060300585014,-0.0468621033405623,0.009525));
#3720=CARTESIAN_POINT('',(-0.103060300585014,-0.0485941541481312,0.00962916666666667));
#3721=CARTESIAN_POINT('',(-0.101560300585014,-0.0494601795519157,0.00973333333333333));
#3722=CARTESIAN_POINT('',(-0.100060300585014,-0.0503262049557001,0.0098375));
#3723=CARTESIAN_POINT('',(-0.0985603005850141,-0.0494601795519157,0.00994166666666667));
#3724=CARTESIAN_POINT('',(-0.0970603005850141,-0.0485941541481312,0.0100458333333333));
#3725=CARTESIAN_POINT('',(-0.0970603005850141,-0.0468621033405624,0.01015));
#3726=CARTESIAN_POINT('',(-0.0970603005850141,-0.0451300525329935,0.0102541666666667));
#3727=CARTESIAN_POINT('',(-0.0985603005850141,-0.0442640271292091,0.0103583333333333));
#3728=CARTESIAN_POINT('',(-0.100060300585014,-0.0433980017254246,0.0104625));
#3729=CARTESIAN_POINT('',(-0.101560300585014,-0.0442640271292091,0.0105666666666667));
#3730=CARTESIAN_POINT('',(-0.103060300585014,-0.0451300525329935,0.0106708333333333));
#3731=CARTESIAN_POINT('',(-0.103060300585014,-0.0468621033405623,0.010775));
#3732=CARTESIAN_POINT('',(-0.103060300585014,-0.0485941541481312,0.0108791666666667));
#3733=CARTESIAN_POINT('',(-0.101560300585014,-0.0494601795519157,0.0109833333333333));
#3734=CARTESIAN_POINT('',(-0.100060300585014,-0.0503262049557001,0.0110875));
#3735=CARTESIAN_POINT('',(-0.0985603005850141,-0.0494601795519157,0.0111916666666667));
#3736=CARTESIAN_POINT('',(-0.0970603005850141,-0.0485941541481312,0.0112958333333333));
#3737=CARTESIAN_POINT('',(-0.0970603005850141,-0.0468621033405624,0.0114));
#3738=CARTESIAN_POINT('',(-0.0970603005850141,-0.0468621033405625,0.0114));
#3739=CARTESIAN_POINT('',(-0.097060300585014,-0.0468621033405626,0.0117));
#3740=CARTESIAN_POINT('',(-0.0970603005850141,-0.0468621033405625,0.012));
#3741=CARTESIAN_POINT('',(-0.100060300585014,-0.0468621033405624,0.012));
#3742=CARTESIAN_POINT('',(-0.0970603005850141,-0.0468621033405624,0.002));
#3743=CARTESIAN_POINT('',(-0.0970603005850141,-0.0451300525329935,0.00210416666666666));
#3744=CARTESIAN_POINT('',(-0.0985603005850141,-0.0442640271292091,0.00220833333333333));
#3745=CARTESIAN_POINT('',(-0.100060300585014,-0.0433980017254246,0.0023125));
#3746=CARTESIAN_POINT('',(-0.101560300585014,-0.0442640271292091,0.00241666666666667));
#3747=CARTESIAN_POINT('',(-0.103060300585014,-0.0451300525329935,0.00252083333333334));
#3748=CARTESIAN_POINT('',(-0.103060300585014,-0.0468621033405624,0.002625));
#3749=CARTESIAN_POINT('',(-0.103060300585014,-0.0485941541481312,0.00272916666666667));
#3750=CARTESIAN_POINT('',(-0.101560300585014,-0.0494601795519157,0.00283333333333333));
#3751=CARTESIAN_POINT('',(-0.100060300585014,-0.0503262049557001,0.0029375));
#3752=CARTESIAN_POINT('',(-0.0985603005850141,-0.0494601795519157,0.00304166666666667));
#3753=CARTESIAN_POINT('',(-0.0970603005850141,-0.0485941541481312,0.00314583333333333));
#3754=CARTESIAN_POINT('',(-0.0970603005850141,-0.0468621033405624,0.00325));
#3755=CARTESIAN_POINT('',(-0.0970603005850141,-0.0451300525329935,0.00335416666666667));
#3756=CARTESIAN_POINT('',(-0.0985603005850141,-0.0442640271292091,0.00345833333333333));
#3757=CARTESIAN_POINT('',(-0.100060300585014,-0.0433980017254246,0.0035625));
#3758=CARTESIAN_POINT('',(-0.101560300585014,-0.0442640271292091,0.00366666666666666));
#3759=CARTESIAN_POINT('',(-0.103060300585014,-0.0451300525329935,0.00377083333333333));
#3760=CARTESIAN_POINT('',(-0.103060300585014,-0.0468621033405624,0.003875));
#3761=CARTESIAN_POINT('',(-0.103060300585014,-0.0485941541481312,0.00397916666666667));
#3762=CARTESIAN_POINT('',(-0.101560300585014,-0.0494601795519157,0.00408333333333334));
#3763=CARTESIAN_POINT('',(-0.100060300585014,-0.0503262049557001,0.0041875));
#3764=CARTESIAN_POINT('',(-0.0985603005850141,-0.0494601795519157,0.00429166666666666));
#3765=CARTESIAN_POINT('',(-0.0970603005850141,-0.0485941541481312,0.00439583333333333));
#3766=CARTESIAN_POINT('',(-0.0970603005850141,-0.0468621033405624,0.0045));
#3767=CARTESIAN_POINT('',(-0.0970603005850141,-0.0451300525329935,0.00460416666666667));
#3768=CARTESIAN_POINT('',(-0.0985603005850141,-0.0442640271292091,0.00470833333333333));
#3769=CARTESIAN_POINT('',(-0.100060300585014,-0.0433980017254246,0.0048125));
#3770=CARTESIAN_POINT('',(-0.101560300585014,-0.0442640271292091,0.00491666666666667));
#3771=CARTESIAN_POINT('',(-0.103060300585014,-0.0451300525329935,0.00502083333333333));
#3772=CARTESIAN_POINT('',(-0.103060300585014,-0.0468621033405623,0.005125));
#3773=CARTESIAN_POINT('',(-0.103060300585014,-0.0485941541481312,0.00522916666666667));
#3774=CARTESIAN_POINT('',(-0.101560300585014,-0.0494601795519157,0.00533333333333333));
#3775=CARTESIAN_POINT('',(-0.100060300585014,-0.0503262049557001,0.0054375));
#3776=CARTESIAN_POINT('',(-0.0985603005850141,-0.0494601795519157,0.00554166666666667));
#3777=CARTESIAN_POINT('',(-0.0970603005850141,-0.0485941541481312,0.00564583333333333));
#3778=CARTESIAN_POINT('',(-0.0970603005850141,-0.0468621033405624,0.00575));
#3779=CARTESIAN_POINT('',(-0.0970603005850141,-0.0451300525329935,0.00585416666666666));
#3780=CARTESIAN_POINT('',(-0.0985603005850141,-0.0442640271292091,0.00595833333333333));
#3781=CARTESIAN_POINT('',(-0.100060300585014,-0.0433980017254246,0.0060625));
#3782=CARTESIAN_POINT('',(-0.101560300585014,-0.0442640271292091,0.00616666666666667));
#3783=CARTESIAN_POINT('',(-0.103060300585014,-0.0451300525329935,0.00627083333333333));
#3784=CARTESIAN_POINT('',(-0.103060300585014,-0.0468621033405624,0.006375));
#3785=CARTESIAN_POINT('',(-0.103060300585014,-0.0485941541481312,0.00647916666666667));
#3786=CARTESIAN_POINT('',(-0.101560300585014,-0.0494601795519157,0.00658333333333333));
#3787=CARTESIAN_POINT('',(-0.100060300585014,-0.0503262049557001,0.00668749999999999));
#3788=CARTESIAN_POINT('',(-0.0985603005850141,-0.0494601795519157,0.00679166666666667));
#3789=CARTESIAN_POINT('',(-0.0970603005850141,-0.0485941541481312,0.00689583333333333));
#3790=CARTESIAN_POINT('',(-0.0970603005850141,-0.0468621033405624,0.007));
#3791=CARTESIAN_POINT('',(-0.0970603005850141,-0.0451300525329935,0.00710416666666666));
#3792=CARTESIAN_POINT('',(-0.0985603005850141,-0.0442640271292091,0.00720833333333333));
#3793=CARTESIAN_POINT('',(-0.100060300585014,-0.0433980017254246,0.0073125));
#3794=CARTESIAN_POINT('',(-0.101560300585014,-0.0442640271292091,0.00741666666666667));
#3795=CARTESIAN_POINT('',(-0.103060300585014,-0.0451300525329935,0.00752083333333334));
#3796=CARTESIAN_POINT('',(-0.103060300585014,-0.0468621033405623,0.007625));
#3797=CARTESIAN_POINT('',(-0.103060300585014,-0.0485941541481312,0.00772916666666667));
#3798=CARTESIAN_POINT('',(-0.101560300585014,-0.0494601795519157,0.00783333333333334));
#3799=CARTESIAN_POINT('',(-0.100060300585014,-0.0503262049557001,0.00793749999999999));
#3800=CARTESIAN_POINT('',(-0.0985603005850141,-0.0494601795519157,0.00804166666666667));
#3801=CARTESIAN_POINT('',(-0.0970603005850141,-0.0485941541481312,0.00814583333333333));
#3802=CARTESIAN_POINT('',(-0.0970603005850141,-0.0468621033405624,0.00825));
#3803=CARTESIAN_POINT('',(-0.0970603005850141,-0.0451300525329935,0.00835416666666667));
#3804=CARTESIAN_POINT('',(-0.0985603005850141,-0.0442640271292091,0.00845833333333334));
#3805=CARTESIAN_POINT('',(-0.100060300585014,-0.0433980017254246,0.0085625));
#3806=CARTESIAN_POINT('',(-0.101560300585014,-0.0442640271292091,0.00866666666666667));
#3807=CARTESIAN_POINT('',(-0.103060300585014,-0.0451300525329935,0.00877083333333334));
#3808=CARTESIAN_POINT('',(-0.103060300585014,-0.0468621033405623,0.008875));
#3809=CARTESIAN_POINT('',(-0.103060300585014,-0.0485941541481312,0.00897916666666666));
#3810=CARTESIAN_POINT('',(-0.101560300585014,-0.0494601795519157,0.00908333333333333));
#3811=CARTESIAN_POINT('',(-0.100060300585014,-0.0503262049557001,0.0091875));
#3812=CARTESIAN_POINT('',(-0.0985603005850141,-0.0494601795519157,0.00929166666666667));
#3813=CARTESIAN_POINT('',(-0.0970603005850141,-0.0485941541481312,0.00939583333333333));
#3814=CARTESIAN_POINT('',(-0.0970603005850141,-0.0468621033405624,0.0095));
#3815=CARTESIAN_POINT('',(-0.0970603005850141,-0.0451300525329935,0.00960416666666667));
#3816=CARTESIAN_POINT('',(-0.0985603005850141,-0.0442640271292091,0.00970833333333333));
#3817=CARTESIAN_POINT('',(-0.100060300585014,-0.0433980017254246,0.0098125));
#3818=CARTESIAN_POINT('',(-0.101560300585014,-0.0442640271292091,0.00991666666666667));
#3819=CARTESIAN_POINT('',(-0.103060300585014,-0.0451300525329935,0.0100208333333333));
#3820=CARTESIAN_POINT('',(-0.103060300585014,-0.0468621033405623,0.010125));
#3821=CARTESIAN_POINT('',(-0.103060300585014,-0.0485941541481312,0.0102291666666667));
#3822=CARTESIAN_POINT('',(-0.101560300585014,-0.0494601795519157,0.0103333333333333));
#3823=CARTESIAN_POINT('',(-0.100060300585014,-0.0503262049557001,0.0104375));
#3824=CARTESIAN_POINT('',(-0.0985603005850141,-0.0494601795519157,0.0105416666666667));
#3825=CARTESIAN_POINT('',(-0.0970603005850141,-0.0485941541481312,0.0106458333333333));
#3826=CARTESIAN_POINT('',(-0.0970603005850141,-0.0468621033405624,0.01075));
#3827=CARTESIAN_POINT('',(-0.0970603005850141,-0.0451300525329935,0.0108541666666667));
#3828=CARTESIAN_POINT('',(-0.0985603005850141,-0.0442640271292091,0.0109583333333333));
#3829=CARTESIAN_POINT('',(-0.100060300585014,-0.0433980017254246,0.0110625));
#3830=CARTESIAN_POINT('',(-0.101560300585014,-0.0442640271292091,0.0111666666666667));
#3831=CARTESIAN_POINT('',(-0.103060300585014,-0.0451300525329935,0.0112708333333333));
#3832=CARTESIAN_POINT('',(-0.103060300585014,-0.0468621033405623,0.011375));
#3833=CARTESIAN_POINT('',(-0.103060300585014,-0.0485941541481312,0.0114791666666667));
#3834=CARTESIAN_POINT('',(-0.101560300585014,-0.0494601795519157,0.0115833333333333));
#3835=CARTESIAN_POINT('',(-0.100060300585014,-0.0503262049557001,0.0116875));
#3836=CARTESIAN_POINT('',(-0.0985603005850141,-0.0494601795519157,0.0117916666666667));
#3837=CARTESIAN_POINT('',(-0.0970603005850141,-0.0485941541481312,0.0118958333333333));
#3838=CARTESIAN_POINT('',(-0.0970603005850141,-0.0468621033405624,0.012));
#3839=CARTESIAN_POINT('',(-0.0981873871879022,-0.0492625606734302,0.00898574312236509));
#3840=CARTESIAN_POINT('',(-0.0981483380628479,-0.04923209330021,0.00898873167609307));
#3841=CARTESIAN_POINT('',(-0.0981103005850141,-0.0492003719307804,0.00899166666666666));
#3842=CARTESIAN_POINT('',(-0.0967603005850141,-0.0480745389058605,0.00909583333333332));
#3843=CARTESIAN_POINT('',(-0.0970603005850141,-0.0463424880982917,0.0092));
#3844=CARTESIAN_POINT('',(-0.0973603005850141,-0.0446104372907228,0.00930416666666666));
#3845=CARTESIAN_POINT('',(-0.0990103005850141,-0.0440042195080737,0.00940833333333333));
#3846=CARTESIAN_POINT('',(-0.100660300585014,-0.0433980017254246,0.00951249999999999));
#3847=CARTESIAN_POINT('',(-0.102010300585014,-0.0445238347503443,0.00961666666666666));
#3848=CARTESIAN_POINT('',(-0.103360300585014,-0.0456496677752641,0.00972083333333333));
#3849=CARTESIAN_POINT('',(-0.103060300585014,-0.047381718582833,0.009825));
#3850=CARTESIAN_POINT('',(-0.102760300585014,-0.0491137693904019,0.00992916666666666));
#3851=CARTESIAN_POINT('',(-0.101110300585014,-0.049719987173051,0.0100333333333333));
#3852=CARTESIAN_POINT('',(-0.0994603005850141,-0.0503262049557001,0.0101375));
#3853=CARTESIAN_POINT('',(-0.0981103005850141,-0.0492003719307804,0.0102416666666667));
#3854=CARTESIAN_POINT('',(-0.0967603005850141,-0.0480745389058605,0.0103458333333333));
#3855=CARTESIAN_POINT('',(-0.0970603005850141,-0.0463424880982917,0.01045));
#3856=CARTESIAN_POINT('',(-0.0973603005850141,-0.0446104372907228,0.0105541666666667));
#3857=CARTESIAN_POINT('',(-0.0990103005850141,-0.0440042195080737,0.0106583333333333));
#3858=CARTESIAN_POINT('',(-0.100660300585014,-0.0433980017254246,0.0107625));
#3859=CARTESIAN_POINT('',(-0.102010300585014,-0.0445238347503443,0.0108666666666667));
#3860=CARTESIAN_POINT('',(-0.103360300585014,-0.0456496677752641,0.0109708333333333));
#3861=CARTESIAN_POINT('',(-0.103060300585014,-0.047381718582833,0.011075));
#3862=CARTESIAN_POINT('',(-0.102760300585014,-0.0491137693904019,0.0111791666666667));
#3863=CARTESIAN_POINT('',(-0.101110300585014,-0.049719987173051,0.0112833333333333));
#3864=CARTESIAN_POINT('',(-0.0994603005850141,-0.0503262049557001,0.0113875));
#3865=CARTESIAN_POINT('',(-0.0981103005850141,-0.0492003719307804,0.0114916666666667));
#3866=CARTESIAN_POINT('',(-0.0967603005850141,-0.0480745389058605,0.0115958333333333));
#3867=CARTESIAN_POINT('',(-0.0970603005850141,-0.0463424880982917,0.0117));
#3868=CARTESIAN_POINT('',(-0.0986455996229567,-0.0495075940678101,0.0086857431223651));
#3869=CARTESIAN_POINT('',(-0.0986025644492739,-0.0494845806053231,0.00868873167609308));
#3870=CARTESIAN_POINT('',(-0.0985603005850141,-0.0494601795519157,0.00869166666666667));
#3871=CARTESIAN_POINT('',(-0.0970603005850141,-0.0485941541481312,0.00879583333333334));
#3872=CARTESIAN_POINT('',(-0.0970603005850141,-0.0468621033405624,0.0089));
#3873=CARTESIAN_POINT('',(-0.0970603005850141,-0.0451300525329935,0.00900416666666666));
#3874=CARTESIAN_POINT('',(-0.0985603005850141,-0.0442640271292091,0.00910833333333333));
#3875=CARTESIAN_POINT('',(-0.100060300585014,-0.0433980017254246,0.0092125));
#3876=CARTESIAN_POINT('',(-0.101560300585014,-0.0442640271292091,0.00931666666666667));
#3877=CARTESIAN_POINT('',(-0.103060300585014,-0.0451300525329935,0.00942083333333333));
#3878=CARTESIAN_POINT('',(-0.103060300585014,-0.0468621033405624,0.009525));
#3879=CARTESIAN_POINT('',(-0.103060300585014,-0.0485941541481312,0.00962916666666667));
#3880=CARTESIAN_POINT('',(-0.101560300585014,-0.0494601795519157,0.00973333333333333));
#3881=CARTESIAN_POINT('',(-0.100060300585014,-0.0503262049557001,0.0098375));
#3882=CARTESIAN_POINT('',(-0.0985603005850141,-0.0494601795519157,0.00994166666666667));
#3883=CARTESIAN_POINT('',(-0.0970603005850141,-0.0485941541481312,0.0100458333333333));
#3884=CARTESIAN_POINT('',(-0.0970603005850141,-0.0468621033405624,0.01015));
#3885=CARTESIAN_POINT('',(-0.0970603005850141,-0.0451300525329935,0.0102541666666667));
#3886=CARTESIAN_POINT('',(-0.0985603005850141,-0.0442640271292091,0.0103583333333333));
#3887=CARTESIAN_POINT('',(-0.100060300585014,-0.0433980017254246,0.0104625));
#3888=CARTESIAN_POINT('',(-0.101560300585014,-0.0442640271292091,0.0105666666666667));
#3889=CARTESIAN_POINT('',(-0.103060300585014,-0.0451300525329935,0.0106708333333333));
#3890=CARTESIAN_POINT('',(-0.103060300585014,-0.0468621033405624,0.010775));
#3891=CARTESIAN_POINT('',(-0.103060300585014,-0.0485941541481312,0.0108791666666667));
#3892=CARTESIAN_POINT('',(-0.101560300585014,-0.0494601795519157,0.0109833333333333));
#3893=CARTESIAN_POINT('',(-0.100060300585014,-0.0503262049557001,0.0110875));
#3894=CARTESIAN_POINT('',(-0.0985603005850141,-0.0494601795519157,0.0111916666666667));
#3895=CARTESIAN_POINT('',(-0.0970603005850141,-0.0485941541481312,0.0112958333333333));
#3896=CARTESIAN_POINT('',(-0.0970603005850141,-0.0468621033405624,0.0114));
#3897=CARTESIAN_POINT('',(-0.0980057314726548,-0.0491090447644849,0.00899999999999999));
#3898=CARTESIAN_POINT('',(-0.0975158210997907,-0.0486427178520272,0.00899999999999999));
#3899=CARTESIAN_POINT('',(-0.0968705631888376,-0.0473955762711389,0.009));
#3900=CARTESIAN_POINT('',(-0.0971063353773534,-0.046006776612815,0.009));
#3901=CARTESIAN_POINT('',(-0.097432744040875,-0.0454143648947954,0.009));
#3902=CARTESIAN_POINT('',(-0.0980057314726548,-0.0491090447644849,0.009));
#3903=CARTESIAN_POINT('',(-0.0970603005850141,-0.0463424880982917,0.0017));
#3904=CARTESIAN_POINT('',(-0.0973603005850141,-0.0446104372907228,0.00180416666666666));
#3905=CARTESIAN_POINT('',(-0.0990103005850141,-0.0440042195080737,0.00190833333333333));
#3906=CARTESIAN_POINT('',(-0.100660300585014,-0.0433980017254246,0.0020125));
#3907=CARTESIAN_POINT('',(-0.102010300585014,-0.0445238347503443,0.00211666666666667));
#3908=CARTESIAN_POINT('',(-0.103360300585014,-0.0456496677752641,0.00222083333333333));
#3909=CARTESIAN_POINT('',(-0.103060300585014,-0.047381718582833,0.002325));
#3910=CARTESIAN_POINT('',(-0.102760300585014,-0.0491137693904019,0.00242916666666666));
#3911=CARTESIAN_POINT('',(-0.101110300585014,-0.049719987173051,0.00253333333333333));
#3912=CARTESIAN_POINT('',(-0.0994603005850141,-0.0503262049557001,0.0026375));
#3913=CARTESIAN_POINT('',(-0.0981103005850141,-0.0492003719307804,0.00274166666666666));
#3914=CARTESIAN_POINT('',(-0.0967603005850141,-0.0480745389058605,0.00284583333333333));
#3915=CARTESIAN_POINT('',(-0.0970603005850141,-0.0463424880982917,0.00295));
#3916=CARTESIAN_POINT('',(-0.0973603005850141,-0.0446104372907228,0.00305416666666666));
#3917=CARTESIAN_POINT('',(-0.0990103005850141,-0.0440042195080737,0.00315833333333333));
#3918=CARTESIAN_POINT('',(-0.100660300585014,-0.0433980017254246,0.0032625));
#3919=CARTESIAN_POINT('',(-0.102010300585014,-0.0445238347503443,0.00336666666666666));
#3920=CARTESIAN_POINT('',(-0.103360300585014,-0.0456496677752641,0.00347083333333333));
#3921=CARTESIAN_POINT('',(-0.103060300585014,-0.047381718582833,0.003575));
#3922=CARTESIAN_POINT('',(-0.102760300585014,-0.0491137693904019,0.00367916666666666));
#3923=CARTESIAN_POINT('',(-0.101110300585014,-0.049719987173051,0.00378333333333333));
#3924=CARTESIAN_POINT('',(-0.0994603005850141,-0.0503262049557001,0.00388749999999999));
#3925=CARTESIAN_POINT('',(-0.0981103005850141,-0.0492003719307804,0.00399166666666666));
#3926=CARTESIAN_POINT('',(-0.0967603005850141,-0.0480745389058605,0.00409583333333333));
#3927=CARTESIAN_POINT('',(-0.0970603005850141,-0.0463424880982917,0.0042));
#3928=CARTESIAN_POINT('',(-0.0973603005850141,-0.0446104372907228,0.00430416666666666));
#3929=CARTESIAN_POINT('',(-0.0990103005850141,-0.0440042195080737,0.00440833333333333));
#3930=CARTESIAN_POINT('',(-0.100660300585014,-0.0433980017254246,0.00451249999999999));
#3931=CARTESIAN_POINT('',(-0.102010300585014,-0.0445238347503443,0.00461666666666666));
#3932=CARTESIAN_POINT('',(-0.103360300585014,-0.0456496677752641,0.00472083333333333));
#3933=CARTESIAN_POINT('',(-0.103060300585014,-0.047381718582833,0.004825));
#3934=CARTESIAN_POINT('',(-0.102760300585014,-0.0491137693904019,0.00492916666666667));
#3935=CARTESIAN_POINT('',(-0.101110300585014,-0.049719987173051,0.00503333333333333));
#3936=CARTESIAN_POINT('',(-0.0994603005850141,-0.0503262049557001,0.00513749999999999));
#3937=CARTESIAN_POINT('',(-0.0981103005850141,-0.0492003719307804,0.00524166666666666));
#3938=CARTESIAN_POINT('',(-0.0967603005850141,-0.0480745389058606,0.00534583333333333));
#3939=CARTESIAN_POINT('',(-0.0970603005850141,-0.0463424880982917,0.00545));
#3940=CARTESIAN_POINT('',(-0.0973603005850141,-0.0446104372907228,0.00555416666666667));
#3941=CARTESIAN_POINT('',(-0.0990103005850141,-0.0440042195080737,0.00565833333333333));
#3942=CARTESIAN_POINT('',(-0.100660300585014,-0.0433980017254246,0.00576249999999999));
#3943=CARTESIAN_POINT('',(-0.102010300585014,-0.0445238347503443,0.00586666666666666));
#3944=CARTESIAN_POINT('',(-0.103360300585014,-0.0456496677752641,0.00597083333333332));
#3945=CARTESIAN_POINT('',(-0.103060300585014,-0.047381718582833,0.006075));
#3946=CARTESIAN_POINT('',(-0.102760300585014,-0.0491137693904019,0.00617916666666666));
#3947=CARTESIAN_POINT('',(-0.101110300585014,-0.049719987173051,0.00628333333333333));
#3948=CARTESIAN_POINT('',(-0.0994603005850141,-0.0503262049557001,0.0063875));
#3949=CARTESIAN_POINT('',(-0.0981103005850141,-0.0492003719307804,0.00649166666666666));
#3950=CARTESIAN_POINT('',(-0.0967603005850141,-0.0480745389058606,0.00659583333333333));
#3951=CARTESIAN_POINT('',(-0.0970603005850141,-0.0463424880982917,0.0067));
#3952=CARTESIAN_POINT('',(-0.0973603005850141,-0.0446104372907228,0.00680416666666667));
#3953=CARTESIAN_POINT('',(-0.0990103005850141,-0.0440042195080737,0.00690833333333333));
#3954=CARTESIAN_POINT('',(-0.100660300585014,-0.0433980017254246,0.00701249999999999));
#3955=CARTESIAN_POINT('',(-0.102010300585014,-0.0445238347503443,0.00711666666666666));
#3956=CARTESIAN_POINT('',(-0.103360300585014,-0.0456496677752641,0.00722083333333333));
#3957=CARTESIAN_POINT('',(-0.103060300585014,-0.047381718582833,0.007325));
#3958=CARTESIAN_POINT('',(-0.102760300585014,-0.0491137693904019,0.00742916666666666));
#3959=CARTESIAN_POINT('',(-0.101110300585014,-0.049719987173051,0.00753333333333333));
#3960=CARTESIAN_POINT('',(-0.0994603005850141,-0.0503262049557001,0.0076375));
#3961=CARTESIAN_POINT('',(-0.0981103005850141,-0.0492003719307804,0.00774166666666666));
#3962=CARTESIAN_POINT('',(-0.0967603005850141,-0.0480745389058606,0.00784583333333333));
#3963=CARTESIAN_POINT('',(-0.0970603005850141,-0.0463424880982917,0.00795));
#3964=CARTESIAN_POINT('',(-0.0973603005850141,-0.0446104372907228,0.00805416666666666));
#3965=CARTESIAN_POINT('',(-0.0990103005850141,-0.0440042195080737,0.00815833333333333));
#3966=CARTESIAN_POINT('',(-0.100660300585014,-0.0433980017254246,0.00826249999999999));
#3967=CARTESIAN_POINT('',(-0.102010300585014,-0.0445238347503443,0.00836666666666666));
#3968=CARTESIAN_POINT('',(-0.103360300585014,-0.0456496677752641,0.00847083333333333));
#3969=CARTESIAN_POINT('',(-0.103060300585014,-0.047381718582833,0.008575));
#3970=CARTESIAN_POINT('',(-0.102760300585014,-0.0491137693904019,0.00867916666666666));
#3971=CARTESIAN_POINT('',(-0.101110300585014,-0.049719987173051,0.00878333333333333));
#3972=CARTESIAN_POINT('',(-0.0994603005850141,-0.0503262049557001,0.0088875));
#3973=CARTESIAN_POINT('',(-0.0981103005850141,-0.0492003719307804,0.00899166666666666));
#3974=CARTESIAN_POINT('',(-0.0967603005850141,-0.0480745389058606,0.00909583333333333));
#3975=CARTESIAN_POINT('',(-0.0970603005850141,-0.0463424880982917,0.0092));
#3976=CARTESIAN_POINT('',(-0.097360300585014,-0.0446104372907228,0.00930416666666666));
#3977=CARTESIAN_POINT('',(-0.0990103005850141,-0.0440042195080737,0.00940833333333333));
#3978=CARTESIAN_POINT('',(-0.100660300585014,-0.0433980017254246,0.00951249999999999));
#3979=CARTESIAN_POINT('',(-0.102010300585014,-0.0445238347503443,0.00961666666666666));
#3980=CARTESIAN_POINT('',(-0.103360300585014,-0.0456496677752641,0.00972083333333333));
#3981=CARTESIAN_POINT('',(-0.103060300585014,-0.047381718582833,0.009825));
#3982=CARTESIAN_POINT('',(-0.102760300585014,-0.0491137693904019,0.00992916666666666));
#3983=CARTESIAN_POINT('',(-0.101110300585014,-0.049719987173051,0.0100333333333333));
#3984=CARTESIAN_POINT('',(-0.0994603005850141,-0.0503262049557001,0.0101375));
#3985=CARTESIAN_POINT('',(-0.0981103005850141,-0.0492003719307804,0.0102416666666667));
#3986=CARTESIAN_POINT('',(-0.0967603005850141,-0.0480745389058606,0.0103458333333333));
#3987=CARTESIAN_POINT('',(-0.0970603005850141,-0.0463424880982917,0.01045));
#3988=CARTESIAN_POINT('',(-0.097360300585014,-0.0446104372907229,0.0105541666666667));
#3989=CARTESIAN_POINT('',(-0.0990103005850141,-0.0440042195080737,0.0106583333333333));
#3990=CARTESIAN_POINT('',(-0.100660300585014,-0.0433980017254246,0.0107625));
#3991=CARTESIAN_POINT('',(-0.102010300585014,-0.0445238347503443,0.0108666666666667));
#3992=CARTESIAN_POINT('',(-0.103360300585014,-0.0456496677752641,0.0109708333333333));
#3993=CARTESIAN_POINT('',(-0.103060300585014,-0.047381718582833,0.011075));
#3994=CARTESIAN_POINT('',(-0.102760300585014,-0.0491137693904019,0.0111791666666667));
#3995=CARTESIAN_POINT('',(-0.101110300585014,-0.049719987173051,0.0112833333333333));
#3996=CARTESIAN_POINT('',(-0.0994603005850141,-0.0503262049557001,0.0113875));
#3997=CARTESIAN_POINT('',(-0.0981103005850141,-0.0492003719307804,0.0114916666666667));
#3998=CARTESIAN_POINT('',(-0.0967603005850141,-0.0480745389058606,0.0115958333333333));
#3999=CARTESIAN_POINT('',(-0.0970603005850141,-0.0463424880982917,0.0117));
#4000=CARTESIAN_POINT('',(-0.0970603005850141,-0.0463424880982918,0.0117));
#4001=CARTESIAN_POINT('',(-0.097060300585014,-0.0466022957194272,0.01155));
#4002=CARTESIAN_POINT('',(-0.102646892133033,-0.0483818217893924,0.00898075132008868));
#4003=CARTESIAN_POINT('',(-0.102245873296947,-0.0490643639621318,0.00903572411722684));
#4004=CARTESIAN_POINT('',(-0.101560300585014,-0.0494601795519157,0.00908333333333333));
#4005=CARTESIAN_POINT('',(-0.100060300585014,-0.0503262049557001,0.0091875));
#4006=CARTESIAN_POINT('',(-0.0985603005850141,-0.0494601795519157,0.00929166666666667));
#4007=CARTESIAN_POINT('',(-0.0970603005850141,-0.0485941541481312,0.00939583333333333));
#4008=CARTESIAN_POINT('',(-0.0970603005850141,-0.0468621033405624,0.0095));
#4009=CARTESIAN_POINT('',(-0.0970603005850141,-0.0451300525329935,0.00960416666666667));
#4010=CARTESIAN_POINT('',(-0.0985603005850141,-0.0442640271292091,0.00970833333333333));
#4011=CARTESIAN_POINT('',(-0.100060300585014,-0.0433980017254246,0.0098125));
#4012=CARTESIAN_POINT('',(-0.101560300585014,-0.0442640271292091,0.00991666666666667));
#4013=CARTESIAN_POINT('',(-0.103060300585014,-0.0451300525329935,0.0100208333333333));
#4014=CARTESIAN_POINT('',(-0.103060300585014,-0.0468621033405624,0.010125));
#4015=CARTESIAN_POINT('',(-0.103060300585014,-0.0485941541481312,0.0102291666666667));
#4016=CARTESIAN_POINT('',(-0.101560300585014,-0.0494601795519157,0.0103333333333333));
#4017=CARTESIAN_POINT('',(-0.100060300585014,-0.0503262049557001,0.0104375));
#4018=CARTESIAN_POINT('',(-0.0985603005850141,-0.0494601795519157,0.0105416666666667));
#4019=CARTESIAN_POINT('',(-0.0970603005850141,-0.0485941541481312,0.0106458333333333));
#4020=CARTESIAN_POINT('',(-0.0970603005850141,-0.0468621033405624,0.01075));
#4021=CARTESIAN_POINT('',(-0.0970603005850141,-0.0451300525329935,0.0108541666666667));
#4022=CARTESIAN_POINT('',(-0.0985603005850141,-0.0442640271292091,0.0109583333333333));
#4023=CARTESIAN_POINT('',(-0.100060300585014,-0.0433980017254246,0.0110625));
#4024=CARTESIAN_POINT('',(-0.101560300585014,-0.0442640271292091,0.0111666666666667));
#4025=CARTESIAN_POINT('',(-0.103060300585014,-0.0451300525329935,0.0112708333333333));
#4026=CARTESIAN_POINT('',(-0.103060300585014,-0.0468621033405624,0.011375));
#4027=CARTESIAN_POINT('',(-0.103060300585014,-0.0485941541481312,0.0114791666666667));
#4028=CARTESIAN_POINT('',(-0.101560300585014,-0.0494601795519157,0.0115833333333333));
#4029=CARTESIAN_POINT('',(-0.100060300585014,-0.0503262049557001,0.0116875));
#4030=CARTESIAN_POINT('',(-0.0985603005850141,-0.0494601795519157,0.0117916666666667));
#4031=CARTESIAN_POINT('',(-0.0970603005850141,-0.0485941541481312,0.0118958333333333));
#4032=CARTESIAN_POINT('',(-0.0970603005850141,-0.0468621033405624,0.012));
#4033=CARTESIAN_POINT('',(-0.102383669176376,-0.0488298325873522,0.00868075132008868));
#4034=CARTESIAN_POINT('',(-0.101864430568141,-0.0494429162602023,0.00873572411722684));
#4035=CARTESIAN_POINT('',(-0.101110300585014,-0.049719987173051,0.00878333333333333));
#4036=CARTESIAN_POINT('',(-0.0994603005850141,-0.0503262049557001,0.0088875));
#4037=CARTESIAN_POINT('',(-0.0981103005850141,-0.0492003719307804,0.00899166666666667));
#4038=CARTESIAN_POINT('',(-0.0967603005850141,-0.0480745389058605,0.00909583333333333));
#4039=CARTESIAN_POINT('',(-0.0970603005850141,-0.0463424880982917,0.0092));
#4040=CARTESIAN_POINT('',(-0.0973603005850141,-0.0446104372907228,0.00930416666666667));
#4041=CARTESIAN_POINT('',(-0.0990103005850141,-0.0440042195080737,0.00940833333333333));
#4042=CARTESIAN_POINT('',(-0.100660300585014,-0.0433980017254246,0.00951249999999999));
#4043=CARTESIAN_POINT('',(-0.102010300585014,-0.0445238347503443,0.00961666666666667));
#4044=CARTESIAN_POINT('',(-0.103360300585014,-0.0456496677752641,0.00972083333333333));
#4045=CARTESIAN_POINT('',(-0.103060300585014,-0.047381718582833,0.009825));
#4046=CARTESIAN_POINT('',(-0.102760300585014,-0.0491137693904019,0.00992916666666666));
#4047=CARTESIAN_POINT('',(-0.101110300585014,-0.049719987173051,0.0100333333333333));
#4048=CARTESIAN_POINT('',(-0.0994603005850141,-0.0503262049557001,0.0101375));
#4049=CARTESIAN_POINT('',(-0.0981103005850141,-0.0492003719307804,0.0102416666666667));
#4050=CARTESIAN_POINT('',(-0.0967603005850141,-0.0480745389058605,0.0103458333333333));
#4051=CARTESIAN_POINT('',(-0.0970603005850141,-0.0463424880982917,0.01045));
#4052=CARTESIAN_POINT('',(-0.0973603005850141,-0.0446104372907228,0.0105541666666667));
#4053=CARTESIAN_POINT('',(-0.0990103005850141,-0.0440042195080737,0.0106583333333333));
#4054=CARTESIAN_POINT('',(-0.100660300585014,-0.0433980017254246,0.0107625));
#4055=CARTESIAN_POINT('',(-0.102010300585014,-0.0445238347503443,0.0108666666666667));
#4056=CARTESIAN_POINT('',(-0.103360300585014,-0.0456496677752641,0.0109708333333333));
#4057=CARTESIAN_POINT('',(-0.103060300585014,-0.047381718582833,0.011075));
#4058=CARTESIAN_POINT('',(-0.102760300585014,-0.0491137693904019,0.0111791666666667));
#4059=CARTESIAN_POINT('',(-0.101110300585014,-0.049719987173051,0.0112833333333333));
#4060=CARTESIAN_POINT('',(-0.0994603005850141,-0.0503262049557001,0.0113875));
#4061=CARTESIAN_POINT('',(-0.0981103005850141,-0.0492003719307804,0.0114916666666667));
#4062=CARTESIAN_POINT('',(-0.0967603005850141,-0.0480745389058605,0.0115958333333333));
#4063=CARTESIAN_POINT('',(-0.0970603005850141,-0.0463424880982917,0.0117));
#4064=CARTESIAN_POINT('',(-0.102495353775956,-0.0486143921173576,0.009));
#4065=CARTESIAN_POINT('',(-0.101995270719116,-0.0493093282828009,0.009));
#4066=CARTESIAN_POINT('',(-0.100400951598856,-0.0502234284634204,0.009));
#4067=CARTESIAN_POINT('',(-0.0986467895242355,-0.0496763461049407,0.009));
#4068=CARTESIAN_POINT('',(-0.0980057314726551,-0.0491090447644852,0.009));
#4069=CARTESIAN_POINT('',(-0.097060300585014,-0.0466022957194272,0.01185));
#4070=CARTESIAN_POINT('',(-0.102646892133034,0.0816181782106077,0.00898075132008869));
#4071=CARTESIAN_POINT('',(-0.102245873296948,0.0809356360378682,0.00903572411722686));
#4072=CARTESIAN_POINT('',(-0.101560300585014,0.0805398204480844,0.00908333333333335));
#4073=CARTESIAN_POINT('',(-0.100060300585014,0.0796737950442998,0.00918750000000001));
#4074=CARTESIAN_POINT('',(-0.0985603005850141,0.0805398204480844,0.00929166666666668));
#4075=CARTESIAN_POINT('',(-0.0970603005850141,0.0814058458518687,0.00939583333333334));
#4076=CARTESIAN_POINT('',(-0.0970603005850141,0.0831378966594377,0.0095));
#4077=CARTESIAN_POINT('',(-0.0970603005850141,0.0848699474670065,0.00960416666666668));
#4078=CARTESIAN_POINT('',(-0.0985603005850141,0.085735972870791,0.00970833333333335));
#4079=CARTESIAN_POINT('',(-0.100060300585014,0.0866019982745753,0.00981250000000002));
#4080=CARTESIAN_POINT('',(-0.101560300585014,0.085735972870791,0.00991666666666668));
#4081=CARTESIAN_POINT('',(-0.103060300585014,0.0848699474670066,0.0100208333333334));
#4082=CARTESIAN_POINT('',(-0.103060300585014,0.0831378966594377,0.010125));
#4083=CARTESIAN_POINT('',(-0.103060300585014,0.0814058458518687,0.0102291666666667));
#4084=CARTESIAN_POINT('',(-0.101560300585014,0.0805398204480844,0.0103333333333333));
#4085=CARTESIAN_POINT('',(-0.100060300585014,0.0796737950442998,0.0104375));
#4086=CARTESIAN_POINT('',(-0.0985603005850141,0.0805398204480844,0.0105416666666667));
#4087=CARTESIAN_POINT('',(-0.0970603005850141,0.0814058458518687,0.0106458333333333));
#4088=CARTESIAN_POINT('',(-0.0970603005850141,0.0831378966594377,0.01075));
#4089=CARTESIAN_POINT('',(-0.0970603005850141,0.0848699474670065,0.0108541666666667));
#4090=CARTESIAN_POINT('',(-0.0985603005850141,0.085735972870791,0.0109583333333333));
#4091=CARTESIAN_POINT('',(-0.100060300585014,0.0866019982745753,0.0110625));
#4092=CARTESIAN_POINT('',(-0.101560300585014,0.085735972870791,0.0111666666666667));
#4093=CARTESIAN_POINT('',(-0.103060300585014,0.0848699474670066,0.0112708333333333));
#4094=CARTESIAN_POINT('',(-0.103060300585014,0.0831378966594377,0.011375));
#4095=CARTESIAN_POINT('',(-0.103060300585014,0.0814058458518687,0.0114791666666667));
#4096=CARTESIAN_POINT('',(-0.101560300585014,0.0805398204480844,0.0115833333333333));
#4097=CARTESIAN_POINT('',(-0.100060300585014,0.0796737950442998,0.0116875));
#4098=CARTESIAN_POINT('',(-0.0985603005850141,0.0805398204480844,0.0117916666666667));
#4099=CARTESIAN_POINT('',(-0.0970603005850141,0.0814058458518687,0.0118958333333333));
#4100=CARTESIAN_POINT('',(-0.0970603005850141,0.0831378966594377,0.012));
#4101=CARTESIAN_POINT('',(-0.102383669176376,0.0811701674126478,0.00868075132008869));
#4102=CARTESIAN_POINT('',(-0.101864430568141,0.0805570837397977,0.00873572411722686));
#4103=CARTESIAN_POINT('',(-0.101110300585014,0.080280012826949,0.00878333333333335));
#4104=CARTESIAN_POINT('',(-0.0994603005850141,0.0796737950442998,0.00888750000000001));
#4105=CARTESIAN_POINT('',(-0.0981103005850141,0.0807996280692197,0.00899166666666668));
#4106=CARTESIAN_POINT('',(-0.0967603005850141,0.0819254610941394,0.00909583333333334));
#4107=CARTESIAN_POINT('',(-0.0970603005850141,0.0836575119017083,0.0092));
#4108=CARTESIAN_POINT('',(-0.0973603005850141,0.0853895627092771,0.00930416666666668));
#4109=CARTESIAN_POINT('',(-0.0990103005850141,0.0859957804919263,0.00940833333333335));
#4110=CARTESIAN_POINT('',(-0.100660300585014,0.0866019982745753,0.00951250000000002));
#4111=CARTESIAN_POINT('',(-0.102010300585014,0.0854761652496557,0.00961666666666668));
#4112=CARTESIAN_POINT('',(-0.103360300585014,0.0843503322247358,0.00972083333333335));
#4113=CARTESIAN_POINT('',(-0.103060300585014,0.082618281417167,0.009825));
#4114=CARTESIAN_POINT('',(-0.102760300585014,0.0808862306095981,0.00992916666666668));
#4115=CARTESIAN_POINT('',(-0.101110300585014,0.080280012826949,0.0100333333333333));
#4116=CARTESIAN_POINT('',(-0.0994603005850141,0.0796737950442998,0.0101375));
#4117=CARTESIAN_POINT('',(-0.0981103005850141,0.0807996280692197,0.0102416666666667));
#4118=CARTESIAN_POINT('',(-0.0967603005850141,0.0819254610941394,0.0103458333333333));
#4119=CARTESIAN_POINT('',(-0.0970603005850141,0.0836575119017083,0.01045));
#4120=CARTESIAN_POINT('',(-0.0973603005850141,0.0853895627092771,0.0105541666666667));
#4121=CARTESIAN_POINT('',(-0.0990103005850141,0.0859957804919263,0.0106583333333333));
#4122=CARTESIAN_POINT('',(-0.100660300585014,0.0866019982745753,0.0107625));
#4123=CARTESIAN_POINT('',(-0.102010300585014,0.0854761652496557,0.0108666666666667));
#4124=CARTESIAN_POINT('',(-0.103360300585014,0.0843503322247358,0.0109708333333333));
#4125=CARTESIAN_POINT('',(-0.103060300585014,0.082618281417167,0.011075));
#4126=CARTESIAN_POINT('',(-0.102760300585014,0.0808862306095981,0.0111791666666667));
#4127=CARTESIAN_POINT('',(-0.101110300585014,0.080280012826949,0.0112833333333333));
#4128=CARTESIAN_POINT('',(-0.0994603005850141,0.0796737950442998,0.0113875));
#4129=CARTESIAN_POINT('',(-0.0981103005850141,0.0807996280692197,0.0114916666666667));
#4130=CARTESIAN_POINT('',(-0.0967603005850141,0.0819254610941394,0.0115958333333333));
#4131=CARTESIAN_POINT('',(-0.0970603005850141,0.0836575119017083,0.0117));
#4132=CARTESIAN_POINT('',(-0.102495353775956,0.0813856078826425,0.009));
#4133=CARTESIAN_POINT('',(-0.101995270719116,0.080690671717199,0.009));
#4134=CARTESIAN_POINT('',(-0.100400951598855,0.0797765715365791,0.00899999999999996));
#4135=CARTESIAN_POINT('',(-0.0986467895242343,0.08032365389506,0.00900000000000009));
#4136=CARTESIAN_POINT('',(-0.0980057314726539,0.080890955235516,0.00900000000000009));
#4137=CARTESIAN_POINT('',(-0.0980057314726534,0.0808909552355163,0.00900000000000012));
#4138=CARTESIAN_POINT('',(-0.0970603005850143,0.0833977042805728,0.01185));
#4139=CARTESIAN_POINT('',(-0.0970603005850142,0.0836575119017082,0.0117));
#4140=CARTESIAN_POINT('',(-0.0970603005850141,0.0836575119017083,0.0017));
#4141=CARTESIAN_POINT('',(-0.0973603005850141,0.0853895627092771,0.00180416666666668));
#4142=CARTESIAN_POINT('',(-0.0990103005850141,0.0859957804919263,0.00190833333333334));
#4143=CARTESIAN_POINT('',(-0.100660300585014,0.0866019982745753,0.00201250000000001));
#4144=CARTESIAN_POINT('',(-0.102010300585014,0.0854761652496557,0.00211666666666668));
#4145=CARTESIAN_POINT('',(-0.103360300585014,0.0843503322247358,0.00222083333333334));
#4146=CARTESIAN_POINT('',(-0.103060300585014,0.082618281417167,0.002325));
#4147=CARTESIAN_POINT('',(-0.102760300585014,0.0808862306095981,0.00242916666666668));
#4148=CARTESIAN_POINT('',(-0.101110300585014,0.080280012826949,0.00253333333333334));
#4149=CARTESIAN_POINT('',(-0.0994603005850141,0.0796737950442998,0.00263750000000001));
#4150=CARTESIAN_POINT('',(-0.0981103005850141,0.0807996280692197,0.00274166666666668));
#4151=CARTESIAN_POINT('',(-0.0967603005850141,0.0819254610941394,0.00284583333333334));
#4152=CARTESIAN_POINT('',(-0.0970603005850141,0.0836575119017083,0.00295));
#4153=CARTESIAN_POINT('',(-0.0973603005850141,0.0853895627092771,0.00305416666666668));
#4154=CARTESIAN_POINT('',(-0.0990103005850141,0.0859957804919263,0.00315833333333335));
#4155=CARTESIAN_POINT('',(-0.100660300585014,0.0866019982745753,0.00326250000000001));
#4156=CARTESIAN_POINT('',(-0.102010300585014,0.0854761652496557,0.00336666666666668));
#4157=CARTESIAN_POINT('',(-0.103360300585014,0.0843503322247358,0.00347083333333334));
#4158=CARTESIAN_POINT('',(-0.103060300585014,0.082618281417167,0.003575));
#4159=CARTESIAN_POINT('',(-0.102760300585014,0.0808862306095981,0.00367916666666668));
#4160=CARTESIAN_POINT('',(-0.101110300585014,0.080280012826949,0.00378333333333334));
#4161=CARTESIAN_POINT('',(-0.0994603005850141,0.0796737950442998,0.00388750000000001));
#4162=CARTESIAN_POINT('',(-0.0981103005850141,0.0807996280692197,0.00399166666666668));
#4163=CARTESIAN_POINT('',(-0.0967603005850141,0.0819254610941394,0.00409583333333335));
#4164=CARTESIAN_POINT('',(-0.0970603005850141,0.0836575119017083,0.0042));
#4165=CARTESIAN_POINT('',(-0.0973603005850141,0.0853895627092771,0.00430416666666668));
#4166=CARTESIAN_POINT('',(-0.0990103005850141,0.0859957804919263,0.00440833333333334));
#4167=CARTESIAN_POINT('',(-0.100660300585014,0.0866019982745753,0.00451250000000001));
#4168=CARTESIAN_POINT('',(-0.102010300585014,0.0854761652496557,0.00461666666666668));
#4169=CARTESIAN_POINT('',(-0.103360300585014,0.0843503322247358,0.00472083333333334));
#4170=CARTESIAN_POINT('',(-0.103060300585014,0.082618281417167,0.004825));
#4171=CARTESIAN_POINT('',(-0.102760300585014,0.0808862306095981,0.00492916666666668));
#4172=CARTESIAN_POINT('',(-0.101110300585014,0.080280012826949,0.00503333333333335));
#4173=CARTESIAN_POINT('',(-0.0994603005850141,0.0796737950442998,0.00513750000000001));
#4174=CARTESIAN_POINT('',(-0.0981103005850141,0.0807996280692197,0.00524166666666668));
#4175=CARTESIAN_POINT('',(-0.0967603005850141,0.0819254610941394,0.00534583333333334));
#4176=CARTESIAN_POINT('',(-0.0970603005850141,0.0836575119017083,0.00545));
#4177=CARTESIAN_POINT('',(-0.0973603005850141,0.0853895627092771,0.00555416666666668));
#4178=CARTESIAN_POINT('',(-0.0990103005850141,0.0859957804919263,0.00565833333333335));
#4179=CARTESIAN_POINT('',(-0.100660300585014,0.0866019982745753,0.00576250000000001));
#4180=CARTESIAN_POINT('',(-0.102010300585014,0.0854761652496557,0.00586666666666668));
#4181=CARTESIAN_POINT('',(-0.103360300585014,0.0843503322247358,0.00597083333333335));
#4182=CARTESIAN_POINT('',(-0.103060300585014,0.082618281417167,0.006075));
#4183=CARTESIAN_POINT('',(-0.102760300585014,0.0808862306095981,0.00617916666666667));
#4184=CARTESIAN_POINT('',(-0.101110300585014,0.080280012826949,0.00628333333333334));
#4185=CARTESIAN_POINT('',(-0.0994603005850141,0.0796737950442998,0.00638750000000001));
#4186=CARTESIAN_POINT('',(-0.0981103005850141,0.0807996280692197,0.00649166666666668));
#4187=CARTESIAN_POINT('',(-0.0967603005850141,0.0819254610941394,0.00659583333333334));
#4188=CARTESIAN_POINT('',(-0.0970603005850141,0.0836575119017083,0.0067));
#4189=CARTESIAN_POINT('',(-0.0973603005850141,0.0853895627092771,0.00680416666666668));
#4190=CARTESIAN_POINT('',(-0.0990103005850141,0.0859957804919263,0.00690833333333334));
#4191=CARTESIAN_POINT('',(-0.100660300585014,0.0866019982745753,0.00701250000000001));
#4192=CARTESIAN_POINT('',(-0.102010300585014,0.0854761652496557,0.00711666666666668));
#4193=CARTESIAN_POINT('',(-0.103360300585014,0.0843503322247358,0.00722083333333334));
#4194=CARTESIAN_POINT('',(-0.103060300585014,0.082618281417167,0.007325));
#4195=CARTESIAN_POINT('',(-0.102760300585014,0.0808862306095981,0.00742916666666667));
#4196=CARTESIAN_POINT('',(-0.101110300585014,0.080280012826949,0.00753333333333335));
#4197=CARTESIAN_POINT('',(-0.0994603005850141,0.0796737950442998,0.00763750000000001));
#4198=CARTESIAN_POINT('',(-0.0981103005850141,0.0807996280692197,0.00774166666666668));
#4199=CARTESIAN_POINT('',(-0.0967603005850141,0.0819254610941394,0.00784583333333335));
#4200=CARTESIAN_POINT('',(-0.0970603005850141,0.0836575119017083,0.00795));
#4201=CARTESIAN_POINT('',(-0.0973603005850141,0.0853895627092771,0.00805416666666668));
#4202=CARTESIAN_POINT('',(-0.0990103005850141,0.0859957804919263,0.00815833333333335));
#4203=CARTESIAN_POINT('',(-0.100660300585014,0.0866019982745753,0.0082625));
#4204=CARTESIAN_POINT('',(-0.102010300585014,0.0854761652496557,0.00836666666666668));
#4205=CARTESIAN_POINT('',(-0.103360300585014,0.0843503322247358,0.00847083333333334));
#4206=CARTESIAN_POINT('',(-0.103060300585014,0.082618281417167,0.008575));
#4207=CARTESIAN_POINT('',(-0.102760300585014,0.0808862306095981,0.00867916666666668));
#4208=CARTESIAN_POINT('',(-0.101110300585014,0.080280012826949,0.00878333333333334));
#4209=CARTESIAN_POINT('',(-0.0994603005850141,0.0796737950442998,0.00888750000000001));
#4210=CARTESIAN_POINT('',(-0.0981103005850141,0.0807996280692197,0.00899166666666668));
#4211=CARTESIAN_POINT('',(-0.0967603005850141,0.0819254610941394,0.00909583333333334));
#4212=CARTESIAN_POINT('',(-0.0970603005850141,0.0836575119017083,0.0092));
#4213=CARTESIAN_POINT('',(-0.097360300585014,0.0853895627092771,0.00930416666666668));
#4214=CARTESIAN_POINT('',(-0.0990103005850141,0.0859957804919263,0.00940833333333334));
#4215=CARTESIAN_POINT('',(-0.100660300585014,0.0866019982745753,0.00951250000000001));
#4216=CARTESIAN_POINT('',(-0.102010300585014,0.0854761652496557,0.00961666666666668));
#4217=CARTESIAN_POINT('',(-0.103360300585014,0.0843503322247358,0.00972083333333334));
#4218=CARTESIAN_POINT('',(-0.103060300585014,0.082618281417167,0.009825));
#4219=CARTESIAN_POINT('',(-0.102760300585014,0.0808862306095981,0.00992916666666668));
#4220=CARTESIAN_POINT('',(-0.101110300585014,0.080280012826949,0.0100333333333333));
#4221=CARTESIAN_POINT('',(-0.0994603005850141,0.0796737950442998,0.0101375));
#4222=CARTESIAN_POINT('',(-0.0981103005850141,0.0807996280692197,0.0102416666666667));
#4223=CARTESIAN_POINT('',(-0.0967603005850141,0.0819254610941394,0.0103458333333333));
#4224=CARTESIAN_POINT('',(-0.0970603005850141,0.0836575119017083,0.01045));
#4225=CARTESIAN_POINT('',(-0.097360300585014,0.0853895627092771,0.0105541666666667));
#4226=CARTESIAN_POINT('',(-0.0990103005850141,0.0859957804919263,0.0106583333333333));
#4227=CARTESIAN_POINT('',(-0.100660300585014,0.0866019982745753,0.0107625));
#4228=CARTESIAN_POINT('',(-0.102010300585014,0.0854761652496557,0.0108666666666667));
#4229=CARTESIAN_POINT('',(-0.103360300585014,0.0843503322247359,0.0109708333333333));
#4230=CARTESIAN_POINT('',(-0.103060300585014,0.082618281417167,0.011075));
#4231=CARTESIAN_POINT('',(-0.102760300585014,0.0808862306095981,0.0111791666666667));
#4232=CARTESIAN_POINT('',(-0.101110300585014,0.080280012826949,0.0112833333333333));
#4233=CARTESIAN_POINT('',(-0.0994603005850141,0.0796737950442998,0.0113875));
#4234=CARTESIAN_POINT('',(-0.0981103005850141,0.0807996280692197,0.0114916666666667));
#4235=CARTESIAN_POINT('',(-0.0967603005850141,0.0819254610941394,0.0115958333333333));
#4236=CARTESIAN_POINT('',(-0.0970603005850141,0.0836575119017083,0.0117));
#4237=CARTESIAN_POINT('',(-0.0981873871879008,0.080737439326571,0.00898574312236521));
#4238=CARTESIAN_POINT('',(-0.0981483380628472,0.0807679066997907,0.00898873167609313));
#4239=CARTESIAN_POINT('',(-0.0981103005850141,0.0807996280692197,0.00899166666666667));
#4240=CARTESIAN_POINT('',(-0.0967603005850141,0.0819254610941394,0.00909583333333333));
#4241=CARTESIAN_POINT('',(-0.0970603005850141,0.0836575119017083,0.0092));
#4242=CARTESIAN_POINT('',(-0.0973603005850141,0.0853895627092771,0.00930416666666666));
#4243=CARTESIAN_POINT('',(-0.0990103005850141,0.0859957804919263,0.00940833333333333));
#4244=CARTESIAN_POINT('',(-0.100660300585014,0.0866019982745753,0.00951249999999999));
#4245=CARTESIAN_POINT('',(-0.102010300585014,0.0854761652496556,0.00961666666666667));
#4246=CARTESIAN_POINT('',(-0.103360300585014,0.0843503322247358,0.00972083333333333));
#4247=CARTESIAN_POINT('',(-0.103060300585014,0.082618281417167,0.009825));
#4248=CARTESIAN_POINT('',(-0.102760300585014,0.0808862306095981,0.00992916666666666));
#4249=CARTESIAN_POINT('',(-0.101110300585014,0.080280012826949,0.0100333333333333));
#4250=CARTESIAN_POINT('',(-0.0994603005850141,0.0796737950442998,0.0101375));
#4251=CARTESIAN_POINT('',(-0.0981103005850141,0.0807996280692197,0.0102416666666667));
#4252=CARTESIAN_POINT('',(-0.0967603005850141,0.0819254610941394,0.0103458333333333));
#4253=CARTESIAN_POINT('',(-0.0970603005850141,0.0836575119017083,0.01045));
#4254=CARTESIAN_POINT('',(-0.0973603005850141,0.0853895627092771,0.0105541666666667));
#4255=CARTESIAN_POINT('',(-0.0990103005850141,0.0859957804919263,0.0106583333333333));
#4256=CARTESIAN_POINT('',(-0.100660300585014,0.0866019982745753,0.0107625));
#4257=CARTESIAN_POINT('',(-0.102010300585014,0.0854761652496556,0.0108666666666667));
#4258=CARTESIAN_POINT('',(-0.103360300585014,0.0843503322247358,0.0109708333333333));
#4259=CARTESIAN_POINT('',(-0.103060300585014,0.082618281417167,0.011075));
#4260=CARTESIAN_POINT('',(-0.102760300585014,0.0808862306095981,0.0111791666666667));
#4261=CARTESIAN_POINT('',(-0.101110300585014,0.080280012826949,0.0112833333333333));
#4262=CARTESIAN_POINT('',(-0.0994603005850141,0.0796737950442998,0.0113875));
#4263=CARTESIAN_POINT('',(-0.0981103005850141,0.0807996280692197,0.0114916666666667));
#4264=CARTESIAN_POINT('',(-0.0967603005850141,0.0819254610941394,0.0115958333333333));
#4265=CARTESIAN_POINT('',(-0.0970603005850141,0.0836575119017083,0.0117));
#4266=CARTESIAN_POINT('',(-0.0986455996229552,0.0804924059321908,0.00868574312236519));
#4267=CARTESIAN_POINT('',(-0.0986025644492732,0.0805154193946775,0.00868873167609312));
#4268=CARTESIAN_POINT('',(-0.0985603005850141,0.0805398204480844,0.00869166666666666));
#4269=CARTESIAN_POINT('',(-0.0970603005850141,0.0814058458518687,0.00879583333333332));
#4270=CARTESIAN_POINT('',(-0.0970603005850141,0.0831378966594377,0.0089));
#4271=CARTESIAN_POINT('',(-0.0970603005850141,0.0848699474670065,0.00900416666666666));
#4272=CARTESIAN_POINT('',(-0.0985603005850141,0.085735972870791,0.00910833333333333));
#4273=CARTESIAN_POINT('',(-0.100060300585014,0.0866019982745753,0.0092125));
#4274=CARTESIAN_POINT('',(-0.101560300585014,0.085735972870791,0.00931666666666666));
#4275=CARTESIAN_POINT('',(-0.103060300585014,0.0848699474670066,0.00942083333333333));
#4276=CARTESIAN_POINT('',(-0.103060300585014,0.0831378966594377,0.009525));
#4277=CARTESIAN_POINT('',(-0.103060300585014,0.0814058458518687,0.00962916666666665));
#4278=CARTESIAN_POINT('',(-0.101560300585014,0.0805398204480844,0.00973333333333333));
#4279=CARTESIAN_POINT('',(-0.100060300585014,0.0796737950442998,0.00983749999999999));
#4280=CARTESIAN_POINT('',(-0.0985603005850141,0.0805398204480844,0.00994166666666666));
#4281=CARTESIAN_POINT('',(-0.0970603005850141,0.0814058458518687,0.0100458333333333));
#4282=CARTESIAN_POINT('',(-0.0970603005850141,0.0831378966594377,0.01015));
#4283=CARTESIAN_POINT('',(-0.0970603005850141,0.0848699474670065,0.0102541666666667));
#4284=CARTESIAN_POINT('',(-0.0985603005850141,0.085735972870791,0.0103583333333333));
#4285=CARTESIAN_POINT('',(-0.100060300585014,0.0866019982745753,0.0104625));
#4286=CARTESIAN_POINT('',(-0.101560300585014,0.085735972870791,0.0105666666666667));
#4287=CARTESIAN_POINT('',(-0.103060300585014,0.0848699474670066,0.0106708333333333));
#4288=CARTESIAN_POINT('',(-0.103060300585014,0.0831378966594377,0.010775));
#4289=CARTESIAN_POINT('',(-0.103060300585014,0.0814058458518687,0.0108791666666667));
#4290=CARTESIAN_POINT('',(-0.101560300585014,0.0805398204480844,0.0109833333333333));
#4291=CARTESIAN_POINT('',(-0.100060300585014,0.0796737950442998,0.0110875));
#4292=CARTESIAN_POINT('',(-0.0985603005850141,0.0805398204480844,0.0111916666666667));
#4293=CARTESIAN_POINT('',(-0.0970603005850141,0.0814058458518687,0.0112958333333333));
#4294=CARTESIAN_POINT('',(-0.0970603005850141,0.0831378966594377,0.0114));
#4295=CARTESIAN_POINT('',(-0.0980057314726535,0.0808909552355163,0.00900000000000005));
#4296=CARTESIAN_POINT('',(-0.0975158210997899,0.0813572821479741,0.00900000000000005));
#4297=CARTESIAN_POINT('',(-0.0968705631888377,0.0826044237288622,0.00899999999999996));
#4298=CARTESIAN_POINT('',(-0.0971063353773536,0.0839932233871854,0.00900000000000001));
#4299=CARTESIAN_POINT('',(-0.097432744040875,0.0845856351052047,0.00900000000000001));
#4300=CARTESIAN_POINT('',(-0.0970603005850143,0.0833977042805728,0.01155));
#4301=CARTESIAN_POINT('',(0.0809396994149859,-0.0468621032925939,0.0113999992766496));
#4302=CARTESIAN_POINT('',(0.0809396994426805,-0.0485941541001628,0.0112958326099829));
#4303=CARTESIAN_POINT('',(0.0794396994565278,-0.0494601795279314,0.0111916659433162));
#4304=CARTESIAN_POINT('',(0.0779396994703751,-0.0503262049557001,0.0110874992766496));
#4305=CARTESIAN_POINT('',(0.0764396994565278,-0.0494601795758999,0.0109833326099829));
#4306=CARTESIAN_POINT('',(0.0749396994426805,-0.0485941541960997,0.0108791659433162));
#4307=CARTESIAN_POINT('',(0.0749396994149859,-0.0468621033885308,0.0107749992766496));
#4308=CARTESIAN_POINT('',(0.0749396993872913,-0.0451300525809619,0.0106708326099829));
#4309=CARTESIAN_POINT('',(0.076439699373444,-0.0442640271531933,0.0105666659433162));
#4310=CARTESIAN_POINT('',(0.0779396993595967,-0.0433980017254246,0.0104624992766496));
#4311=CARTESIAN_POINT('',(0.079439699373444,-0.0442640271052248,0.0103583326099829));
#4312=CARTESIAN_POINT('',(0.0809396993872914,-0.045130052485025,0.0102541659433162));
#4313=CARTESIAN_POINT('',(0.0809396994149859,-0.0468621032925939,0.0101499992766496));
#4314=CARTESIAN_POINT('',(0.0809396994426805,-0.0485941541001628,0.0100458326099829));
#4315=CARTESIAN_POINT('',(0.0794396994565278,-0.0494601795279314,0.00994166594331624));
#4316=CARTESIAN_POINT('',(0.0779396994703751,-0.0503262049557001,0.00983749927664957));
#4317=CARTESIAN_POINT('',(0.0764396994565278,-0.0494601795758999,0.00973333260998291));
#4318=CARTESIAN_POINT('',(0.0749396994426805,-0.0485941541960997,0.00962916594331625));
#4319=CARTESIAN_POINT('',(0.0749396994149859,-0.0468621033885308,0.00952499927664958));
#4320=CARTESIAN_POINT('',(0.0749396993872913,-0.0451300525809619,0.00942083260998291));
#4321=CARTESIAN_POINT('',(0.076439699373444,-0.0442640271531933,0.00931666594331624));
#4322=CARTESIAN_POINT('',(0.0779396993595967,-0.0433980017254246,0.00921249927664958));
#4323=CARTESIAN_POINT('',(0.079439699373444,-0.0442640271052248,0.00910833260998291));
#4324=CARTESIAN_POINT('',(0.0809396993872914,-0.045130052485025,0.00900416594331624));
#4325=CARTESIAN_POINT('',(0.0809396994149859,-0.0468621032925939,0.00889999927664958));
#4326=CARTESIAN_POINT('',(0.0809396994426805,-0.0485941541001628,0.0087958326099829));
#4327=CARTESIAN_POINT('',(0.0794396994565278,-0.0494601795279314,0.00869166594331624));
#4328=CARTESIAN_POINT('',(0.0793974406876991,-0.0494845776403912,0.00868873130656493));
#4329=CARTESIAN_POINT('',(0.0793544107926371,-0.0495075884979473,0.0086857431193823));
#4330=CARTESIAN_POINT('',(0.081072740753911,-0.0463598085562716,0.0116999992766496));
#4331=CARTESIAN_POINT('',(0.0813627407828338,-0.0481686708166822,0.0115958326099829));
#4332=CARTESIAN_POINT('',(0.0799412201278326,-0.0493242493390329,0.0114916659433162));
#4333=CARTESIAN_POINT('',(0.0785196994728315,-0.0504798278613836,0.0113874992766496));
#4334=CARTESIAN_POINT('',(0.0768081787889076,-0.0498265441233236,0.0112833326099829));
#4335=CARTESIAN_POINT('',(0.0750966581049836,-0.0491732603852637,0.0111791659433162));
#4336=CARTESIAN_POINT('',(0.0748066580760608,-0.0473643981248531,0.0110749992766496));
#4337=CARTESIAN_POINT('',(0.0745166580471381,-0.0455555358644424,0.0109708326099829));
#4338=CARTESIAN_POINT('',(0.0759381787021392,-0.0443999573420918,0.0108666659433162));
#4339=CARTESIAN_POINT('',(0.0773596993571404,-0.0432443788197411,0.0107624992766496));
#4340=CARTESIAN_POINT('',(0.0790712200410643,-0.043897662557801,0.0106583326099829));
#4341=CARTESIAN_POINT('',(0.0807827407249882,-0.044550946295861,0.0105541659433162));
#4342=CARTESIAN_POINT('',(0.081072740753911,-0.0463598085562716,0.0104499992766496));
#4343=CARTESIAN_POINT('',(0.0813627407828338,-0.0481686708166822,0.0103458326099829));
#4344=CARTESIAN_POINT('',(0.0799412201278326,-0.0493242493390329,0.0102416659433162));
#4345=CARTESIAN_POINT('',(0.0785196994728315,-0.0504798278613836,0.0101374992766496));
#4346=CARTESIAN_POINT('',(0.0768081787889076,-0.0498265441233236,0.0100333326099829));
#4347=CARTESIAN_POINT('',(0.0750966581049836,-0.0491732603852637,0.00992916594331624));
#4348=CARTESIAN_POINT('',(0.0748066580760608,-0.0473643981248531,0.00982499927664958));
#4349=CARTESIAN_POINT('',(0.0745166580471381,-0.0455555358644424,0.00972083260998291));
#4350=CARTESIAN_POINT('',(0.0759381787021392,-0.0443999573420918,0.00961666594331624));
#4351=CARTESIAN_POINT('',(0.0773596993571404,-0.0432443788197411,0.00951249927664958));
#4352=CARTESIAN_POINT('',(0.0790712200410643,-0.043897662557801,0.00940833260998291));
#4353=CARTESIAN_POINT('',(0.0807827407249882,-0.044550946295861,0.00930416594331624));
#4354=CARTESIAN_POINT('',(0.081072740753911,-0.0463598085562716,0.00919999927664958));
#4355=CARTESIAN_POINT('',(0.0813627407828338,-0.0481686708166822,0.0090958326099829));
#4356=CARTESIAN_POINT('',(0.0799412201278326,-0.0493242493390329,0.00899166594331624));
#4357=CARTESIAN_POINT('',(0.0799011723189663,-0.0493568048897597,0.00898873130656494));
#4358=CARTESIAN_POINT('',(0.0798600869163647,-0.0493880407757113,0.0089857431193823));
#4359=CARTESIAN_POINT('',(0.0800513922320842,-0.0492304364100343,0.009));
#4360=CARTESIAN_POINT('',(0.0805510018341783,-0.0487427811144198,0.009));
#4361=CARTESIAN_POINT('',(0.0811961741910391,-0.0474437168065184,0.00900000000000001));
#4362=CARTESIAN_POINT('',(0.0809254072156679,-0.0460139871739637,0.009));
#4363=CARTESIAN_POINT('',(0.0805672509082884,-0.0454143557278742,0.009));
#4364=CARTESIAN_POINT('',(0.0800513922320842,-0.0492304364100343,0.009));
#4365=CARTESIAN_POINT('',(0.081072740753911,-0.0463598085562717,0.0116999992766496));
#4366=CARTESIAN_POINT('',(0.0813627407828337,-0.0481686708166823,0.0115958326099829));
#4367=CARTESIAN_POINT('',(0.0799412201278326,-0.0493242493390329,0.0114916659433162));
#4368=CARTESIAN_POINT('',(0.0785196994728315,-0.0504798278613835,0.0113874992766496));
#4369=CARTESIAN_POINT('',(0.0768081787889076,-0.0498265441233236,0.0112833326099829));
#4370=CARTESIAN_POINT('',(0.0750966581049836,-0.0491732603852636,0.0111791659433162));
#4371=CARTESIAN_POINT('',(0.0748066580760609,-0.0473643981248531,0.0110749992766496));
#4372=CARTESIAN_POINT('',(0.0745166580471381,-0.0455555358644424,0.0109708326099829));
#4373=CARTESIAN_POINT('',(0.0759381787021392,-0.0443999573420918,0.0108666659433162));
#4374=CARTESIAN_POINT('',(0.0773596993571404,-0.0432443788197411,0.0107624992766496));
#4375=CARTESIAN_POINT('',(0.0790712200410643,-0.0438976625578011,0.0106583326099829));
#4376=CARTESIAN_POINT('',(0.0807827407249882,-0.044550946295861,0.0105541659433162));
#4377=CARTESIAN_POINT('',(0.081072740753911,-0.0463598085562717,0.0104499992766496));
#4378=CARTESIAN_POINT('',(0.0813627407828337,-0.0481686708166822,0.0103458326099829));
#4379=CARTESIAN_POINT('',(0.0799412201278326,-0.0493242493390329,0.0102416659433162));
#4380=CARTESIAN_POINT('',(0.0785196994728315,-0.0504798278613835,0.0101374992766496));
#4381=CARTESIAN_POINT('',(0.0768081787889076,-0.0498265441233236,0.0100333326099829));
#4382=CARTESIAN_POINT('',(0.0750966581049836,-0.0491732603852636,0.00992916594331624));
#4383=CARTESIAN_POINT('',(0.0748066580760609,-0.0473643981248531,0.00982499927664958));
#4384=CARTESIAN_POINT('',(0.0745166580471381,-0.0455555358644424,0.00972083260998291));
#4385=CARTESIAN_POINT('',(0.0759381787021392,-0.0443999573420918,0.00961666594331624));
#4386=CARTESIAN_POINT('',(0.0773596993571404,-0.0432443788197411,0.00951249927664958));
#4387=CARTESIAN_POINT('',(0.0790712200410643,-0.0438976625578011,0.00940833260998291));
#4388=CARTESIAN_POINT('',(0.0807827407249882,-0.044550946295861,0.00930416594331624));
#4389=CARTESIAN_POINT('',(0.081072740753911,-0.0463598085562717,0.00919999927664958));
#4390=CARTESIAN_POINT('',(0.0813627407828337,-0.0481686708166822,0.0090958326099829));
#4391=CARTESIAN_POINT('',(0.0799412201278326,-0.0493242493390329,0.00899166594331624));
#4392=CARTESIAN_POINT('',(0.0785196994728315,-0.0504798278613835,0.00888749927664958));
#4393=CARTESIAN_POINT('',(0.0768081787889076,-0.0498265441233236,0.00878333260998291));
#4394=CARTESIAN_POINT('',(0.0750966581049836,-0.0491732603852636,0.00867916594331624));
#4395=CARTESIAN_POINT('',(0.0748066580760609,-0.0473643981248531,0.00857499927664958));
#4396=CARTESIAN_POINT('',(0.0745166580471381,-0.0455555358644424,0.00847083260998291));
#4397=CARTESIAN_POINT('',(0.0759381787021392,-0.0443999573420918,0.00836666594331624));
#4398=CARTESIAN_POINT('',(0.0773596993571404,-0.0432443788197411,0.00826249927664957));
#4399=CARTESIAN_POINT('',(0.0790712200410643,-0.0438976625578011,0.00815833260998291));
#4400=CARTESIAN_POINT('',(0.0807827407249882,-0.044550946295861,0.00805416594331624));
#4401=CARTESIAN_POINT('',(0.081072740753911,-0.0463598085562717,0.00794999927664958));
#4402=CARTESIAN_POINT('',(0.0813627407828337,-0.0481686708166822,0.00784583260998291));
#4403=CARTESIAN_POINT('',(0.0799412201278326,-0.0493242493390329,0.00774166594331624));
#4404=CARTESIAN_POINT('',(0.0785196994728315,-0.0504798278613835,0.00763749927664958));
#4405=CARTESIAN_POINT('',(0.0768081787889076,-0.0498265441233236,0.00753333260998291));
#4406=CARTESIAN_POINT('',(0.0750966581049836,-0.0491732603852636,0.00742916594331624));
#4407=CARTESIAN_POINT('',(0.0748066580760609,-0.0473643981248531,0.00732499927664958));
#4408=CARTESIAN_POINT('',(0.0745166580471381,-0.0455555358644424,0.00722083260998291));
#4409=CARTESIAN_POINT('',(0.0759381787021392,-0.0443999573420918,0.00711666594331624));
#4410=CARTESIAN_POINT('',(0.0773596993571404,-0.0432443788197411,0.00701249927664957));
#4411=CARTESIAN_POINT('',(0.0790712200410643,-0.0438976625578011,0.00690833260998291));
#4412=CARTESIAN_POINT('',(0.0807827407249882,-0.044550946295861,0.00680416594331625));
#4413=CARTESIAN_POINT('',(0.081072740753911,-0.0463598085562717,0.00669999927664958));
#4414=CARTESIAN_POINT('',(0.0813627407828337,-0.0481686708166822,0.00659583260998291));
#4415=CARTESIAN_POINT('',(0.0799412201278326,-0.0493242493390329,0.00649166594331624));
#4416=CARTESIAN_POINT('',(0.0785196994728315,-0.0504798278613835,0.00638749927664957));
#4417=CARTESIAN_POINT('',(0.0768081787889076,-0.0498265441233236,0.00628333260998291));
#4418=CARTESIAN_POINT('',(0.0750966581049836,-0.0491732603852636,0.00617916594331624));
#4419=CARTESIAN_POINT('',(0.0748066580760609,-0.0473643981248531,0.00607499927664958));
#4420=CARTESIAN_POINT('',(0.0745166580471381,-0.0455555358644424,0.0059708326099829));
#4421=CARTESIAN_POINT('',(0.0759381787021392,-0.0443999573420918,0.00586666594331624));
#4422=CARTESIAN_POINT('',(0.0773596993571404,-0.0432443788197411,0.00576249927664957));
#4423=CARTESIAN_POINT('',(0.0790712200410643,-0.0438976625578011,0.00565833260998291));
#4424=CARTESIAN_POINT('',(0.0807827407249882,-0.044550946295861,0.00555416594331625));
#4425=CARTESIAN_POINT('',(0.081072740753911,-0.0463598085562716,0.00544999927664958));
#4426=CARTESIAN_POINT('',(0.0813627407828337,-0.0481686708166822,0.00534583260998291));
#4427=CARTESIAN_POINT('',(0.0799412201278326,-0.0493242493390329,0.00524166594331624));
#4428=CARTESIAN_POINT('',(0.0785196994728315,-0.0504798278613835,0.00513749927664957));
#4429=CARTESIAN_POINT('',(0.0768081787889076,-0.0498265441233236,0.00503333260998291));
#4430=CARTESIAN_POINT('',(0.0750966581049836,-0.0491732603852636,0.00492916594331624));
#4431=CARTESIAN_POINT('',(0.0748066580760609,-0.0473643981248531,0.00482499927664958));
#4432=CARTESIAN_POINT('',(0.0745166580471381,-0.0455555358644424,0.00472083260998291));
#4433=CARTESIAN_POINT('',(0.0759381787021392,-0.0443999573420918,0.00461666594331624));
#4434=CARTESIAN_POINT('',(0.0773596993571404,-0.0432443788197411,0.00451249927664957));
#4435=CARTESIAN_POINT('',(0.0790712200410643,-0.0438976625578011,0.00440833260998291));
#4436=CARTESIAN_POINT('',(0.0807827407249882,-0.044550946295861,0.00430416594331624));
#4437=CARTESIAN_POINT('',(0.081072740753911,-0.0463598085562717,0.00419999927664958));
#4438=CARTESIAN_POINT('',(0.0813627407828338,-0.0481686708166822,0.00409583260998291));
#4439=CARTESIAN_POINT('',(0.0799412201278326,-0.0493242493390329,0.00399166594331624));
#4440=CARTESIAN_POINT('',(0.0785196994728315,-0.0504798278613835,0.00388749927664958));
#4441=CARTESIAN_POINT('',(0.0768081787889076,-0.0498265441233236,0.00378333260998291));
#4442=CARTESIAN_POINT('',(0.0750966581049836,-0.0491732603852636,0.00367916594331624));
#4443=CARTESIAN_POINT('',(0.0748066580760609,-0.0473643981248531,0.00357499927664957));
#4444=CARTESIAN_POINT('',(0.0745166580471381,-0.0455555358644424,0.00347083260998291));
#4445=CARTESIAN_POINT('',(0.0759381787021392,-0.0443999573420918,0.00336666594331625));
#4446=CARTESIAN_POINT('',(0.0773596993571404,-0.0432443788197411,0.00326249927664958));
#4447=CARTESIAN_POINT('',(0.0790712200410643,-0.0438976625578011,0.00315833260998291));
#4448=CARTESIAN_POINT('',(0.0807827407249882,-0.044550946295861,0.00305416594331624));
#4449=CARTESIAN_POINT('',(0.081072740753911,-0.0463598085562717,0.00294999927664957));
#4450=CARTESIAN_POINT('',(0.0813627407828338,-0.0481686708166822,0.00284583260998291));
#4451=CARTESIAN_POINT('',(0.0799412201278326,-0.0493242493390329,0.00274166594331624));
#4452=CARTESIAN_POINT('',(0.0785196994728315,-0.0504798278613835,0.00263749927664958));
#4453=CARTESIAN_POINT('',(0.0768081787889076,-0.0498265441233236,0.00253333260998291));
#4454=CARTESIAN_POINT('',(0.0750966581049836,-0.0491732603852637,0.00242916594331624));
#4455=CARTESIAN_POINT('',(0.0748066580760609,-0.0473643981248531,0.00232499927664958));
#4456=CARTESIAN_POINT('',(0.0745166580471381,-0.0455555358644424,0.00222083260998291));
#4457=CARTESIAN_POINT('',(0.0759381787021392,-0.0443999573420918,0.00211666594331624));
#4458=CARTESIAN_POINT('',(0.0773596993571404,-0.0432443788197411,0.00201249927664958));
#4459=CARTESIAN_POINT('',(0.0790712200410643,-0.0438976625578011,0.00190833260998291));
#4460=CARTESIAN_POINT('',(0.0807827407249882,-0.044550946295861,0.00180416594331624));
#4461=CARTESIAN_POINT('',(0.081072740753911,-0.0463598085562717,0.00169999927664957));
#4462=CARTESIAN_POINT('',(0.081072740753911,-0.0463598085562717,0.0116999992766496));
#4463=CARTESIAN_POINT('',(0.0810062200844485,-0.0466109559244328,0.0115499992766496));
#4464=CARTESIAN_POINT('',(0.081072740753911,-0.0463598085562716,0.0116999992766496));
#4465=CARTESIAN_POINT('',(0.0813627407828338,-0.0481686708166822,0.0115958326099829));
#4466=CARTESIAN_POINT('',(0.0799412201278326,-0.0493242493390329,0.0114916659433162));
#4467=CARTESIAN_POINT('',(0.0785196994728315,-0.0504798278613836,0.0113874992766496));
#4468=CARTESIAN_POINT('',(0.0768081787889076,-0.0498265441233236,0.0112833326099829));
#4469=CARTESIAN_POINT('',(0.0750966581049836,-0.0491732603852637,0.0111791659433162));
#4470=CARTESIAN_POINT('',(0.0748066580760608,-0.0473643981248531,0.0110749992766496));
#4471=CARTESIAN_POINT('',(0.0745166580471381,-0.0455555358644424,0.0109708326099829));
#4472=CARTESIAN_POINT('',(0.0759381787021392,-0.0443999573420918,0.0108666659433162));
#4473=CARTESIAN_POINT('',(0.0773596993571404,-0.0432443788197411,0.0107624992766496));
#4474=CARTESIAN_POINT('',(0.0790712200410643,-0.043897662557801,0.0106583326099829));
#4475=CARTESIAN_POINT('',(0.0807827407249882,-0.044550946295861,0.0105541659433162));
#4476=CARTESIAN_POINT('',(0.081072740753911,-0.0463598085562716,0.0104499992766496));
#4477=CARTESIAN_POINT('',(0.0813627407828338,-0.0481686708166822,0.0103458326099829));
#4478=CARTESIAN_POINT('',(0.0799412201278326,-0.0493242493390329,0.0102416659433162));
#4479=CARTESIAN_POINT('',(0.0785196994728315,-0.0504798278613836,0.0101374992766496));
#4480=CARTESIAN_POINT('',(0.0768081787889076,-0.0498265441233236,0.0100333326099829));
#4481=CARTESIAN_POINT('',(0.0750966581049836,-0.0491732603852637,0.00992916594331624));
#4482=CARTESIAN_POINT('',(0.0748066580760608,-0.0473643981248531,0.00982499927664958));
#4483=CARTESIAN_POINT('',(0.0745166580471381,-0.0455555358644424,0.00972083260998291));
#4484=CARTESIAN_POINT('',(0.0759381787021392,-0.0443999573420918,0.00961666594331624));
#4485=CARTESIAN_POINT('',(0.0773596993571404,-0.0432443788197411,0.00951249927664958));
#4486=CARTESIAN_POINT('',(0.0790712200410643,-0.043897662557801,0.00940833260998291));
#4487=CARTESIAN_POINT('',(0.0807827407249882,-0.044550946295861,0.00930416594331624));
#4488=CARTESIAN_POINT('',(0.081072740753911,-0.0463598085562716,0.00919999927664958));
#4489=CARTESIAN_POINT('',(0.0813627407828338,-0.0481686708166822,0.0090958326099829));
#4490=CARTESIAN_POINT('',(0.0799412201278326,-0.0493242493390329,0.00899166594331624));
#4491=CARTESIAN_POINT('',(0.0785196994728315,-0.0504798278613836,0.00888749927664958));
#4492=CARTESIAN_POINT('',(0.0768081787889076,-0.0498265441233236,0.00878333260998291));
#4493=CARTESIAN_POINT('',(0.0760324827540944,-0.0495304626269205,0.00873612215494605));
#4494=CARTESIAN_POINT('',(0.0755012228805863,-0.048892394027366,0.00868161197459809));
#4495=CARTESIAN_POINT('',(0.0809396994149859,-0.0468621032925939,0.0119999992766496));
#4496=CARTESIAN_POINT('',(0.0809396994426805,-0.0485941541001628,0.0118958326099829));
#4497=CARTESIAN_POINT('',(0.0794396994565278,-0.0494601795279314,0.0117916659433162));
#4498=CARTESIAN_POINT('',(0.0779396994703751,-0.0503262049557001,0.0116874992766496));
#4499=CARTESIAN_POINT('',(0.0764396994565278,-0.0494601795758999,0.0115833326099829));
#4500=CARTESIAN_POINT('',(0.0749396994426805,-0.0485941541960997,0.0114791659433162));
#4501=CARTESIAN_POINT('',(0.0749396994149859,-0.0468621033885308,0.0113749992766496));
#4502=CARTESIAN_POINT('',(0.0749396993872913,-0.0451300525809619,0.0112708326099829));
#4503=CARTESIAN_POINT('',(0.076439699373444,-0.0442640271531933,0.0111666659433162));
#4504=CARTESIAN_POINT('',(0.0779396993595967,-0.0433980017254246,0.0110624992766496));
#4505=CARTESIAN_POINT('',(0.079439699373444,-0.0442640271052248,0.0109583326099829));
#4506=CARTESIAN_POINT('',(0.0809396993872914,-0.045130052485025,0.0108541659433162));
#4507=CARTESIAN_POINT('',(0.0809396994149859,-0.0468621032925939,0.0107499992766496));
#4508=CARTESIAN_POINT('',(0.0809396994426805,-0.0485941541001628,0.0106458326099829));
#4509=CARTESIAN_POINT('',(0.0794396994565278,-0.0494601795279314,0.0105416659433162));
#4510=CARTESIAN_POINT('',(0.0779396994703751,-0.0503262049557001,0.0104374992766496));
#4511=CARTESIAN_POINT('',(0.0764396994565278,-0.0494601795758999,0.0103333326099829));
#4512=CARTESIAN_POINT('',(0.0749396994426805,-0.0485941541960997,0.0102291659433162));
#4513=CARTESIAN_POINT('',(0.0749396994149859,-0.0468621033885308,0.0101249992766496));
#4514=CARTESIAN_POINT('',(0.0749396993872913,-0.0451300525809619,0.0100208326099829));
#4515=CARTESIAN_POINT('',(0.076439699373444,-0.0442640271531933,0.00991666594331624));
#4516=CARTESIAN_POINT('',(0.0779396993595967,-0.0433980017254246,0.00981249927664957));
#4517=CARTESIAN_POINT('',(0.079439699373444,-0.0442640271052248,0.00970833260998291));
#4518=CARTESIAN_POINT('',(0.0809396993872914,-0.045130052485025,0.00960416594331624));
#4519=CARTESIAN_POINT('',(0.0809396994149859,-0.0468621032925939,0.00949999927664958));
#4520=CARTESIAN_POINT('',(0.0809396994426805,-0.0485941541001628,0.0093958326099829));
#4521=CARTESIAN_POINT('',(0.0794396994565278,-0.0494601795279314,0.00929166594331624));
#4522=CARTESIAN_POINT('',(0.0779396994703751,-0.0503262049557001,0.00918749927664958));
#4523=CARTESIAN_POINT('',(0.0764396994565278,-0.0494601795758999,0.00908333260998291));
#4524=CARTESIAN_POINT('',(0.0757598688977212,-0.0490676792342631,0.00903612215494605));
#4525=CARTESIAN_POINT('',(0.0753594137317905,-0.0483925038741145,0.00898161197459809));
#4526=CARTESIAN_POINT('',(0.0809378393469938,-0.0468691259396087,0.0120041936150571));
#4527=CARTESIAN_POINT('',(0.080933784847544,-0.0486001028364216,0.0119000269483904));
#4528=CARTESIAN_POINT('',(0.0794326876318151,-0.0494620799853049,0.0117958602817237));
#4529=CARTESIAN_POINT('',(0.0779315904160863,-0.0503240571341882,0.0116916936150571));
#4530=CARTESIAN_POINT('',(0.0764345476998072,-0.0494550573862585,0.0115875269483904));
#4531=CARTESIAN_POINT('',(0.0749375049835283,-0.0485860576383289,0.0114833602817237));
#4532=CARTESIAN_POINT('',(0.074941559482978,-0.046855080741516,0.0113791936150571));
#4533=CARTESIAN_POINT('',(0.0749456139824278,-0.0451241038447031,0.0112750269483904));
#4534=CARTESIAN_POINT('',(0.0764467111981567,-0.0442621266958198,0.0111708602817237));
#4535=CARTESIAN_POINT('',(0.0779478084138855,-0.0434001495469365,0.0110666936150571));
#4536=CARTESIAN_POINT('',(0.0794448511301646,-0.0442691492948661,0.0109625269483904));
#4537=CARTESIAN_POINT('',(0.0809418938464437,-0.0451381490427958,0.0108583602817237));
#4538=CARTESIAN_POINT('',(0.0809378393469938,-0.0468691259396087,0.0107541936150571));
#4539=CARTESIAN_POINT('',(0.080933784847544,-0.0486001028364216,0.0106500269483904));
#4540=CARTESIAN_POINT('',(0.0794326876318151,-0.0494620799853049,0.0105458602817237));
#4541=CARTESIAN_POINT('',(0.0779315904160863,-0.0503240571341882,0.0104416936150571));
#4542=CARTESIAN_POINT('',(0.0764345476998072,-0.0494550573862585,0.0103375269483904));
#4543=CARTESIAN_POINT('',(0.0749375049835283,-0.0485860576383289,0.0102333602817237));
#4544=CARTESIAN_POINT('',(0.074941559482978,-0.046855080741516,0.0101291936150571));
#4545=CARTESIAN_POINT('',(0.0749456139824278,-0.0451241038447031,0.0100250269483904));
#4546=CARTESIAN_POINT('',(0.0764467111981567,-0.0442621266958198,0.00992086028172373));
#4547=CARTESIAN_POINT('',(0.0779478084138855,-0.0434001495469365,0.00981669361505707));
#4548=CARTESIAN_POINT('',(0.0794448511301646,-0.0442691492948661,0.00971252694839041));
#4549=CARTESIAN_POINT('',(0.0809418938464437,-0.0451381490427958,0.00960836028172373));
#4550=CARTESIAN_POINT('',(0.0809378393469938,-0.0468691259396087,0.00950419361505708));
#4551=CARTESIAN_POINT('',(0.080933784847544,-0.0486001028364216,0.00940002694839039));
#4552=CARTESIAN_POINT('',(0.0794326876318151,-0.0494620799853049,0.00929586028172374));
#4553=CARTESIAN_POINT('',(0.0779315904160863,-0.0503240571341882,0.00919169361505707));
#4554=CARTESIAN_POINT('',(0.0764345476998072,-0.0494550573862585,0.00908752694839041));
#4555=CARTESIAN_POINT('',(0.0757560574484939,-0.0490612090004025,0.00904031649335355));
#4556=CARTESIAN_POINT('',(0.0753574310799261,-0.0483855148458835,0.00898580631300558));
#4557=CARTESIAN_POINT('',(0.0755123804736038,-0.0486257313209868,0.00899999999999999));
#4558=CARTESIAN_POINT('',(0.0760021965093475,-0.0493403960608349,0.00899999999999999));
#4559=CARTESIAN_POINT('',(0.0776013982615841,-0.0502895929971628,0.00900000000000004));
#4560=CARTESIAN_POINT('',(0.0793839995919511,-0.0497820184049804,0.009));
#4561=CARTESIAN_POINT('',(0.0800513922320839,-0.0492304364100345,0.009));
#4562=CARTESIAN_POINT('',(0.0810062200844485,-0.0466109559244328,0.0118499992766496));
#4563=CARTESIAN_POINT('',(0.081072740753911,0.0836401914437284,0.0116999992766496));
#4564=CARTESIAN_POINT('',(0.0813627407828337,0.0818313291833178,0.0115958326099829));
#4565=CARTESIAN_POINT('',(0.0799412201278326,0.0806757506609671,0.0114916659433162));
#4566=CARTESIAN_POINT('',(0.0785196994728315,0.0795201721386165,0.0113874992766496));
#4567=CARTESIAN_POINT('',(0.0768081787889076,0.0801734558766764,0.0112833326099829));
#4568=CARTESIAN_POINT('',(0.0750966581049836,0.0808267396147363,0.0111791659433162));
#4569=CARTESIAN_POINT('',(0.0748066580760609,0.082635601875147,0.0110749992766496));
#4570=CARTESIAN_POINT('',(0.0745166580471381,0.0844444641355575,0.0109708326099829));
#4571=CARTESIAN_POINT('',(0.0759381787021392,0.0856000426579082,0.0108666659433162));
#4572=CARTESIAN_POINT('',(0.0773596993571404,0.0867556211802589,0.0107624992766496));
#4573=CARTESIAN_POINT('',(0.0790712200410643,0.0861023374421989,0.0106583326099829));
#4574=CARTESIAN_POINT('',(0.0807827407249882,0.0854490537041389,0.0105541659433162));
#4575=CARTESIAN_POINT('',(0.081072740753911,0.0836401914437284,0.0104499992766496));
#4576=CARTESIAN_POINT('',(0.0813627407828337,0.0818313291833178,0.0103458326099829));
#4577=CARTESIAN_POINT('',(0.0799412201278326,0.0806757506609671,0.0102416659433162));
#4578=CARTESIAN_POINT('',(0.0785196994728315,0.0795201721386165,0.0101374992766496));
#4579=CARTESIAN_POINT('',(0.0768081787889076,0.0801734558766764,0.0100333326099829));
#4580=CARTESIAN_POINT('',(0.0750966581049836,0.0808267396147363,0.00992916594331623));
#4581=CARTESIAN_POINT('',(0.0748066580760609,0.082635601875147,0.00982499927664957));
#4582=CARTESIAN_POINT('',(0.0745166580471381,0.0844444641355575,0.0097208326099829));
#4583=CARTESIAN_POINT('',(0.0759381787021392,0.0856000426579082,0.00961666594331624));
#4584=CARTESIAN_POINT('',(0.0773596993571404,0.0867556211802589,0.00951249927664958));
#4585=CARTESIAN_POINT('',(0.0790712200410643,0.0861023374421989,0.0094083326099829));
#4586=CARTESIAN_POINT('',(0.0807827407249882,0.0854490537041389,0.00930416594331624));
#4587=CARTESIAN_POINT('',(0.081072740753911,0.0836401914437284,0.00919999927664957));
#4588=CARTESIAN_POINT('',(0.0813627407828337,0.0818313291833178,0.0090958326099829));
#4589=CARTESIAN_POINT('',(0.0799412201278326,0.0806757506609671,0.00899166594331624));
#4590=CARTESIAN_POINT('',(0.0785196994728315,0.0795201721386165,0.00888749927664957));
#4591=CARTESIAN_POINT('',(0.0768081787889076,0.0801734558766764,0.0087833326099829));
#4592=CARTESIAN_POINT('',(0.0760324827540944,0.0804695373730795,0.00873612215494604));
#4593=CARTESIAN_POINT('',(0.0755012228805863,0.081107605972634,0.00868161197459808));
#4594=CARTESIAN_POINT('',(0.0809396994149859,0.0831378967074061,0.0119999992766496));
#4595=CARTESIAN_POINT('',(0.0809396994426805,0.0814058458998373,0.0118958326099829));
#4596=CARTESIAN_POINT('',(0.0794396994565278,0.0805398204720686,0.0117916659433162));
#4597=CARTESIAN_POINT('',(0.0779396994703751,0.0796737950442998,0.0116874992766496));
#4598=CARTESIAN_POINT('',(0.0764396994565278,0.0805398204241001,0.0115833326099829));
#4599=CARTESIAN_POINT('',(0.0749396994426805,0.0814058458039003,0.0114791659433162));
#4600=CARTESIAN_POINT('',(0.0749396994149859,0.0831378966114692,0.0113749992766496));
#4601=CARTESIAN_POINT('',(0.0749396993872913,0.084869947419038,0.0112708326099829));
#4602=CARTESIAN_POINT('',(0.076439699373444,0.0857359728468067,0.0111666659433162));
#4603=CARTESIAN_POINT('',(0.0779396993595967,0.0866019982745753,0.0110624992766496));
#4604=CARTESIAN_POINT('',(0.079439699373444,0.0857359728947752,0.0109583326099829));
#4605=CARTESIAN_POINT('',(0.0809396993872912,0.0848699475149749,0.0108541659433162));
#4606=CARTESIAN_POINT('',(0.0809396994149859,0.0831378967074061,0.0107499992766496));
#4607=CARTESIAN_POINT('',(0.0809396994426805,0.0814058458998373,0.0106458326099829));
#4608=CARTESIAN_POINT('',(0.0794396994565278,0.0805398204720686,0.0105416659433162));
#4609=CARTESIAN_POINT('',(0.0779396994703751,0.0796737950442998,0.0104374992766496));
#4610=CARTESIAN_POINT('',(0.0764396994565278,0.0805398204241001,0.0103333326099829));
#4611=CARTESIAN_POINT('',(0.0749396994426805,0.0814058458039003,0.0102291659433162));
#4612=CARTESIAN_POINT('',(0.0749396994149859,0.0831378966114692,0.0101249992766496));
#4613=CARTESIAN_POINT('',(0.0749396993872913,0.084869947419038,0.0100208326099829));
#4614=CARTESIAN_POINT('',(0.076439699373444,0.0857359728468067,0.00991666594331624));
#4615=CARTESIAN_POINT('',(0.0779396993595967,0.0866019982745753,0.00981249927664957));
#4616=CARTESIAN_POINT('',(0.079439699373444,0.0857359728947752,0.0097083326099829));
#4617=CARTESIAN_POINT('',(0.0809396993872912,0.0848699475149749,0.00960416594331624));
#4618=CARTESIAN_POINT('',(0.0809396994149859,0.0831378967074061,0.00949999927664957));
#4619=CARTESIAN_POINT('',(0.0809396994426805,0.0814058458998373,0.0093958326099829));
#4620=CARTESIAN_POINT('',(0.0794396994565278,0.0805398204720686,0.00929166594331624));
#4621=CARTESIAN_POINT('',(0.0779396994703751,0.0796737950442998,0.00918749927664957));
#4622=CARTESIAN_POINT('',(0.0764396994565278,0.0805398204241001,0.0090833326099829));
#4623=CARTESIAN_POINT('',(0.0757598688977212,0.0809323207657369,0.00903612215494605));
#4624=CARTESIAN_POINT('',(0.0753594137317905,0.0816074961258855,0.00898161197459808));
#4625=CARTESIAN_POINT('',(0.0809378393470074,0.0831308740604429,0.0120041936150262));
#4626=CARTESIAN_POINT('',(0.0809337848475875,0.0813998971636222,0.0119000269483596));
#4627=CARTESIAN_POINT('',(0.0794326876318667,0.0805379200147091,0.0117958602816929));
#4628=CARTESIAN_POINT('',(0.0779315904161459,0.079675942865796,0.0116916936150262));
#4629=CARTESIAN_POINT('',(0.0764345476998451,0.0805449426137038,0.0115875269483596));
#4630=CARTESIAN_POINT('',(0.0749375049835444,0.0814139423616115,0.0114833602816929));
#4631=CARTESIAN_POINT('',(0.0749415594829644,0.0831449192584324,0.0113791936150262));
#4632=CARTESIAN_POINT('',(0.0749456139823843,0.0848758961552531,0.0112750269483595));
#4633=CARTESIAN_POINT('',(0.0764467111981051,0.0857378733041662,0.0111708602816929));
#4634=CARTESIAN_POINT('',(0.0779478084138259,0.0865998504530792,0.0110666936150262));
#4635=CARTESIAN_POINT('',(0.0794448511301267,0.0857308507051715,0.0109625269483596));
#4636=CARTESIAN_POINT('',(0.0809418938464274,0.0848618509572637,0.0108583602816929));
#4637=CARTESIAN_POINT('',(0.0809378393470074,0.0831308740604429,0.0107541936150262));
#4638=CARTESIAN_POINT('',(0.0809337848475875,0.0813998971636222,0.0106500269483596));
#4639=CARTESIAN_POINT('',(0.0794326876318667,0.0805379200147091,0.0105458602816929));
#4640=CARTESIAN_POINT('',(0.0779315904161459,0.079675942865796,0.0104416936150262));
#4641=CARTESIAN_POINT('',(0.0764345476998451,0.0805449426137038,0.0103375269483596));
#4642=CARTESIAN_POINT('',(0.0749375049835444,0.0814139423616115,0.0102333602816929));
#4643=CARTESIAN_POINT('',(0.0749415594829644,0.0831449192584324,0.0101291936150262));
#4644=CARTESIAN_POINT('',(0.0749456139823843,0.0848758961552531,0.0100250269483596));
#4645=CARTESIAN_POINT('',(0.0764467111981051,0.0857378733041662,0.00992086028169289));
#4646=CARTESIAN_POINT('',(0.0779478084138259,0.0865998504530792,0.00981669361502623));
#4647=CARTESIAN_POINT('',(0.0794448511301267,0.0857308507051715,0.00971252694835955));
#4648=CARTESIAN_POINT('',(0.0809418938464274,0.0848618509572637,0.00960836028169289));
#4649=CARTESIAN_POINT('',(0.0809378393470074,0.0831308740604429,0.00950419361502622));
#4650=CARTESIAN_POINT('',(0.0809337848475875,0.0813998971636222,0.00940002694835955));
#4651=CARTESIAN_POINT('',(0.0794326876318667,0.0805379200147091,0.00929586028169289));
#4652=CARTESIAN_POINT('',(0.0779315904161459,0.079675942865796,0.00919169361502622));
#4653=CARTESIAN_POINT('',(0.0764345476998451,0.0805449426137038,0.00908752694835955));
#4654=CARTESIAN_POINT('',(0.0757560574485219,0.0809387909995499,0.0090403164933227));
#4655=CARTESIAN_POINT('',(0.0753574310799406,0.0816144851540651,0.00898580631297474));
#4656=CARTESIAN_POINT('',(0.0755123804736038,0.0813742686790132,0.009));
#4657=CARTESIAN_POINT('',(0.0760021965093478,0.0806596039391648,0.009));
#4658=CARTESIAN_POINT('',(0.0776013982615861,0.0797104070028372,0.00900000000000003));
#4659=CARTESIAN_POINT('',(0.0793839995919509,0.0802179815950194,0.009));
#4660=CARTESIAN_POINT('',(0.080051392232084,0.0807695635899656,0.009));
#4661=CARTESIAN_POINT('',(0.0800513922320856,0.0807695635899669,0.0090000000000001));
#4662=CARTESIAN_POINT('',(0.0810062200844485,0.0833890440755672,0.0118499992766496));
#4663=CARTESIAN_POINT('',(0.081072740753911,0.0836401914437284,0.0116999992766496));
#4664=CARTESIAN_POINT('',(0.081072740753911,0.0836401914437284,0.0116999992766496));
#4665=CARTESIAN_POINT('',(0.0813627407828337,0.0818313291833178,0.0115958326099829));
#4666=CARTESIAN_POINT('',(0.0799412201278326,0.0806757506609671,0.0114916659433162));
#4667=CARTESIAN_POINT('',(0.0785196994728315,0.0795201721386165,0.0113874992766496));
#4668=CARTESIAN_POINT('',(0.0768081787889076,0.0801734558766764,0.0112833326099829));
#4669=CARTESIAN_POINT('',(0.0750966581049836,0.0808267396147363,0.0111791659433162));
#4670=CARTESIAN_POINT('',(0.0748066580760609,0.082635601875147,0.0110749992766496));
#4671=CARTESIAN_POINT('',(0.0745166580471381,0.0844444641355575,0.0109708326099829));
#4672=CARTESIAN_POINT('',(0.0759381787021392,0.0856000426579082,0.0108666659433162));
#4673=CARTESIAN_POINT('',(0.0773596993571404,0.0867556211802589,0.0107624992766496));
#4674=CARTESIAN_POINT('',(0.0790712200410643,0.0861023374421989,0.0106583326099829));
#4675=CARTESIAN_POINT('',(0.0807827407249882,0.085449053704139,0.0105541659433162));
#4676=CARTESIAN_POINT('',(0.081072740753911,0.0836401914437284,0.0104499992766496));
#4677=CARTESIAN_POINT('',(0.0813627407828337,0.0818313291833178,0.0103458326099829));
#4678=CARTESIAN_POINT('',(0.0799412201278326,0.0806757506609671,0.0102416659433162));
#4679=CARTESIAN_POINT('',(0.0785196994728315,0.0795201721386165,0.0101374992766496));
#4680=CARTESIAN_POINT('',(0.0768081787889076,0.0801734558766764,0.0100333326099829));
#4681=CARTESIAN_POINT('',(0.0750966581049836,0.0808267396147363,0.00992916594331624));
#4682=CARTESIAN_POINT('',(0.0748066580760609,0.082635601875147,0.00982499927664957));
#4683=CARTESIAN_POINT('',(0.0745166580471381,0.0844444641355575,0.00972083260998291));
#4684=CARTESIAN_POINT('',(0.0759381787021392,0.0856000426579082,0.00961666594331624));
#4685=CARTESIAN_POINT('',(0.0773596993571404,0.0867556211802589,0.00951249927664958));
#4686=CARTESIAN_POINT('',(0.0790712200410643,0.0861023374421989,0.00940833260998291));
#4687=CARTESIAN_POINT('',(0.0807827407249882,0.085449053704139,0.00930416594331624));
#4688=CARTESIAN_POINT('',(0.081072740753911,0.0836401914437284,0.00919999927664957));
#4689=CARTESIAN_POINT('',(0.0813627407828337,0.0818313291833178,0.0090958326099829));
#4690=CARTESIAN_POINT('',(0.0799412201278326,0.0806757506609671,0.00899166594331624));
#4691=CARTESIAN_POINT('',(0.0785196994728315,0.0795201721386165,0.00888749927664957));
#4692=CARTESIAN_POINT('',(0.0768081787889076,0.0801734558766764,0.00878333260998291));
#4693=CARTESIAN_POINT('',(0.0750966581049836,0.0808267396147363,0.00867916594331624));
#4694=CARTESIAN_POINT('',(0.0748066580760609,0.0826356018751469,0.00857499927664958));
#4695=CARTESIAN_POINT('',(0.0745166580471381,0.0844444641355575,0.00847083260998291));
#4696=CARTESIAN_POINT('',(0.0759381787021392,0.0856000426579082,0.00836666594331624));
#4697=CARTESIAN_POINT('',(0.0773596993571404,0.0867556211802589,0.00826249927664957));
#4698=CARTESIAN_POINT('',(0.0790712200410643,0.086102337442199,0.00815833260998291));
#4699=CARTESIAN_POINT('',(0.0807827407249882,0.085449053704139,0.00805416594331624));
#4700=CARTESIAN_POINT('',(0.081072740753911,0.0836401914437284,0.00794999927664957));
#4701=CARTESIAN_POINT('',(0.0813627407828337,0.0818313291833178,0.0078458326099829));
#4702=CARTESIAN_POINT('',(0.0799412201278326,0.0806757506609671,0.00774166594331624));
#4703=CARTESIAN_POINT('',(0.0785196994728315,0.0795201721386165,0.00763749927664958));
#4704=CARTESIAN_POINT('',(0.0768081787889076,0.0801734558766764,0.00753333260998291));
#4705=CARTESIAN_POINT('',(0.0750966581049836,0.0808267396147363,0.00742916594331624));
#4706=CARTESIAN_POINT('',(0.0748066580760609,0.082635601875147,0.00732499927664957));
#4707=CARTESIAN_POINT('',(0.0745166580471381,0.0844444641355575,0.00722083260998291));
#4708=CARTESIAN_POINT('',(0.0759381787021392,0.0856000426579082,0.00711666594331624));
#4709=CARTESIAN_POINT('',(0.0773596993571404,0.0867556211802589,0.00701249927664957));
#4710=CARTESIAN_POINT('',(0.0790712200410643,0.086102337442199,0.00690833260998291));
#4711=CARTESIAN_POINT('',(0.0807827407249882,0.085449053704139,0.00680416594331623));
#4712=CARTESIAN_POINT('',(0.081072740753911,0.0836401914437284,0.00669999927664957));
#4713=CARTESIAN_POINT('',(0.0813627407828337,0.0818313291833178,0.00659583260998291));
#4714=CARTESIAN_POINT('',(0.0799412201278326,0.0806757506609671,0.00649166594331624));
#4715=CARTESIAN_POINT('',(0.0785196994728315,0.0795201721386165,0.00638749927664957));
#4716=CARTESIAN_POINT('',(0.0768081787889076,0.0801734558766764,0.00628333260998291));
#4717=CARTESIAN_POINT('',(0.0750966581049836,0.0808267396147363,0.00617916594331624));
#4718=CARTESIAN_POINT('',(0.0748066580760609,0.0826356018751469,0.00607499927664957));
#4719=CARTESIAN_POINT('',(0.0745166580471381,0.0844444641355575,0.0059708326099829));
#4720=CARTESIAN_POINT('',(0.0759381787021392,0.0856000426579082,0.00586666594331624));
#4721=CARTESIAN_POINT('',(0.0773596993571404,0.0867556211802589,0.00576249927664957));
#4722=CARTESIAN_POINT('',(0.0790712200410643,0.086102337442199,0.00565833260998291));
#4723=CARTESIAN_POINT('',(0.0807827407249882,0.085449053704139,0.00555416594331625));
#4724=CARTESIAN_POINT('',(0.081072740753911,0.0836401914437284,0.00544999927664957));
#4725=CARTESIAN_POINT('',(0.0813627407828337,0.0818313291833178,0.00534583260998291));
#4726=CARTESIAN_POINT('',(0.0799412201278326,0.0806757506609671,0.00524166594331624));
#4727=CARTESIAN_POINT('',(0.0785196994728315,0.0795201721386165,0.00513749927664957));
#4728=CARTESIAN_POINT('',(0.0768081787889076,0.0801734558766764,0.00503333260998291));
#4729=CARTESIAN_POINT('',(0.0750966581049836,0.0808267396147363,0.00492916594331624));
#4730=CARTESIAN_POINT('',(0.0748066580760609,0.0826356018751469,0.00482499927664957));
#4731=CARTESIAN_POINT('',(0.0745166580471381,0.0844444641355575,0.0047208326099829));
#4732=CARTESIAN_POINT('',(0.0759381787021392,0.0856000426579082,0.00461666594331624));
#4733=CARTESIAN_POINT('',(0.0773596993571404,0.0867556211802589,0.00451249927664957));
#4734=CARTESIAN_POINT('',(0.0790712200410643,0.086102337442199,0.00440833260998291));
#4735=CARTESIAN_POINT('',(0.0807827407249882,0.085449053704139,0.00430416594331624));
#4736=CARTESIAN_POINT('',(0.081072740753911,0.0836401914437284,0.00419999927664958));
#4737=CARTESIAN_POINT('',(0.0813627407828338,0.0818313291833178,0.00409583260998291));
#4738=CARTESIAN_POINT('',(0.0799412201278326,0.0806757506609671,0.00399166594331624));
#4739=CARTESIAN_POINT('',(0.0785196994728315,0.0795201721386165,0.00388749927664957));
#4740=CARTESIAN_POINT('',(0.0768081787889076,0.0801734558766764,0.00378333260998291));
#4741=CARTESIAN_POINT('',(0.0750966581049836,0.0808267396147363,0.00367916594331624));
#4742=CARTESIAN_POINT('',(0.0748066580760609,0.0826356018751469,0.00357499927664957));
#4743=CARTESIAN_POINT('',(0.0745166580471381,0.0844444641355575,0.00347083260998291));
#4744=CARTESIAN_POINT('',(0.0759381787021392,0.0856000426579082,0.00336666594331624));
#4745=CARTESIAN_POINT('',(0.0773596993571404,0.0867556211802589,0.00326249927664957));
#4746=CARTESIAN_POINT('',(0.0790712200410643,0.086102337442199,0.00315833260998291));
#4747=CARTESIAN_POINT('',(0.0807827407249882,0.085449053704139,0.00305416594331624));
#4748=CARTESIAN_POINT('',(0.081072740753911,0.0836401914437284,0.00294999927664957));
#4749=CARTESIAN_POINT('',(0.0813627407828338,0.0818313291833178,0.00284583260998291));
#4750=CARTESIAN_POINT('',(0.0799412201278326,0.0806757506609671,0.00274166594331624));
#4751=CARTESIAN_POINT('',(0.0785196994728315,0.0795201721386165,0.00263749927664957));
#4752=CARTESIAN_POINT('',(0.0768081787889076,0.0801734558766764,0.00253333260998291));
#4753=CARTESIAN_POINT('',(0.0750966581049836,0.0808267396147363,0.00242916594331624));
#4754=CARTESIAN_POINT('',(0.0748066580760609,0.0826356018751469,0.00232499927664958));
#4755=CARTESIAN_POINT('',(0.0745166580471381,0.0844444641355575,0.00222083260998291));
#4756=CARTESIAN_POINT('',(0.0759381787021392,0.0856000426579082,0.00211666594331624));
#4757=CARTESIAN_POINT('',(0.0773596993571404,0.0867556211802589,0.00201249927664958));
#4758=CARTESIAN_POINT('',(0.0790712200410643,0.086102337442199,0.0019083326099829));
#4759=CARTESIAN_POINT('',(0.0807827407249882,0.085449053704139,0.00180416594331624));
#4760=CARTESIAN_POINT('',(0.081072740753911,0.0836401914437284,0.00169999927664957));
#4761=CARTESIAN_POINT('',(0.0809396994149859,0.0831378967074061,0.0113999992766496));
#4762=CARTESIAN_POINT('',(0.0809396994426805,0.0814058458998373,0.0112958326099829));
#4763=CARTESIAN_POINT('',(0.0794396994565278,0.0805398204720686,0.0111916659433162));
#4764=CARTESIAN_POINT('',(0.0779396994703751,0.0796737950442998,0.0110874992766496));
#4765=CARTESIAN_POINT('',(0.0764396994565278,0.0805398204241001,0.0109833326099829));
#4766=CARTESIAN_POINT('',(0.0749396994426805,0.0814058458039003,0.0108791659433162));
#4767=CARTESIAN_POINT('',(0.0749396994149859,0.0831378966114692,0.0107749992766496));
#4768=CARTESIAN_POINT('',(0.0749396993872913,0.084869947419038,0.0106708326099829));
#4769=CARTESIAN_POINT('',(0.076439699373444,0.0857359728468067,0.0105666659433162));
#4770=CARTESIAN_POINT('',(0.0779396993595967,0.0866019982745753,0.0104624992766496));
#4771=CARTESIAN_POINT('',(0.079439699373444,0.0857359728947752,0.0103583326099829));
#4772=CARTESIAN_POINT('',(0.0809396993872912,0.0848699475149749,0.0102541659433163));
#4773=CARTESIAN_POINT('',(0.0809396994149859,0.0831378967074061,0.0101499992766496));
#4774=CARTESIAN_POINT('',(0.0809396994426805,0.0814058458998373,0.0100458326099829));
#4775=CARTESIAN_POINT('',(0.0794396994565278,0.0805398204720686,0.00994166594331625));
#4776=CARTESIAN_POINT('',(0.0779396994703751,0.0796737950442998,0.00983749927664958));
#4777=CARTESIAN_POINT('',(0.0764396994565278,0.0805398204241001,0.00973333260998292));
#4778=CARTESIAN_POINT('',(0.0749396994426805,0.0814058458039003,0.00962916594331625));
#4779=CARTESIAN_POINT('',(0.0749396994149859,0.0831378966114692,0.00952499927664959));
#4780=CARTESIAN_POINT('',(0.0749396993872913,0.084869947419038,0.00942083260998291));
#4781=CARTESIAN_POINT('',(0.076439699373444,0.0857359728468067,0.00931666594331625));
#4782=CARTESIAN_POINT('',(0.0779396993595967,0.0866019982745753,0.00921249927664959));
#4783=CARTESIAN_POINT('',(0.079439699373444,0.0857359728947752,0.00910833260998292));
#4784=CARTESIAN_POINT('',(0.0809396993872912,0.0848699475149749,0.00900416594331625));
#4785=CARTESIAN_POINT('',(0.0809396994149859,0.0831378967074061,0.00889999927664959));
#4786=CARTESIAN_POINT('',(0.0809396994426805,0.0814058458998373,0.00879583260998292));
#4787=CARTESIAN_POINT('',(0.0794396994565278,0.0805398204720686,0.00869166594331625));
#4788=CARTESIAN_POINT('',(0.0793974406876999,0.0805154223596093,0.008688731306565));
#4789=CARTESIAN_POINT('',(0.0793544107926387,0.0804924115020536,0.00868574311938242));
#4790=CARTESIAN_POINT('',(0.081072740753911,0.0836401914437284,0.0116999992766496));
#4791=CARTESIAN_POINT('',(0.0813627407828337,0.0818313291833178,0.0115958326099829));
#4792=CARTESIAN_POINT('',(0.0799412201278326,0.0806757506609671,0.0114916659433162));
#4793=CARTESIAN_POINT('',(0.0785196994728315,0.0795201721386165,0.0113874992766496));
#4794=CARTESIAN_POINT('',(0.0768081787889076,0.0801734558766764,0.0112833326099829));
#4795=CARTESIAN_POINT('',(0.0750966581049836,0.0808267396147363,0.0111791659433162));
#4796=CARTESIAN_POINT('',(0.0748066580760609,0.082635601875147,0.0110749992766496));
#4797=CARTESIAN_POINT('',(0.0745166580471381,0.0844444641355575,0.0109708326099829));
#4798=CARTESIAN_POINT('',(0.0759381787021392,0.0856000426579082,0.0108666659433162));
#4799=CARTESIAN_POINT('',(0.0773596993571404,0.0867556211802589,0.0107624992766496));
#4800=CARTESIAN_POINT('',(0.0790712200410643,0.0861023374421989,0.0106583326099829));
#4801=CARTESIAN_POINT('',(0.0807827407249882,0.0854490537041389,0.0105541659433163));
#4802=CARTESIAN_POINT('',(0.081072740753911,0.0836401914437284,0.0104499992766496));
#4803=CARTESIAN_POINT('',(0.0813627407828337,0.0818313291833178,0.0103458326099829));
#4804=CARTESIAN_POINT('',(0.0799412201278326,0.0806757506609671,0.0102416659433162));
#4805=CARTESIAN_POINT('',(0.0785196994728315,0.0795201721386165,0.0101374992766496));
#4806=CARTESIAN_POINT('',(0.0768081787889076,0.0801734558766764,0.0100333326099829));
#4807=CARTESIAN_POINT('',(0.0750966581049836,0.0808267396147363,0.00992916594331624));
#4808=CARTESIAN_POINT('',(0.0748066580760609,0.082635601875147,0.00982499927664958));
#4809=CARTESIAN_POINT('',(0.0745166580471381,0.0844444641355575,0.00972083260998292));
#4810=CARTESIAN_POINT('',(0.0759381787021392,0.0856000426579082,0.00961666594331625));
#4811=CARTESIAN_POINT('',(0.0773596993571404,0.0867556211802589,0.00951249927664958));
#4812=CARTESIAN_POINT('',(0.0790712200410643,0.0861023374421989,0.00940833260998292));
#4813=CARTESIAN_POINT('',(0.0807827407249882,0.0854490537041389,0.00930416594331625));
#4814=CARTESIAN_POINT('',(0.081072740753911,0.0836401914437284,0.00919999927664958));
#4815=CARTESIAN_POINT('',(0.0813627407828337,0.0818313291833178,0.00909583260998291));
#4816=CARTESIAN_POINT('',(0.0799412201278326,0.0806757506609671,0.00899166594331625));
#4817=CARTESIAN_POINT('',(0.079901172318967,0.0806431951102409,0.008988731306565));
#4818=CARTESIAN_POINT('',(0.0798600869163662,0.0806119592242898,0.00898574311938242));
#4819=CARTESIAN_POINT('',(0.0800513922320856,0.0807695635899669,0.00900000000000006));
#4820=CARTESIAN_POINT('',(0.0805510018341792,0.0812572188855815,0.00900000000000006));
#4821=CARTESIAN_POINT('',(0.081196174191039,0.0825562831934825,0.00899999999999998));
#4822=CARTESIAN_POINT('',(0.0809254072156677,0.0839860128260365,0.00900000000000001));
#4823=CARTESIAN_POINT('',(0.0805672509082883,0.0845856442721257,0.00900000000000001));
#4824=CARTESIAN_POINT('',(0.0810062200844485,0.0833890440755672,0.0115499992766496));
#4825=CARTESIAN_POINT('',(0.0679396994149859,0.0181378966594376,0.018));
#4826=CARTESIAN_POINT('',(0.0679396994149859,-0.0338621033405624,0.012));
#4827=CARTESIAN_POINT('',(0.0679396994149859,-0.0338621033405624,0.043));
#4828=CARTESIAN_POINT('',(0.0679396994149859,-0.0338621033405624,0.013));
#4829=CARTESIAN_POINT('',(0.0679396994149859,0.0701378966594377,0.013));
#4830=CARTESIAN_POINT('',(0.0679396994149859,0.0701378966594377,0.013));
#4831=CARTESIAN_POINT('',(0.0679396994149859,0.0701378966594377,0.018));
#4832=CARTESIAN_POINT('',(0.0679396994149859,0.0701378966594377,0.043));
#4833=CARTESIAN_POINT('',(0.0679396994149859,0.0181378966594376,0.043));
#4834=CARTESIAN_POINT('',(0.0394396994149859,0.0731378966594377,0.018));
#4835=CARTESIAN_POINT('',(0.0309396994149859,0.0731378966594377,0.018));
#4836=CARTESIAN_POINT('',(0.0309396994149859,0.0731378966594377,0.024));
#4837=CARTESIAN_POINT('',(0.0309396994149859,0.0731378966594377,0.013));
#4838=CARTESIAN_POINT('',(0.0169396994149859,0.0731378966594377,0.013));
#4839=CARTESIAN_POINT('',(0.0169396994149859,0.0731378966594377,0.013));
#4840=CARTESIAN_POINT('',(0.0169396994149859,0.0731378966594377,0.018));
#4841=CARTESIAN_POINT('',(0.0169396994149859,0.0731378966594377,0.024));
#4842=CARTESIAN_POINT('',(0.0394396994149859,0.0731378966594377,0.024));
#4843=CARTESIAN_POINT('',(0.00593969941498591,0.0731378966594377,0.024));
#4844=CARTESIAN_POINT('',(0.00593969941498591,0.0731378966594377,0.018));
#4845=CARTESIAN_POINT('',(0.00593969941498591,0.0731378966594377,0.013));
#4846=CARTESIAN_POINT('',(-0.0900603005850141,0.0731378966594377,0.013));
#4847=CARTESIAN_POINT('',(-0.0900603005850141,0.0731378966594377,0.013));
#4848=CARTESIAN_POINT('',(-0.0900603005850141,0.0731378966594377,0.018));
#4849=CARTESIAN_POINT('',(-0.0900603005850141,0.0731378966594377,0.017));
#4850=CARTESIAN_POINT('',(0.0394396994149859,0.0731378966594377,0.017));
#4851=CARTESIAN_POINT('',(-0.00906030058501409,0.0731378966594377,0.017));
#4852=CARTESIAN_POINT('',(-0.00906030058501409,0.0731378966594377,0.046));
#4853=CARTESIAN_POINT('',(-0.00906030058501409,0.0731378966594377,0.043));
#4854=CARTESIAN_POINT('',(0.0394396994149859,0.0731378966594377,0.043));
#4855=CARTESIAN_POINT('',(0.0649396994149859,0.0731378966594377,0.043));
#4856=CARTESIAN_POINT('',(0.0649396994149859,0.0731378966594377,0.018));
#4857=CARTESIAN_POINT('',(0.0649396994149859,0.0731378966594377,0.013));
#4858=CARTESIAN_POINT('',(0.0479396994149859,0.0731378966594377,0.013));
#4859=CARTESIAN_POINT('',(0.0489396994149859,0.0731378966594377,0.013));
#4860=CARTESIAN_POINT('',(0.0479396994149859,0.0731378966594377,0.012));
#4861=CARTESIAN_POINT('',(0.0469396994149859,0.0731378966594377,0.011));
#4862=CARTESIAN_POINT('',(0.0469396994149859,0.0731378966594377,0.013));
#4863=CARTESIAN_POINT('',(0.0469396994149859,0.0731378966594377,0.024));
#4864=CARTESIAN_POINT('',(0.0394396994149859,0.0731378966594377,0.024));
#4865=CARTESIAN_POINT('',(0.0319396994149859,-0.0368621033405623,0.018));
#4866=CARTESIAN_POINT('',(-0.0900603005850141,-0.0368621033405623,0.018));
#4867=CARTESIAN_POINT('',(-0.0900603005850141,-0.0368621033405623,0.017));
#4868=CARTESIAN_POINT('',(-0.0900603005850141,-0.0368621033405623,0.013));
#4869=CARTESIAN_POINT('',(0.0319396994149859,-0.0368621033405623,0.013));
#4870=CARTESIAN_POINT('',(-0.0460603005850141,-0.0368621033405623,0.013));
#4871=CARTESIAN_POINT('',(-0.0460603005850141,-0.0368621033405623,0.018));
#4872=CARTESIAN_POINT('',(-0.0460603005850141,-0.0368621033405623,0.017));
#4873=CARTESIAN_POINT('',(-0.0900603005850141,-0.0368621033405623,0.017));
#4874=CARTESIAN_POINT('',(0.0319396994149859,-0.0368621033405623,0.018));
#4875=CARTESIAN_POINT('',(-0.00106030058501409,-0.0368621033405623,0.018));
#4876=CARTESIAN_POINT('',(-0.00106030058501409,-0.0368621033405623,0.043));
#4877=CARTESIAN_POINT('',(-0.00106030058501409,-0.0368621033405623,0.013));
#4878=CARTESIAN_POINT('',(0.0319396994149859,-0.0368621033405623,0.013));
#4879=CARTESIAN_POINT('',(0.0649396994149859,-0.0368621033405623,0.013));
#4880=CARTESIAN_POINT('',(0.0649396994149859,-0.0368621033405623,0.046));
#4881=CARTESIAN_POINT('',(0.0649396994149859,-0.0368621033405623,0.043));
#4882=CARTESIAN_POINT('',(-0.00406030058501409,-0.0368621033405623,0.043));
#4883=CARTESIAN_POINT('',(0.0209396994149859,-0.0128621033405623,0.01));
#4884=CARTESIAN_POINT('',(0.0209396994149859,-0.0338621033405624,0.01));
#4885=CARTESIAN_POINT('',(-0.00106030058501409,-0.0338621033405624,0.01));
#4886=CARTESIAN_POINT('',(-0.00306030058501409,-0.0338621033405624,0.01));
#4887=CARTESIAN_POINT('',(-0.00306030058501409,-0.0128621033405623,0.01));
#4888=CARTESIAN_POINT('',(-0.00306030058501409,-0.0168621033405623,0.01));
#4889=CARTESIAN_POINT('',(-0.00106030058501409,-0.0168621033405623,0.01));
#4890=CARTESIAN_POINT('',(-0.00106030058501409,-0.0168621033405623,0.01));
#4891=CARTESIAN_POINT('',(-0.00106030058501409,-0.0183621033405624,0.01));
#4892=CARTESIAN_POINT('',(-0.00106030058501409,-0.0183621033405624,0.018));
#4893=CARTESIAN_POINT('',(-0.00106030058501409,-0.0136121033405623,0.01325));
#4894=CARTESIAN_POINT('',(-0.00106030058501409,-0.0158621033405623,0.011));
#4895=CARTESIAN_POINT('',(-0.00106030058501409,-0.0158621033405623,0.018));
#4896=CARTESIAN_POINT('',(-0.00106030058501409,-0.0158621033405623,0.013));
#4897=CARTESIAN_POINT('',(-0.00106030058501409,-0.0183621033405624,0.013));
#4898=CARTESIAN_POINT('',(-0.00106030058501409,-0.00986210334056235,0.013));
#4899=CARTESIAN_POINT('',(-0.00106030058501409,-0.00986210334056235,0.018));
#4900=CARTESIAN_POINT('',(-0.00106030058501409,-0.00986210334056235,0.011));
#4901=CARTESIAN_POINT('',(-0.00106030058501409,-0.0176121033405623,0.01875));
#4902=CARTESIAN_POINT('',(-0.00106030058501409,-0.00886210334056235,0.01));
#4903=CARTESIAN_POINT('',(-0.00106030058501409,-0.0183621033405624,0.01));
#4904=CARTESIAN_POINT('',(-0.00106030058501409,0.00213789665943766,0.01));
#4905=CARTESIAN_POINT('',(-0.00106030058501409,-0.00411210334056233,0.00375));
#4906=CARTESIAN_POINT('',(-0.00106030058501409,0.00313789665943765,0.011));
#4907=CARTESIAN_POINT('',(-0.00106030058501409,0.00313789665943765,0.018));
#4908=CARTESIAN_POINT('',(-0.00106030058501409,0.00313789665943765,0.043));
#4909=CARTESIAN_POINT('',(-0.00106030058501409,-0.0183621033405624,0.043));
#4910=CARTESIAN_POINT('',(-0.00106030058501409,-0.0338621033405624,0.043));
#4911=CARTESIAN_POINT('',(-0.00106030058501409,-0.0338621033405624,0.018));
#4912=CARTESIAN_POINT('',(-0.0250603005850141,0.00313789665943765,0.018));
#4913=CARTESIAN_POINT('',(-0.00406030058501409,0.00313789665943765,0.011));
#4914=CARTESIAN_POINT('',(-0.00406030058501409,0.00313789665943765,0.011));
#4915=CARTESIAN_POINT('',(-0.00406030058501409,0.00313789665943765,0.018));
#4916=CARTESIAN_POINT('',(-0.00406030058501409,0.00313789665943765,0.013));
#4917=CARTESIAN_POINT('',(-0.0250603005850141,0.00313789665943765,0.013));
#4918=CARTESIAN_POINT('',(-0.0420603005850141,0.00313789665943765,0.013));
#4919=CARTESIAN_POINT('',(-0.0420603005850141,0.00313789665943765,0.018));
#4920=CARTESIAN_POINT('',(-0.0420603005850141,0.00313789665943765,0.015));
#4921=CARTESIAN_POINT('',(-0.0250603005850141,0.00313789665943765,0.015));
#4922=CARTESIAN_POINT('',(-0.00906030058501408,0.00313789665943765,0.015));
#4923=CARTESIAN_POINT('',(-0.00906030058501408,0.00313789665943765,0.018));
#4924=CARTESIAN_POINT('',(-0.00906030058501408,0.00313789665943765,0.043));
#4925=CARTESIAN_POINT('',(-0.0250603005850141,0.00313789665943765,0.043));
#4926=CARTESIAN_POINT('',(-0.00406030058501409,-0.0183621033405624,0.018));
#4927=CARTESIAN_POINT('',(-0.00406030058501409,-0.0158621033405623,0.0115));
#4928=CARTESIAN_POINT('',(-0.00406030058501409,-0.0158621033405623,0.013));
#4929=CARTESIAN_POINT('',(-0.00406030058501409,-0.0158621033405623,0.011));
#4930=CARTESIAN_POINT('',(-0.00406030058501409,-0.0183621033405624,0.011));
#4931=CARTESIAN_POINT('',(-0.00406030058501409,-0.0338621033405624,0.011));
#4932=CARTESIAN_POINT('',(-0.00406030058501409,-0.0338621033405624,0.0095));
#4933=CARTESIAN_POINT('',(-0.00406030058501409,-0.0338621033405624,0.009));
#4934=CARTESIAN_POINT('',(-0.00406030058501409,-0.0183621033405624,0.009));
#4935=CARTESIAN_POINT('',(-0.00406030058501409,-0.0568621033405624,0.009));
#4936=CARTESIAN_POINT('',(-0.00406030058501409,-0.0538621033405624,0.009));
#4937=CARTESIAN_POINT('',(-0.00406030058501409,-0.0538621033405624,0.012));
#4938=CARTESIAN_POINT('',(-0.00406030058501409,-0.0568621033405624,0.012));
#4939=CARTESIAN_POINT('',(-0.00406030058501409,-0.036507854651627,0.012));
#4940=CARTESIAN_POINT('',(-0.00406030058501409,-0.036507854651627,0.012));
#4941=CARTESIAN_POINT('',(-0.00406030058501409,-0.0360250221879661,0.012));
#4942=CARTESIAN_POINT('',(-0.00406030058501409,-0.0350973821599521,0.0122862076013578));
#4943=CARTESIAN_POINT('',(-0.00406030058501409,-0.0342746380715899,0.0127618241528623));
#4944=CARTESIAN_POINT('',(-0.00406030058501409,-0.0338621033405624,0.013));
#4945=CARTESIAN_POINT('',(-0.00406030058501409,-0.0338621033405624,0.013));
#4946=CARTESIAN_POINT('',(-0.00406030058501409,-0.0338621033405624,0.018));
#4947=CARTESIAN_POINT('',(-0.00406030058501409,-0.0338621033405624,0.043));
#4948=CARTESIAN_POINT('',(-0.00406030058501409,0.000137896659437652,0.043));
#4949=CARTESIAN_POINT('',(-0.00406030058501409,-0.000862103340562349,0.043));
#4950=CARTESIAN_POINT('',(-0.00406030058501409,-0.000862103340562349,0.012));
#4951=CARTESIAN_POINT('',(-0.00406030058501409,-0.000862103340562349,0.013));
#4952=CARTESIAN_POINT('',(-0.00406030058501409,-0.000862103340562349,0.013));
#4953=CARTESIAN_POINT('',(-0.00406030058501409,-0.000517426592989878,0.013));
#4954=CARTESIAN_POINT('',(-0.00406030058501409,9.51999513451141E-5,0.012652621533238));
#4955=CARTESIAN_POINT('',(-0.00406030058501409,0.000613149281663447,0.0122223937521529));
#4956=CARTESIAN_POINT('',(-0.00406030058501409,0.00086994746700653,0.012));
#4957=CARTESIAN_POINT('',(-0.00406030058501409,0.00086994746700653,0.012));
#4958=CARTESIAN_POINT('',(-0.00406030058501409,0.0251378966594377,0.012));
#4959=CARTESIAN_POINT('',(-0.00406030058501409,0.00213789665943765,0.012));
#4960=CARTESIAN_POINT('',(-0.00406030058501409,-0.00511210334056233,0.00475));
#4961=CARTESIAN_POINT('',(-0.00406030058501409,-0.0183621033405624,0.011));
#4962=CARTESIAN_POINT('',(-0.00406030058501409,-0.00986210334056235,0.011));
#4963=CARTESIAN_POINT('',(-0.00406030058501409,-0.00986210334056235,0.0115));
#4964=CARTESIAN_POINT('',(-0.00406030058501409,-0.00986210334056235,0.013));
#4965=CARTESIAN_POINT('',(-0.00406030058501409,-0.0128621033405623,0.013));
#4966=CARTESIAN_POINT('',(-0.0460603005850141,-0.0193621033405623,0.018));
#4967=CARTESIAN_POINT('',(-0.0460603005850141,-0.0193621033405623,0.009));
#4968=CARTESIAN_POINT('',(-0.0460603005850141,-0.0348621033405624,0.009));
#4969=CARTESIAN_POINT('',(-0.0460603005850141,-0.0568621033405624,0.009));
#4970=CARTESIAN_POINT('',(-0.0460603005850141,-0.0348621033405624,0.018));
#4971=CARTESIAN_POINT('',(-0.0460603005850141,-0.0348621033405624,0.013));
#4972=CARTESIAN_POINT('',(-0.0460603005850141,-0.0193621033405623,0.013));
#4973=CARTESIAN_POINT('',(-0.0460603005850141,0.00313789665943765,0.013));
#4974=CARTESIAN_POINT('',(-0.0460603005850141,0.00313789665943765,0.018));
#4975=CARTESIAN_POINT('',(-0.0460603005850141,0.00313789665943765,0.015));
#4976=CARTESIAN_POINT('',(-0.0460603005850141,0.0251378966594377,0.015));
#4977=CARTESIAN_POINT('',(-0.0460603005850141,0.000137896659437649,0.015));
#4978=CARTESIAN_POINT('',(-0.0460603005850141,0.000137896659437649,0.018));
#4979=CARTESIAN_POINT('',(-0.0460603005850141,0.000137896659437649,0.017));
#4980=CARTESIAN_POINT('',(-0.0460603005850141,-0.0193621033405623,0.017));
#4981=CARTESIAN_POINT('',(-0.0460603005850141,-0.0378621033405624,0.013));
#4982=CARTESIAN_POINT('',(-0.0460603005850141,-0.0378621033405624,0.012));
#4983=CARTESIAN_POINT('',(-0.0460603005850141,-0.0568621033405624,0.012));
#4984=CARTESIAN_POINT('',(-0.0460603005850141,-0.0538621033405624,0.012));
#4985=CARTESIAN_POINT('',(-0.0460603005850141,-0.0538621033405624,0.009));
#4986=CARTESIAN_POINT('',(-0.0490603005850141,-0.0193621033405623,0.018));
#4987=CARTESIAN_POINT('',(-0.0490603005850141,0.00313789665943765,0.018));
#4988=CARTESIAN_POINT('',(-0.0490603005850141,0.00313789665943765,0.015));
#4989=CARTESIAN_POINT('',(-0.0490603005850141,0.00313789665943765,0.013));
#4990=CARTESIAN_POINT('',(-0.0490603005850141,-0.0338621033405624,0.013));
#4991=CARTESIAN_POINT('',(-0.0490603005850141,-0.0338621033405624,0.013));
#4992=CARTESIAN_POINT('',(-0.0490603005850141,-0.0338621033405624,0.018));
#4993=CARTESIAN_POINT('',(-0.0490603005850141,-0.0338621033405624,0.015));
#4994=CARTESIAN_POINT('',(-0.0490603005850141,-0.0193621033405623,0.015));
#4995=CARTESIAN_POINT('',(-0.0250603005850141,0.00013789665943765,0.018));
#4996=CARTESIAN_POINT('',(-0.0420603005850141,0.000137896659437649,0.0135));
#4997=CARTESIAN_POINT('',(-0.0420603005850141,0.000137896659437649,0.015));
#4998=CARTESIAN_POINT('',(-0.0420603005850141,0.000137896659437649,0.013));
#4999=CARTESIAN_POINT('',(-0.00506030058501409,0.000137896659437651,0.013));
#5000=CARTESIAN_POINT('',(-0.00506030058501409,0.000137896659437651,0.013));
#5001=CARTESIAN_POINT('',(-0.00506030058501409,0.000137896659437651,0.043));
#5002=CARTESIAN_POINT('',(-0.00506030058501409,0.000137896659437651,0.043));
#5003=CARTESIAN_POINT('',(-0.0120603005850141,0.000137896659437651,0.043));
#5004=CARTESIAN_POINT('',(-0.00906030058501408,0.000137896659437651,0.043));
#5005=CARTESIAN_POINT('',(-0.00906030058501408,0.000137896659437651,0.018));
#5006=CARTESIAN_POINT('',(-0.00906030058501408,0.000137896659437651,0.017));
#5007=CARTESIAN_POINT('',(-0.0460603005850141,0.000137896659437649,0.017));
#5008=CARTESIAN_POINT('',(-0.0440603005850141,0.000137896659437649,0.015));
#5009=CARTESIAN_POINT('',(-0.0645603005850141,0.0701378966594377,0.018));
#5010=CARTESIAN_POINT('',(-0.0420603005850141,0.0701378966594377,0.018));
#5011=CARTESIAN_POINT('',(-0.0420603005850141,0.0701378966594377,0.017));
#5012=CARTESIAN_POINT('',(-0.0420603005850141,0.0701378966594377,0.015));
#5013=CARTESIAN_POINT('',(-0.0870603005850141,0.0701378966594377,0.017));
#5014=CARTESIAN_POINT('',(-0.0870603005850141,0.0701378966594377,0.017));
#5015=CARTESIAN_POINT('',(-0.0870603005850141,0.0701378966594377,0.018));
#5016=CARTESIAN_POINT('',(-0.0870603005850141,0.0701378966594377,0.009));
#5017=CARTESIAN_POINT('',(-0.0645603005850141,0.0701378966594377,0.009));
#5018=CARTESIAN_POINT('',(0.0069396994149859,0.0701378966594377,0.009));
#5019=CARTESIAN_POINT('',(0.0069396994149859,0.0701378966594377,0.018));
#5020=CARTESIAN_POINT('',(0.00693969941498591,0.0701378966594377,0.023));
#5021=CARTESIAN_POINT('',(-0.0645603005850141,0.0701378966594377,0.023));
#5022=CARTESIAN_POINT('',(0.0159396994149859,0.0701378966594377,0.023));
#5023=CARTESIAN_POINT('',(0.0159396994149859,0.0701378966594377,0.018));
#5024=CARTESIAN_POINT('',(0.0159396994149859,0.0701378966594377,0.009));
#5025=CARTESIAN_POINT('',(-0.0645603005850141,0.0701378966594377,0.009));
#5026=CARTESIAN_POINT('',(0.0319396994149859,0.0701378966594377,0.009));
#5027=CARTESIAN_POINT('',(0.0319396994149859,0.0701378966594377,0.018));
#5028=CARTESIAN_POINT('',(0.0319396994149859,0.0701378966594377,0.023));
#5029=CARTESIAN_POINT('',(-0.0645603005850141,0.0701378966594377,0.023));
#5030=CARTESIAN_POINT('',(0.0479396994149859,0.0701378966594377,0.023));
#5031=CARTESIAN_POINT('',(0.0479396994149859,0.0701378966594377,0.009));
#5032=CARTESIAN_POINT('',(0.0479396994149859,0.0701378966594377,0.009));
#5033=CARTESIAN_POINT('',(-0.0645603005850141,0.0701378966594377,0.009));
#5034=CARTESIAN_POINT('',(0.0649396994149859,0.0701378966594377,0.009));
#5035=CARTESIAN_POINT('',(0.0649396994149859,0.0701378966594377,0.018));
#5036=CARTESIAN_POINT('',(0.0649396994149859,0.0701378966594377,0.043));
#5037=CARTESIAN_POINT('',(0.0394396994149859,0.0701378966594377,0.043));
#5038=CARTESIAN_POINT('',(-0.00906030058501409,0.0701378966594377,0.043));
#5039=CARTESIAN_POINT('',(-0.00906030058501409,0.0701378966594377,0.018));
#5040=CARTESIAN_POINT('',(-0.00906030058501409,0.0701378966594377,0.015));
#5041=CARTESIAN_POINT('',(0.0394396994149859,0.0701378966594377,0.015));
#5042=CARTESIAN_POINT('',(-0.0870603005850141,0.0471378966594377,0.018));
#5043=CARTESIAN_POINT('',(-0.0870603005850141,0.0471378966594377,0.017));
#5044=CARTESIAN_POINT('',(-0.0870603005850141,0.0241378966594376,0.017));
#5045=CARTESIAN_POINT('',(-0.0870603005850141,0.0241378966594376,0.018));
#5046=CARTESIAN_POINT('',(-0.0870603005850141,0.0241378966594376,0.015));
#5047=CARTESIAN_POINT('',(-0.0870603005850141,0.0181378966594376,0.015));
#5048=CARTESIAN_POINT('',(-0.0870603005850141,-0.0338621033405624,0.015));
#5049=CARTESIAN_POINT('',(-0.0870603005850141,-0.0338621033405624,0.018));
#5050=CARTESIAN_POINT('',(-0.0870603005850141,-0.0338621033405624,0.009));
#5051=CARTESIAN_POINT('',(-0.0870603005850141,0.0471378966594377,0.009));
#5052=CARTESIAN_POINT('',(-0.0420603005850141,0.0471378966594377,0.018));
#5053=CARTESIAN_POINT('',(-0.0420603005850141,0.0241378966594376,0.018));
#5054=CARTESIAN_POINT('',(-0.0420603005850141,0.0241378966594376,0.017));
#5055=CARTESIAN_POINT('',(-0.0420603005850141,0.0241378966594376,0.015));
#5056=CARTESIAN_POINT('',(-0.0420603005850141,0.0701378966594377,0.017));
#5057=CARTESIAN_POINT('',(-0.0420603005850141,0.0471378966594377,0.015));
#5058=CARTESIAN_POINT('',(-0.0900603005850141,0.0181378966594376,0.018));
#5059=CARTESIAN_POINT('',(-0.0900603005850141,0.0181378966594376,0.013));
#5060=CARTESIAN_POINT('',(-0.0900603005850141,0.0731378966594377,0.017));
#5061=CARTESIAN_POINT('',(-0.0645603005850141,0.0241378966594376,0.018));
#5062=CARTESIAN_POINT('',(-0.0645603005850141,0.0241378966594376,0.017));
#5063=CARTESIAN_POINT('',(-0.0645603005850141,0.0241378966594376,0.015));
#5064=CARTESIAN_POINT('',(-0.0110603005850141,0.0282624670875389,0.018));
#5065=CARTESIAN_POINT('',(-0.0410603005850141,0.0241378966594376,0.018));
#5066=CARTESIAN_POINT('',(-0.0410603005850141,0.0711378966594377,0.018));
#5067=CARTESIAN_POINT('',(-0.0410603005850141,0.0231378966594376,0.018));
#5068=CARTESIAN_POINT('',(-0.0110603005850141,0.0231378966594376,0.018));
#5069=CARTESIAN_POINT('',(-0.0880603005850141,0.0231378966594376,0.018));
#5070=CARTESIAN_POINT('',(-0.0880603005850141,0.0282624670875389,0.018));
#5071=CARTESIAN_POINT('',(-0.0880603005850141,0.0711378966594377,0.018));
#5072=CARTESIAN_POINT('',(-0.0420603005850141,0.0711378966594377,0.018));
#5073=CARTESIAN_POINT('',(-0.0470603005850141,0.0282624670875389,0.018));
#5074=CARTESIAN_POINT('',(-0.0470603005850141,-0.0358621033405624,0.018));
#5075=CARTESIAN_POINT('',(-0.0470603005850141,0.00113789665943765,0.018));
#5076=CARTESIAN_POINT('',(-0.00906030058501408,0.00113789665943765,0.018));
#5077=CARTESIAN_POINT('',(-0.0112963685625139,0.00113789665943765,0.018));
#5078=CARTESIAN_POINT('',(-0.00906030058501408,0.00313789665943765,0.018));
#5079=CARTESIAN_POINT('',(-0.0120603005850141,0.00313789665943765,0.018));
#5080=CARTESIAN_POINT('',(-0.0120603005850141,0.0366378966594376,0.018));
#5081=CARTESIAN_POINT('',(-0.0120603005850141,0.0701378966594377,0.018));
#5082=CARTESIAN_POINT('',(-0.00906030058501409,0.0701378966594377,0.018));
#5083=CARTESIAN_POINT('',(-0.0112963685625139,0.0721378966594377,0.018));
#5084=CARTESIAN_POINT('',(-0.0110603005850141,0.0721378966594377,0.018));
#5085=CARTESIAN_POINT('',(-0.0890603005850141,0.0721378966594377,0.018));
#5086=CARTESIAN_POINT('',(-0.0890603005850141,-0.0368621033405623,0.018));
#5087=CARTESIAN_POINT('',(-0.0890603005850141,-0.0358621033405624,0.018));
#5088=CARTESIAN_POINT('',(-0.0460603005850141,-0.0358621033405624,0.018));
#5089=CARTESIAN_POINT('',(-0.0120603005850141,0.0366378966594376,0.046));
#5090=CARTESIAN_POINT('',(-0.0120603005850141,0.0731378966594377,0.043));
#5091=CARTESIAN_POINT('',(-0.0120603005850141,0.00313789665943765,0.043));
#5092=CARTESIAN_POINT('',(-0.0120603005850141,0.0701378966594377,0.043));
#5093=CARTESIAN_POINT('',(-0.0120603005850141,0.0701378966594377,0.018));
#5094=CARTESIAN_POINT('',(-0.0120603005850141,0.00313789665943765,0.046));
#5095=CARTESIAN_POINT('',(-0.0110603005850141,0.0181378966594376,0.046));
#5096=CARTESIAN_POINT('',(-0.00106030058501409,-0.0368621033405623,0.046));
#5097=CARTESIAN_POINT('',(-0.00106030058501409,0.00313789665943765,0.046));
#5098=CARTESIAN_POINT('',(-0.00106030058501409,-0.0338621033405624,0.046));
#5099=CARTESIAN_POINT('',(0.0679396994149859,-0.0338621033405624,0.046));
#5100=CARTESIAN_POINT('',(0.0649396994149859,-0.0338621033405624,0.046));
#5101=CARTESIAN_POINT('',(0.0649396994149859,0.0181378966594376,0.046));
#5102=CARTESIAN_POINT('',(0.0649396994149859,0.0701378966594377,0.046));
#5103=CARTESIAN_POINT('',(-0.0110603005850141,0.0701378966594377,0.046));
#5104=CARTESIAN_POINT('',(-0.00906030058501409,0.0701378966594377,0.046));
#5105=CARTESIAN_POINT('',(-0.00906030058501408,0.000137896659437652,0.046));
#5106=CARTESIAN_POINT('',(-0.00906030058501408,0.00313789665943765,0.046));
#5107=CARTESIAN_POINT('',(-0.00406030058501409,0.00313789665943765,0.046));
#5108=CARTESIAN_POINT('',(-0.0680603005850141,-0.0338621033405624,0.018));
#5109=CARTESIAN_POINT('',(-0.0710603005850141,-0.0338621033405624,0.012));
#5110=CARTESIAN_POINT('',(-0.0480603005850141,-0.0338621033405624,0.012));
#5111=CARTESIAN_POINT('',(-0.0470603005850141,-0.0338621033405624,0.012));
#5112=CARTESIAN_POINT('',(-0.0470603005850141,-0.0338621033405624,0.018));
#5113=CARTESIAN_POINT('',(-0.0470603005850141,-0.0338621033405624,0.009));
#5114=CARTESIAN_POINT('',(-0.0680603005850141,-0.0338621033405624,0.009));
#5115=CARTESIAN_POINT('',(-0.0680603005850141,-0.0338621033405624,0.015));
#5116=CARTESIAN_POINT('',(-0.0480603005850141,-0.0338621033405624,0.012));
#5117=CARTESIAN_POINT('',(-0.0250603005850141,0.00313789665943765,0.018));
#5118=CARTESIAN_POINT('',(-0.0250603005850141,0.00313789665943765,0.013));
#5119=CARTESIAN_POINT('',(-0.0250603005850141,0.00313789665943765,0.015));
#5120=CARTESIAN_POINT('',(0.0319396994149859,-0.0338621033405624,0.018));
#5121=CARTESIAN_POINT('',(0.0649396994149859,-0.0338621033405624,0.018));
#5122=CARTESIAN_POINT('',(0.0649396994149859,-0.0338621033405624,0.043));
#5123=CARTESIAN_POINT('',(0.0649396994149859,-0.0338621033405624,0.009));
#5124=CARTESIAN_POINT('',(0.0319396994149859,-0.0338621033405624,0.009));
#5125=CARTESIAN_POINT('',(-0.00306030058501409,-0.0338621033405624,0.01));
#5126=CARTESIAN_POINT('',(0.0319396994149859,-0.0338621033405624,0.043));
#5127=CARTESIAN_POINT('',(0.0649396994149859,0.0181378966594376,0.018));
#5128=CARTESIAN_POINT('',(0.0649396994149859,0.0181378966594376,0.009));
#5129=CARTESIAN_POINT('',(0.0649396994149859,0.0181378966594376,0.043));
#5130=CARTESIAN_POINT('',(-0.0110603005850141,0.0282624670875389,0.015));
#5131=CARTESIAN_POINT('',(-0.00906030058501409,0.0366378966594376,0.015));
#5132=CARTESIAN_POINT('',(-0.0420603005850141,0.0251378966594377,0.015));
#5133=CARTESIAN_POINT('',(-0.00906030058501409,0.0366378966594376,0.046));
#5134=CARTESIAN_POINT('',(-0.00906030058501409,0.0366378966594376,0.043));
#5135=CARTESIAN_POINT('',(-0.0110603005850141,0.0181378966594376,0.043));
#5136=CARTESIAN_POINT('',(0.0209396994149859,-0.0128621033405623,0.01));
#5137=CARTESIAN_POINT('',(-0.00406030058501409,-0.00886210334056235,0.01));
#5138=CARTESIAN_POINT('',(-0.00306030058501409,-0.00886210334056235,0.01));
#5139=CARTESIAN_POINT('',(-0.00306030058501409,-0.0128621033405623,0.01));
#5140=CARTESIAN_POINT('',(-0.00306030058501409,0.00213789665943766,0.01));
#5141=CARTESIAN_POINT('',(-0.00106030058501409,0.00213789665943766,0.01));
#5142=CARTESIAN_POINT('',(0.00693969941498591,0.0481378966594377,0.013));
#5143=CARTESIAN_POINT('',(0.00693969941498591,0.0481378966594377,0.009));
#5144=CARTESIAN_POINT('',(0.00693969941498591,0.0921378966594377,0.009));
#5145=CARTESIAN_POINT('',(0.00693969941498591,0.0901378966594377,0.009));
#5146=CARTESIAN_POINT('',(0.00693969941498591,0.0901378966594377,0.011));
#5147=CARTESIAN_POINT('',(0.00693969941498591,0.0481378966594377,0.011));
#5148=CARTESIAN_POINT('',(0.00693969941498591,0.0721378966594377,0.011));
#5149=CARTESIAN_POINT('',(0.00693969941498591,0.0721378966594377,0.013));
#5150=CARTESIAN_POINT('',(0.00693969941498591,0.0721378966594377,0.023));
#5151=CARTESIAN_POINT('',(0.00693969941498591,0.0481378966594377,0.023));
#5152=CARTESIAN_POINT('',(0.0114396994149859,0.0481378966594377,0.023));
#5153=CARTESIAN_POINT('',(0.0114396994149859,0.0721378966594377,0.023));
#5154=CARTESIAN_POINT('',(0.0159396994149859,0.0721378966594377,0.023));
#5155=CARTESIAN_POINT('',(0.0159396994149859,0.0481378966594377,0.023));
#5156=CARTESIAN_POINT('',(0.0159396994149859,0.0481378966594377,0.013));
#5157=CARTESIAN_POINT('',(0.0159396994149859,0.0721378966594377,0.013));
#5158=CARTESIAN_POINT('',(0.0159396994149859,0.0721378966594377,0.011));
#5159=CARTESIAN_POINT('',(0.0159396994149859,0.0481378966594377,0.011));
#5160=CARTESIAN_POINT('',(0.0159396994149859,0.0481378966594377,0.009));
#5161=CARTESIAN_POINT('',(0.0469396994149859,0.0481378966594377,0.013));
#5162=CARTESIAN_POINT('',(0.0469396994149859,0.0481378966594377,0.011));
#5163=CARTESIAN_POINT('',(0.0469396994149859,0.0901378966594377,0.011));
#5164=CARTESIAN_POINT('',(0.0469396994149859,0.0901378966594377,0.009));
#5165=CARTESIAN_POINT('',(0.0469396994149859,0.0921378966594377,0.009));
#5166=CARTESIAN_POINT('',(0.0469396994149859,0.0481378966594377,0.009));
#5167=CARTESIAN_POINT('',(0.0469396994149859,0.0711378966594377,0.009));
#5168=CARTESIAN_POINT('',(0.0469396994149859,0.0711378966594377,0.023));
#5169=CARTESIAN_POINT('',(0.0469396994149859,0.0711378966594377,0.023));
#5170=CARTESIAN_POINT('',(0.0469396994149859,0.0481378966594377,0.023));
#5171=CARTESIAN_POINT('',(0.0469396994149859,0.0721378966594377,0.023));
#5172=CARTESIAN_POINT('',(0.0469396994149859,0.0731378966594377,0.024));
#5173=CARTESIAN_POINT('',(0.0319396994149859,0.0481378966594377,0.013));
#5174=CARTESIAN_POINT('',(0.0319396994149859,0.0481378966594377,0.011));
#5175=CARTESIAN_POINT('',(0.0319396994149859,0.0721378966594377,0.011));
#5176=CARTESIAN_POINT('',(0.0319396994149859,0.0721378966594377,0.013));
#5177=CARTESIAN_POINT('',(0.0319396994149859,0.0721378966594377,0.023));
#5178=CARTESIAN_POINT('',(0.0319396994149859,0.0481378966594377,0.023));
#5179=CARTESIAN_POINT('',(0.0319396994149859,0.0481378966594377,0.009));
#5180=CARTESIAN_POINT('',(0.0394396994149859,0.0481378966594377,0.023));
#5181=CARTESIAN_POINT('',(0.0394396994149859,0.0721378966594377,0.023));
#5182=CARTESIAN_POINT('',(0.0469396994149859,0.0711378966594377,0.023));
#5183=CARTESIAN_POINT('',(-0.0420603005850141,0.0251378966594377,0.0135));
#5184=CARTESIAN_POINT('',(-0.0420603005850141,0.0251378966594377,0.013));
#5185=CARTESIAN_POINT('',(-0.0230603005850141,0.0251378966594377,0.012));
#5186=CARTESIAN_POINT('',(-0.00506030058501409,-0.000862103340562349,0.012));
#5187=CARTESIAN_POINT('',(-0.00506030058501409,0.00113789665943765,0.012));
#5188=CARTESIAN_POINT('',(-0.0420603005850141,0.00113789665943765,0.012));
#5189=CARTESIAN_POINT('',(-0.0410603005850141,0.00113789665943765,0.012));
#5190=CARTESIAN_POINT('',(-0.0410603005850141,0.0251378966594377,0.012));
#5191=CARTESIAN_POINT('',(-0.0410603005850141,0.00213789665943765,0.012));
#5192=CARTESIAN_POINT('',(-0.0230603005850141,0.00213789665943765,0.012));
#5193=CARTESIAN_POINT('',(-0.0710603005850141,-0.0153621033405624,0.012));
#5194=CARTESIAN_POINT('',(-0.0710603005850141,0.00213789665943765,0.012));
#5195=CARTESIAN_POINT('',(-0.0480603005850141,0.00213789665943765,0.012));
#5196=CARTESIAN_POINT('',(-0.0470603005850141,0.00213789665943765,0.012));
#5197=CARTESIAN_POINT('',(-0.0470603005850141,-0.0153621033405624,0.012));
#5198=CARTESIAN_POINT('',(-0.0480603005850141,0.00313789665943765,0.012));
#5199=CARTESIAN_POINT('',(0.0209396994149859,-0.00986210334056235,0.0115));
#5200=CARTESIAN_POINT('',(-0.00106030058501409,-0.00986210334056235,0.011));
#5201=CARTESIAN_POINT('',(0.0209396994149859,-0.00986210334056235,0.013));
#5202=CARTESIAN_POINT('',(0.0209396994149859,-0.0158621033405623,0.0115));
#5203=CARTESIAN_POINT('',(-0.00406030058501409,-0.0158621033405623,0.011));
#5204=CARTESIAN_POINT('',(0.0209396994149859,-0.0158621033405623,0.013));
#5205=CARTESIAN_POINT('',(0.0209396994149859,-0.0128621033405623,0.013));
#5206=CARTESIAN_POINT('',(0.031939699414986,-0.0568621033405624,0.012));
#5207=CARTESIAN_POINT('',(0.031939699414986,-0.0378621033405624,0.012));
#5208=CARTESIAN_POINT('',(0.0649396994149859,-0.0378621033405624,0.012));
#5209=CARTESIAN_POINT('',(-0.00106030058501409,-0.0378621033405624,0.012));
#5210=CARTESIAN_POINT('',(-0.00106030058501409,-0.0338621033405624,0.012));
#5211=CARTESIAN_POINT('',(0.031939699414986,-0.0538621033405624,0.012));
#5212=CARTESIAN_POINT('',(0.0849396994149859,-0.0538621033405624,0.012));
#5213=CARTESIAN_POINT('',(0.0849396994149859,-0.0568621033405624,0.012));
#5214=CARTESIAN_POINT('',(0.0849396994149859,0.0901378966594377,0.012));
#5215=CARTESIAN_POINT('',(0.031939699414986,0.0901378966594377,0.012));
#5216=CARTESIAN_POINT('',(0.0479396994149859,0.0901378966594377,0.012));
#5217=CARTESIAN_POINT('',(0.0479396994149859,-0.0568621033405624,0.012));
#5218=CARTESIAN_POINT('',(0.0479396994149859,0.0741378966594377,0.012));
#5219=CARTESIAN_POINT('',(0.0649396994149859,0.0741378966594377,0.012));
#5220=CARTESIAN_POINT('',(0.0649396994149859,0.0741378966594377,0.012));
#5221=CARTESIAN_POINT('',(0.0649396994149859,0.0701378966594377,0.012));
#5222=CARTESIAN_POINT('',(0.0689396994149859,0.0701378966594377,0.012));
#5223=CARTESIAN_POINT('',(0.0689396994149859,-0.0338621033405624,0.012));
#5224=CARTESIAN_POINT('',(0.0689396994149859,-0.0338621033405624,0.012));
#5225=CARTESIAN_POINT('',(0.0649396994149859,-0.0338621033405624,0.012));
#5226=CARTESIAN_POINT('',(-0.0680603005850141,-0.0568621033405624,0.012));
#5227=CARTESIAN_POINT('',(-0.0680603005850141,-0.0378621033405624,0.012));
#5228=CARTESIAN_POINT('',(-0.0910603005850141,-0.0378621033405624,0.012));
#5229=CARTESIAN_POINT('',(-0.0910603005850141,-0.0568621033405624,0.012));
#5230=CARTESIAN_POINT('',(-0.0910603005850141,0.0741378966594377,0.012));
#5231=CARTESIAN_POINT('',(0.00593969941498591,0.0741378966594377,0.012));
#5232=CARTESIAN_POINT('',(0.0059396994149859,0.0741378966594377,0.012));
#5233=CARTESIAN_POINT('',(0.0059396994149859,-0.0568621033405624,0.012));
#5234=CARTESIAN_POINT('',(0.0059396994149859,0.0901378966594377,0.012));
#5235=CARTESIAN_POINT('',(-0.0680603005850141,0.0901378966594377,0.012));
#5236=CARTESIAN_POINT('',(-0.107060300585014,0.0901378966594377,0.012));
#5237=CARTESIAN_POINT('',(-0.107060300585014,-0.0568621033405624,0.012));
#5238=CARTESIAN_POINT('',(-0.107060300585014,-0.0538621033405624,0.012));
#5239=CARTESIAN_POINT('',(-0.0680603005850141,-0.0538621033405624,0.012));
#5240=CARTESIAN_POINT('',(0.0239396994149859,0.0931378966594377,0.012));
#5241=CARTESIAN_POINT('',(0.0169396994149859,0.0931378966594377,0.012));
#5242=CARTESIAN_POINT('',(0.0169396994149859,0.0921378966594377,0.012));
#5243=CARTESIAN_POINT('',(0.0169396994149859,0.0741378966594377,0.012));
#5244=CARTESIAN_POINT('',(0.0309396994149859,0.0741378966594377,0.012));
#5245=CARTESIAN_POINT('',(0.0309396994149859,0.0741378966594377,0.012));
#5246=CARTESIAN_POINT('',(0.0309396994149859,0.0931378966594377,0.012));
#5247=CARTESIAN_POINT('',(0.0309396994149859,0.0921378966594377,0.012));
#5248=CARTESIAN_POINT('',(0.0239396994149859,0.0921378966594377,0.012));
#5249=CARTESIAN_POINT('',(-0.097060300585014,-0.0466022957194272,0.0117));
#5250=CARTESIAN_POINT('',(-0.0970603005850143,0.0833977042805728,0.0117));
#5251=CARTESIAN_POINT('',(0.0810062200844485,-0.0466109559244328,0.0116999992766496));
#5252=CARTESIAN_POINT('',(0.0810062200844485,0.0833890440755672,0.0116999992766496));
#5253=CARTESIAN_POINT('',(-0.0110603005850141,0.0181378966594376,0.009));
#5254=CARTESIAN_POINT('',(0.0449396994149859,0.0901378966594377,0.009));
#5255=CARTESIAN_POINT('',(0.0479396994149859,0.0931378966594377,0.009));
#5256=CARTESIAN_POINT('',(-0.0110603005850141,0.0931378966594377,0.009));
#5257=CARTESIAN_POINT('',(0.0879396994149859,0.0931378966594377,0.009));
#5258=CARTESIAN_POINT('',(0.0879396994149859,0.0181378966594376,0.009));
#5259=CARTESIAN_POINT('',(0.0879396994149859,-0.0568621033405624,0.009));
#5260=CARTESIAN_POINT('',(-0.0110603005850141,-0.0568621033405624,0.009));
#5261=CARTESIAN_POINT('',(0.0444396994149857,0.0736378966594378,0.009));
#5262=CARTESIAN_POINT('',(-0.0110603005850141,0.0181378966594376,0.009));
#5263=CARTESIAN_POINT('',(-0.0550603005850141,-0.0258621033405624,0.009));
#5264=CARTESIAN_POINT('',(-0.0110603005850141,-0.0568621033405624,0.009));
#5265=CARTESIAN_POINT('',(-0.110060300585014,-0.0568621033405624,0.009));
#5266=CARTESIAN_POINT('',(-0.110060300585014,0.0181378966594376,0.009));
#5267=CARTESIAN_POINT('',(-0.110060300585014,0.0931378966594377,0.009));
#5268=CARTESIAN_POINT('',(-0.0110603005850141,0.0931378966594377,0.009));
#5269=CARTESIAN_POINT('',(0.0059396994149859,0.0931378966594377,0.009));
#5270=CARTESIAN_POINT('',(0.0089396994149859,0.0901378966594377,0.009));
#5271=CARTESIAN_POINT('',(-0.0110603005850141,0.0181378966594376,0.009));
#5272=CARTESIAN_POINT('',(-0.00106030058501409,-0.0338621033405624,0.018));
#5273=CARTESIAN_POINT('',(-0.00106030058501409,-0.0338621033405624,0.013));
#5274=CARTESIAN_POINT('',(-0.00106030058501409,-0.0338621033405624,0.043));
#5275=CARTESIAN_POINT('',(0.0649396994149859,-0.0338621033405624,0.018));
#5276=CARTESIAN_POINT('',(0.0649396994149859,-0.0338621033405624,0.013));
#5277=CARTESIAN_POINT('',(0.0649396994149859,-0.0338621033405624,0.043));
#5278=CARTESIAN_POINT('',(-0.0110603005850141,-0.0338621033405624,0.043));
#5279=CARTESIAN_POINT('',(-0.00106030058501409,-0.0338621033405624,0.043));
#5280=CARTESIAN_POINT('',(0.0649396994149859,-0.0338621033405624,0.043));
#5281=CARTESIAN_POINT('',(-0.00106030058501409,-0.0338621033405624,0.043));
#5282=CARTESIAN_POINT('',(-0.00106030058501409,-0.0338621033405624,0.043));
#5283=CARTESIAN_POINT('',(0.0649396994149859,-0.0338621033405624,0.043));
#5284=CARTESIAN_POINT('',(0.0649396994149859,-0.0338621033405624,0.043));
#5285=CARTESIAN_POINT('',(-0.00106030058501409,0.0181378966594376,0.043));
#5286=CARTESIAN_POINT('',(-0.00106030058501409,0.00313789665943765,0.043));
#5287=CARTESIAN_POINT('',(0.0649396994149859,0.0701378966594377,0.018));
#5288=CARTESIAN_POINT('',(0.0649396994149859,0.0701378966594377,0.013));
#5289=CARTESIAN_POINT('',(0.0649396994149859,0.0701378966594377,0.043));
#5290=CARTESIAN_POINT('',(0.0649396994149859,0.0181378966594376,0.043));
#5291=CARTESIAN_POINT('',(0.0649396994149859,0.0701378966594377,0.043));
#5292=CARTESIAN_POINT('',(-0.0110603005850141,0.00313789665943765,0.043));
#5293=CARTESIAN_POINT('',(-0.00106030058501409,0.00313789665943765,0.043));
#5294=CARTESIAN_POINT('',(-0.00906030058501408,0.00313789665943765,0.043));
#5295=CARTESIAN_POINT('',(-0.00906030058501408,0.00313789665943765,0.018));
#5296=CARTESIAN_POINT('',(-0.0112963685625139,0.00113789665943765,0.018));
#5297=CARTESIAN_POINT('',(-0.0109876411022655,0.000792728865619604,0.018));
#5298=CARTESIAN_POINT('',(-0.010243953253452,0.000287996729618685,0.0176824199747082));
#5299=CARTESIAN_POINT('',(-0.00945699670671052,0.00013789665943765,0.0172290320577225));
#5300=CARTESIAN_POINT('',(-0.00906030058501408,0.00013789665943765,0.017));
#5301=CARTESIAN_POINT('',(-0.00906030058501408,0.00313789665943765,0.043));
#5302=CARTESIAN_POINT('',(0.0649396994149859,0.0701378966594377,0.043));
#5303=CARTESIAN_POINT('',(0.0649396994149859,0.0701378966594377,0.043));
#5304=CARTESIAN_POINT('',(-0.00906030058501408,0.00313789665943765,0.043));
#5305=CARTESIAN_POINT('',(-0.00906030058501408,0.00313789665943765,0.043));
#5306=CARTESIAN_POINT('',(0.0394396994149859,0.0701378966594377,0.043));
#5307=CARTESIAN_POINT('',(-0.00906030058501409,0.0701378966594377,0.043));
#5308=CARTESIAN_POINT('',(-0.00906030058501408,0.0181378966594376,0.043));
#5309=CARTESIAN_POINT('',(-0.00906030058501409,0.0701378966594377,0.043));
#5310=CARTESIAN_POINT('',(-0.00906030058501409,0.0701378966594377,0.043));
#5311=CARTESIAN_POINT('',(-0.00906030058501409,0.0701378966594377,0.043));
#5312=CARTESIAN_POINT('',(-0.00906030058501409,0.0701378966594377,0.046));
#5313=CARTESIAN_POINT('',(-0.0112963685625139,0.0721378966594377,0.018));
#5314=CARTESIAN_POINT('',(-0.0109876411022656,0.0724830644532558,0.018));
#5315=CARTESIAN_POINT('',(-0.0102439532534528,0.0729877965892567,0.0176824199747068));
#5316=CARTESIAN_POINT('',(-0.00945699670670895,0.0731378966594377,0.0172290320577252));
#5317=CARTESIAN_POINT('',(-0.00906030058501409,0.0731378966594377,0.017));
#5318=CARTESIAN_POINT('',(-0.0680603005850141,0.0901378966594377,0.009));
#5319=CARTESIAN_POINT('',(0.0059396994149859,0.0901378966594377,0.009));
#5320=CARTESIAN_POINT('',(-0.107060300585014,0.0901378966594377,0.009));
#5321=CARTESIAN_POINT('',(-0.0680603005850141,-0.0538621033405624,0.009));
#5322=CARTESIAN_POINT('',(-0.107060300585014,-0.0538621033405624,0.009));
#5323=CARTESIAN_POINT('',(-0.107060300585014,-0.0568621033405624,0.009));
#5324=CARTESIAN_POINT('',(0.031939699414986,-0.0538621033405624,0.009));
#5325=CARTESIAN_POINT('',(0.0849396994149859,-0.0538621033405624,0.009));
#5326=CARTESIAN_POINT('',(0.0849396994149859,-0.0568621033405624,0.009));
#5327=CARTESIAN_POINT('',(0.0849396994149859,0.0901378966594377,0.009));
#5328=CARTESIAN_POINT('',(0.031939699414986,0.0901378966594377,0.009));
#5329=CARTESIAN_POINT('',(0.0479396994149859,0.0901378966594377,0.009));
#5330=CARTESIAN_POINT('',(0.0479396994149859,-0.0568621033405624,0.012));
#5331=CARTESIAN_POINT('',(0.0489396994149859,0.0741378966594377,0.013));
#5332=CARTESIAN_POINT('',(0.0469396994149859,0.0901378966594377,0.011));
#5333=CARTESIAN_POINT('',(0.0469396994149859,0.0901378966594377,0.009));
#5334=CARTESIAN_POINT('',(0.0469396994149859,0.0711378966594377,0.013));
#5335=CARTESIAN_POINT('',(0.0394396994149859,0.0731378966594377,0.024));
#5336=CARTESIAN_POINT('',(0.0329396994149859,0.0711378966594377,0.022));
#5337=CARTESIAN_POINT('',(0.0309396994149859,0.0731378966594377,0.018));
#5338=CARTESIAN_POINT('',(0.0399396994149859,0.0641378966594376,0.003));
#5339=CARTESIAN_POINT('',(0.0306468061961724,0.0734307898782511,0.0122928932188135));
#5340=CARTESIAN_POINT('',(0.0299396994149859,0.0741378966594377,0.013));
#5341=CARTESIAN_POINT('',(0.0319396994149859,0.0481378966594377,0.011));
#5342=CARTESIAN_POINT('',(0.0169396994149859,0.0781378966594377,0.026));
#5343=CARTESIAN_POINT('',(0.0299396994149859,0.0741378966594377,0.013));
#5344=CARTESIAN_POINT('',(0.0239396994149859,0.0921378966594377,0.012));
#5345=CARTESIAN_POINT('',(0.0192730327483193,0.0898045633261043,0.0143333333333333));
#5346=CARTESIAN_POINT('',(0.0169396994149859,0.0931378966594377,0.012));
#5347=CARTESIAN_POINT('',(0.0189396994149859,0.0751378966594377,0.014));
#5348=CARTESIAN_POINT('',(0.0172325926337994,0.0734307898782511,0.0122928932188135));
#5349=CARTESIAN_POINT('',(0.0179396994149859,0.0741378966594377,0.013));
#5350=CARTESIAN_POINT('',(0.0169396994149859,0.0731378966594377,0.018));
#5351=CARTESIAN_POINT('',(0.0244396994149859,0.0806378966594376,0.0315));
#5352=CARTESIAN_POINT('',(0.0179396994149859,0.0741378966594377,0.013));
#5353=CARTESIAN_POINT('',(0.0394396994149859,0.0731378966594377,0.024));
#5354=CARTESIAN_POINT('',(0.00793969941498591,0.0711378966594377,0.022));
#5355=CARTESIAN_POINT('',(0.00593969941498591,0.0731378966594377,0.018));
#5356=CARTESIAN_POINT('',(0.0149396994149859,0.0641378966594376,0.003));
#5357=CARTESIAN_POINT('',(0.00564680619617245,0.0734307898782511,0.0122928932188134));
#5358=CARTESIAN_POINT('',(0.00493969941498591,0.0741378966594377,0.013));
#5359=CARTESIAN_POINT('',(0.00693969941498591,0.0481378966594377,0.011));
#5360=CARTESIAN_POINT('',(0.0059396994149859,0.0901378966594377,0.012));
#5361=CARTESIAN_POINT('',(0.00493969941498589,0.0741378966594377,0.013));
#5362=CARTESIAN_POINT('',(0.0069396994149859,0.0901378966594377,0.009));
#5363=CARTESIAN_POINT('',(-0.00506030058501409,-0.000862103340562349,0.018));
#5364=CARTESIAN_POINT('',(-0.00506030058501409,-0.000862103340562349,0.013));
#5365=CARTESIAN_POINT('',(-0.00506030058501409,-0.000862103340562349,0.043));
#5366=CARTESIAN_POINT('',(-0.0050603005850141,0.000137896659437647,0.043));
#5367=CARTESIAN_POINT('',(-0.00406030058501409,0.000137896659437647,0.043));
#5368=CARTESIAN_POINT('',(-0.0040603005850141,-0.000862103340562353,0.043));
#5369=CARTESIAN_POINT('',(-0.00506030058501228,0.000137896659437647,0.0433926990898788));
#5370=CARTESIAN_POINT('',(-0.00406030058503877,0.000137896659413522,0.0432617993441704));
#5371=CARTESIAN_POINT('',(-0.00406030058501409,-0.000862103340560537,0.0433926990898788));
#5372=CARTESIAN_POINT('',(-0.00485202555475387,0.000294102932133445,0.0441779141736011));
#5373=CARTESIAN_POINT('',(-0.0040383146941654,0.000159882550286097,0.0437704255703527));
#5374=CARTESIAN_POINT('',(-0.00390409431231829,-0.000653828310302128,0.0441779141736011));
#5375=CARTESIAN_POINT('',(-0.0039623719711985,0.00096134311979918,0.0451765535401496));
#5376=CARTESIAN_POINT('',(-0.00354959734785936,0.00064859989659244,0.0448758289224671));
#5377=CARTESIAN_POINT('',(-0.00323685412465259,0.000235825273253238,0.0451765535401496));
#5378=CARTESIAN_POINT('',(-0.00263085281901387,0.00195998248393783,0.0458437937271582));
#5379=CARTESIAN_POINT('',(-0.00246873678057337,0.00172946046387836,0.0457758402498459));
#5380=CARTESIAN_POINT('',(-0.0022382147605138,0.00156734442543788,0.0458437937271582));
#5381=CARTESIAN_POINT('',(-0.00158389936606647,0.00274519757364845,0.046));
#5382=CARTESIAN_POINT('',(-0.0015184495255936,0.00267974771885815,0.0459999999999953));
#5383=CARTESIAN_POINT('',(-0.00145299967080354,0.00261429787838527,0.046));
#5384=CARTESIAN_POINT('',(-0.00106030058501409,0.00313789665943766,0.046));
#5385=CARTESIAN_POINT('',(-0.00106030058501409,0.00313789665943766,0.046));
#5386=CARTESIAN_POINT('',(-0.00106030058501409,0.00313789665943766,0.046));
#5387=CARTESIAN_POINT('',(0.0394396994149859,0.0741378966594377,0.013));
#5388=CARTESIAN_POINT('',(0.0394396994149859,0.0741378966594377,0.013));
#5389=CARTESIAN_POINT('',(0.0649396994149859,0.0741378966594377,0.013));
#5390=CARTESIAN_POINT('',(0.0649396994149859,0.0701378966594377,0.013));
#5391=CARTESIAN_POINT('',(0.0689396994149859,0.0701378966594377,0.013));
#5392=CARTESIAN_POINT('',(0.0689396994149859,0.0181378966594376,0.013));
#5393=CARTESIAN_POINT('',(0.0689396994149859,-0.0338621033405624,0.013));
#5394=CARTESIAN_POINT('',(0.0649396994149859,-0.0338621033405624,0.013));
#5395=CARTESIAN_POINT('',(0.0649396994149859,-0.0378621033405624,0.013));
#5396=CARTESIAN_POINT('',(0.0319396994149859,-0.0378621033405624,0.013));
#5397=CARTESIAN_POINT('',(-0.00106030058501409,-0.0378621033405624,0.013));
#5398=CARTESIAN_POINT('',(-0.00106030058501409,-0.0338621033405624,0.013));
#5399=CARTESIAN_POINT('',(0.0394396994149859,0.0741378966594377,0.013));
#5400=CARTESIAN_POINT('',(-0.0910603005850141,0.0741378966594377,0.013));
#5401=CARTESIAN_POINT('',(-0.0910603005850141,0.0181378966594376,0.013));
#5402=CARTESIAN_POINT('',(-0.0910603005850141,-0.0378621033405624,0.013));
#5403=CARTESIAN_POINT('',(0.0319396994149859,-0.0378621033405624,0.013));
#5404=CARTESIAN_POINT('',(-0.0110603005850141,0.00113789665943765,0.017));
#5405=CARTESIAN_POINT('',(-0.0470603005850141,0.00113789665943765,0.017));
#5406=CARTESIAN_POINT('',(-0.0470603005850141,-0.0193621033405623,0.017));
#5407=CARTESIAN_POINT('',(-0.0470603005850141,-0.0358621033405624,0.017));
#5408=CARTESIAN_POINT('',(-0.0110603005850141,-0.0358621033405624,0.017));
#5409=CARTESIAN_POINT('',(-0.0890603005850141,-0.0358621033405624,0.017));
#5410=CARTESIAN_POINT('',(-0.0890603005850141,0.0282624670875389,0.017));
#5411=CARTESIAN_POINT('',(-0.0890603005850141,0.0721378966594377,0.017));
#5412=CARTESIAN_POINT('',(0.0394396994149859,0.0721378966594377,0.017));
#5413=CARTESIAN_POINT('',(-0.0110603005850141,0.0711378966594377,0.017));
#5414=CARTESIAN_POINT('',(-0.0410603005850141,0.0711378966594377,0.017));
#5415=CARTESIAN_POINT('',(-0.0880603005850141,0.0711378966594377,0.017));
#5416=CARTESIAN_POINT('',(-0.0880603005850141,0.0471378966594377,0.017));
#5417=CARTESIAN_POINT('',(-0.0880603005850141,0.0231378966594376,0.017));
#5418=CARTESIAN_POINT('',(-0.0410603005850141,0.0282624670875389,0.017));
#5419=CARTESIAN_POINT('',(-0.0410603005850141,0.0231378966594376,0.017));
#5420=CARTESIAN_POINT('',(-0.0645603005850141,0.0231378966594376,0.017));
#5421=CARTESIAN_POINT('',(0.0209396994149859,-0.0158621033405623,0.011));
#5422=CARTESIAN_POINT('',(0.00427303274831924,-0.0241954366738957,0.00266666666666667));
#5423=CARTESIAN_POINT('',(-0.00306030058501409,-0.0128621033405623,0.01));
#5424=CARTESIAN_POINT('',(-0.0250603005850141,0.00313789665943765,0.011));
#5425=CARTESIAN_POINT('',(-0.0110603005850141,0.0101378966594376,0.018));
#5426=CARTESIAN_POINT('',(-0.00306030058501409,-0.0128621033405623,0.01));
#5427=CARTESIAN_POINT('',(-0.00439363391834743,-0.0101954366738957,0.0113333333333333));
#5428=CARTESIAN_POINT('',(0.0209396994149859,-0.00886210334056235,0.01));
#5429=CARTESIAN_POINT('',(-0.0480603005850141,-0.0153621033405624,0.012));
#5430=CARTESIAN_POINT('',(-0.0422269672516807,-0.00369543667389568,0.00616666666666667));
#5431=CARTESIAN_POINT('',(-0.0710603005850141,0.00213789665943765,0.012));
#5432=CARTESIAN_POINT('',(-0.0550603005850141,-0.00586210334056236,0.004));
#5433=CARTESIAN_POINT('',(-0.0460603005850141,-0.0193621033405623,0.013));
#5434=CARTESIAN_POINT('',(-0.0450603005850141,-0.0358621033405624,0.014));
#5435=CARTESIAN_POINT('',(-0.0470603005850141,-0.0338621033405624,0.018));
#5436=CARTESIAN_POINT('',(-0.0250603005850141,0.00313789665943765,0.013));
#5437=CARTESIAN_POINT('',(-0.0363936339183474,-0.00252877000722902,0.00733333333333333));
#5438=CARTESIAN_POINT('',(-0.0420603005850141,0.0251378966594377,0.013));
#5439=CARTESIAN_POINT('',(-0.0337269672516807,0.00847122999277097,0.00466666666666667));
#5440=CARTESIAN_POINT('',(-0.0250603005850141,0.00013789665943765,0.013));
#5441=CARTESIAN_POINT('',(-0.00506030058501409,0.000137896659437651,0.013));
#5442=CARTESIAN_POINT('',(-0.00506030058501409,-0.000862103340562349,0.012));
#5443=MECHANICAL_DESIGN_GEOMETRIC_PRESENTATION_REPRESENTATION('',(#2340),
#5444);
#5444=(
GEOMETRIC_REPRESENTATION_CONTEXT(3)
GLOBAL_UNCERTAINTY_ASSIGNED_CONTEXT((#5445))
GLOBAL_UNIT_ASSIGNED_CONTEXT((#5448,#5447,#5446))
REPRESENTATION_CONTEXT('Part 2','TOP_LEVEL_ASSEMBLY_PART')
);
#5445=UNCERTAINTY_MEASURE_WITH_UNIT(LENGTH_MEASURE(2.E-5),#5448,
'DISTANCE_ACCURACY_VALUE','Maximum Tolerance applied to model');
#5446=(
NAMED_UNIT(*)
SI_UNIT($,.STERADIAN.)
SOLID_ANGLE_UNIT()
);
#5447=(
NAMED_UNIT(*)
PLANE_ANGLE_UNIT()
SI_UNIT($,.RADIAN.)
);
#5448=(
LENGTH_UNIT()
NAMED_UNIT(*)
SI_UNIT($,.METRE.)
);
#5449=PRODUCT_DEFINITION_SHAPE('','',#5450);
#5450=PRODUCT_DEFINITION('','',#5452,#5451);
#5451=PRODUCT_DEFINITION_CONTEXT('',#5458,'design');
#5452=PRODUCT_DEFINITION_FORMATION_WITH_SPECIFIED_SOURCE('','',#5454,
 .NOT_KNOWN.);
#5453=PRODUCT_RELATED_PRODUCT_CATEGORY('','',(#5454));
#5454=PRODUCT('Part 2','Part 2','Part 2',(#5456));
#5455=PRODUCT_CATEGORY('','');
#5456=PRODUCT_CONTEXT('',#5458,'mechanical');
#5457=APPLICATION_PROTOCOL_DEFINITION('international standard',
'ap242_managed_model_based_3d_engineering',2020,#5458);
#5458=APPLICATION_CONTEXT('managed model based 3d engineering');
ENDSEC;
END-ISO-10303-21;
